frame	y	r0	r1	r5	scanline
6750	00	FC	E2	0A	-1
6750	01	FC	0A	0A	-1
6751	00	FC	E2	0A	-1
6751	01	FC	0A	0A	-1
6752	00	FC	E2	0A	-1
6752	01	FC	0A	0A	-1
6753	00	FC	E2	0A	-1
6753	01	FC	0A	0A	-1
6754	00	FC	E2	0A	-1
6754	01	FC	0A	0A	-1
6755	00	FC	E2	0A	-1
6755	01	FC	0A	0A	-1
6756	00	FC	E2	0A	-1
6756	01	FC	0A	0A	-1
6757	00	FC	E2	0A	-1
6757	01	FC	0A	0A	-1
6758	00	FC	E2	0A	-1
6758	01	FC	0A	0A	-1
6759	00	FC	E2	0A	-1
6759	01	FC	0A	0A	-1
6760	00	FC	E2	0A	-1
6760	01	FC	0A	0A	-1
6761	00	FC	E2	0A	-1
6761	01	FC	0A	0A	-1
6762	00	FC	E2	0A	-1
6762	01	FC	0A	0A	-1
6763	00	FC	E2	0A	-1
6763	01	FC	0A	0A	-1
6764	00	FC	E2	0A	-1
6764	01	FC	0A	0A	-1
6765	00	FC	E2	0A	-1
6765	01	FC	0A	0A	-1
6766	00	FC	E2	0A	-1
6766	01	FC	0A	0A	-1
6767	00	FC	E2	0A	-1
6767	01	FC	0A	0A	-1
6768	00	FC	E2	0A	-1
6768	01	FC	0A	0A	-1
6769	00	FC	E2	0A	-1
6769	01	FC	0A	0A	-1
6770	00	FC	E2	0A	-1
6770	01	FC	0A	0A	-1
6771	00	FC	E2	0A	-1
6771	01	FC	0A	0A	-1
6772	00	FC	E2	0A	-1
6772	01	FC	0A	0A	-1
6773	00	FC	E2	0A	-1
6773	01	FC	0A	0A	-1
6774	00	FC	E2	0A	-1
6774	01	FC	0A	0A	-1
6775	00	FC	E2	0A	-1
6775	01	FC	0A	0A	-1
6776	00	FC	E2	0A	-1
6776	01	FC	0A	0A	-1
6777	00	FC	E2	0A	-1
6777	01	FC	0A	0A	-1
6778	00	FC	E2	0A	-1
6778	01	FC	0A	0A	-1
6779	00	FC	E2	0A	-1
6779	01	FC	0A	0A	-1
6780	00	FC	E2	0A	-1
6780	01	FC	0A	0A	-1
6781	00	FC	E2	0A	-1
6781	01	FC	0A	0A	-1
6782	00	FC	E2	0A	-1
6782	01	FC	0A	0A	-1
6783	00	FC	E2	0A	-1
6783	01	FC	0A	0A	-1
6784	00	FC	E2	0A	-1
6784	01	FC	0A	0A	-1
6785	00	FC	E2	0A	-1
6785	01	FC	0A	0A	-1
6786	00	FC	E2	0A	-1
6786	01	FC	0A	0A	-1
6787	00	FC	E2	0A	-1
6787	01	FC	0A	0A	-1
6788	00	FC	E2	0A	-1
6788	01	FC	0A	0A	-1
6789	00	FC	E2	0A	-1
6789	01	FC	0A	0A	-1
6790	00	FC	E2	0A	-1
6790	01	FC	0A	0A	-1
6791	00	FC	E2	0A	-1
6791	01	FC	0A	0A	-1
6792	00	FC	E2	0A	-1
6792	01	FC	0A	0A	-1
6793	00	FC	E2	0A	-1
6793	01	FC	0A	0A	-1
6794	00	FC	E2	0A	-1
6794	01	FC	0A	0A	-1
6795	00	FC	E2	0A	-1
6795	01	FC	0A	0A	-1
6796	00	FC	E2	0A	-1
6796	01	FC	0A	0A	-1
6797	00	FC	E2	0A	-1
6797	01	FC	0A	0A	-1
6798	00	FC	E2	0A	-1
6798	01	FC	0A	0A	-1
6799	00	FC	E2	0A	-1
6799	01	FC	0A	0A	-1
6800	00	FC	E2	0A	-1
6800	01	FC	0A	0A	-1
6801	00	FC	E2	0A	-1
6801	01	FC	0A	0A	-1
6802	00	FC	E2	0A	-1
6802	01	FC	0A	0A	-1
6803	00	FC	E2	0A	-1
6803	01	FC	0A	0A	-1
6804	00	FC	E2	0A	-1
6804	01	FC	0A	0A	-1
6805	00	FC	E2	0A	-1
6805	01	FC	0A	0A	-1
6806	00	FC	E2	0A	-1
6806	01	FC	0A	0A	-1
6807	00	FC	E2	0A	-1
6807	01	FC	0A	0A	-1
6808	00	FC	E2	0A	-1
6808	01	FC	0A	0A	-1
6809	00	FC	E2	0A	-1
6809	01	FC	0A	0A	-1
6810	00	FC	E2	0A	-1
6810	01	FC	0A	0A	-1
6811	00	FC	E2	0A	-1
6811	01	FC	0A	0A	-1
6812	00	FC	E2	0A	-1
6812	01	FC	0A	0A	-1
6813	00	FC	E2	0A	-1
6813	01	FC	0A	0A	-1
6814	00	FC	E2	0A	-1
6814	01	FC	0A	0A	-1
6815	00	FC	E2	0A	-1
6815	01	FC	0A	0A	-1
6816	00	FC	E2	0A	-1
6816	01	FC	0A	0A	-1
6817	00	FC	E2	0A	-1
6817	01	FC	0A	0A	-1
6818	00	FC	E2	0A	-1
6818	01	FC	0A	0A	-1
6819	00	FC	E2	0A	-1
6819	01	FC	0A	0A	-1
6820	00	FC	E2	0A	-1
6820	01	FC	0A	0A	-1
6821	00	FC	E2	0A	-1
6821	01	FC	0A	0A	-1
6822	00	FC	E2	0A	-1
6822	01	FC	0A	0A	-1
6823	00	FC	E2	0A	-1
6823	01	FC	0A	0A	-1
6824	00	FC	E2	0A	-1
6824	01	FC	0A	0A	-1
6825	00	FC	E2	0A	-1
6825	01	FC	0A	0A	-1
6826	00	FC	E2	0A	-1
6826	01	FC	0A	0A	-1
6827	00	FC	E2	0A	-1
6827	01	FC	0A	0A	-1
6828	00	FC	E2	0A	-1
6828	01	FC	0A	0A	-1
6829	00	FC	E2	0A	-1
6829	01	FC	0A	0A	-1
6830	00	FC	E2	0A	-1
6830	01	FC	0A	0A	-1
6831	00	FC	E2	0A	-1
6831	01	FC	0A	0A	-1
6832	00	FC	E2	0A	-1
6832	01	FC	0A	0A	-1
6833	00	FC	E2	0A	-1
6833	01	FC	0A	0A	-1
6834	00	FC	E2	0A	-1
6834	01	FC	0A	0A	-1
6835	00	FC	E2	0A	-1
6835	01	FC	0A	0A	-1
6836	00	FC	E2	0A	-1
6836	01	FC	0A	0A	-1
6837	00	FC	E2	0A	-1
6837	01	FC	0A	0A	-1
6838	00	FC	E2	0A	-1
6838	01	FC	0A	0A	-1
6839	00	FC	E2	0A	-1
6839	01	FC	0A	0A	-1
6840	00	FC	E2	0A	-1
6840	01	FC	0A	0A	-1
6841	00	FC	E2	0A	-1
6841	01	FC	0A	0A	-1
6842	00	FC	E2	0A	-1
6842	01	FC	0A	0A	-1
6843	00	FC	E2	0A	-1
6843	01	FC	0A	0A	-1
6844	00	FC	E2	0A	-1
6844	01	FC	0A	0A	-1
6845	00	FC	E2	0A	-1
6845	01	FC	0A	0A	-1
6846	00	FC	E2	0A	-1
6846	01	FC	0A	0A	-1
6847	00	FC	E2	0A	-1
6847	01	FC	0A	0A	-1
6848	00	FC	E2	0A	-1
6848	01	FC	0A	0A	-1
6849	00	FC	E2	0A	-1
6849	01	FC	0A	0A	-1
6850	00	FC	E2	0A	-1
6850	01	FC	0A	0A	-1
6851	00	FC	E2	0A	-1
6851	01	FC	0A	0A	-1
6852	00	FC	E2	0A	-1
6852	01	FC	0A	0A	-1
6853	00	FC	E2	0A	-1
6853	01	FC	0A	0A	-1
6854	00	FC	E2	0A	-1
6854	01	FC	0A	0A	-1
6855	00	FC	E2	0A	-1
6855	01	FC	0A	0A	-1
6856	00	FC	E2	0A	-1
6856	01	FC	0A	0A	-1
6857	00	FC	E2	0A	-1
6857	01	FC	0A	0A	-1
6858	00	FC	E2	0A	-1
6858	01	FC	0A	0A	-1
6859	00	FC	14	14	-1
6859	01	FC	14	14	-1
6860	00	FC	14	14	-1
6860	01	FC	14	14	-1
6861	00	FC	14	14	-1
6861	01	FC	14	14	-1
6862	00	FC	14	14	-1
6862	01	FC	14	14	-1
6863	00	FC	14	14	-1
6863	01	FC	14	14	-1
6864	00	FC	14	14	-1
6864	01	FC	14	14	-1
6865	00	FC	14	14	-1
6865	01	FC	14	14	-1
6866	00	FC	14	14	-1
6866	01	FC	14	14	-1
6867	00	FC	14	14	-1
6867	01	FC	14	14	-1
6868	00	FC	14	14	-1
6868	01	FC	14	14	-1
6869	00	FC	14	14	-1
6869	01	FC	14	14	-1
6870	00	FC	14	14	-1
6870	01	FC	14	14	-1
6871	00	FC	14	14	-1
6871	01	FC	14	14	-1
6872	00	FC	14	14	-1
6872	01	FC	14	14	-1
6873	00	FC	14	14	-1
6873	01	FC	14	14	-1
6874	00	FC	14	14	-1
6874	01	FC	14	14	-1
6875	00	FC	14	14	-1
6875	01	FC	14	14	-1
6876	00	FC	14	14	-1
6876	01	FC	14	14	-1
6877	00	FC	14	14	-1
6877	01	FC	14	14	-1
6878	00	FC	14	14	-1
6878	01	FC	14	14	-1
6879	00	FC	14	14	-1
6879	01	FC	14	14	-1
6880	00	FC	14	14	-1
6880	01	FC	14	14	-1
6881	00	FC	14	14	-1
6881	01	FC	14	14	-1
6882	00	FC	14	14	-1
6882	01	FC	14	14	-1
6883	00	FC	14	14	-1
6883	01	FC	14	14	-1
6884	00	FC	14	14	-1
6884	01	FC	14	14	-1
6885	00	FC	14	14	-1
6885	01	FC	14	14	-1
6886	00	FC	14	14	-1
6886	01	FC	14	14	-1
6887	00	FC	14	14	-1
6887	01	FC	14	14	-1
6888	00	FC	14	14	-1
6888	01	FC	14	14	-1
6889	00	FC	14	14	-1
6889	01	FC	14	14	-1
6890	00	FC	14	14	-1
6890	01	FC	14	14	-1
6891	00	FC	14	14	-1
6891	01	FC	14	14	-1
6892	00	FC	14	14	-1
6892	01	FC	14	14	-1
6893	00	FC	14	14	-1
6893	01	FC	14	14	-1
6894	00	FC	14	14	-1
6894	01	FC	14	14	-1
6895	00	FC	14	14	-1
6895	01	FC	14	14	-1
6896	00	FC	14	14	-1
6896	01	FC	14	14	-1
6897	00	FC	14	14	-1
6897	01	FC	14	14	-1
6898	00	FC	14	14	-1
6898	01	FC	14	14	-1
6899	00	FC	14	14	-1
6899	01	FC	14	14	-1
6900	00	FC	14	14	-1
6900	01	FC	14	14	-1
6901	00	FC	14	14	-1
6901	01	FC	14	14	-1
6902	00	FC	14	14	-1
6902	01	FC	14	14	-1
6903	00	FC	14	14	-1
6903	01	FC	14	14	-1
6904	00	FC	14	14	-1
6904	01	FC	14	14	-1
6905	00	FC	14	14	-1
6905	01	FC	14	14	-1
6906	00	FC	14	14	-1
6906	01	FC	14	14	-1
6907	00	FC	14	14	-1
6907	01	FC	14	14	-1
6908	00	FC	14	14	-1
6908	01	FC	14	14	-1
6909	00	FC	14	14	-1
6909	01	FC	14	14	-1
6910	00	FC	14	14	-1
6910	01	FC	14	14	-1
6911	00	FC	14	14	-1
6911	01	FC	14	14	-1
6912	00	FC	14	14	-1
6912	01	FC	14	14	-1
6913	00	FC	14	14	-1
6913	01	FC	14	14	-1
6914	00	FC	14	14	-1
6914	01	FC	14	14	-1
6915	00	FC	14	14	-1
6915	01	FC	14	14	-1
6916	00	FC	14	14	-1
6916	01	FC	14	14	-1
6917	00	FC	14	14	-1
6917	01	FC	14	14	-1
6918	00	FC	14	14	-1
6918	01	FC	14	14	-1
6919	00	FC	14	14	-1
6919	01	FC	14	14	-1
6920	00	FC	14	14	-1
6920	01	FC	14	14	-1
6921	00	FC	14	14	-1
6921	01	FC	14	14	-1
6922	00	FC	14	14	-1
6922	01	FC	14	14	-1
6923	00	FC	14	14	-1
6923	01	FC	14	14	-1
6924	00	FC	14	14	-1
6924	01	FC	14	14	-1
6925	00	FC	14	14	-1
6925	01	FC	14	14	-1
6926	00	FC	14	14	-1
6926	01	FC	14	14	-1
6927	00	FC	14	14	-1
6927	01	FC	14	14	-1
6928	00	FC	14	14	-1
6928	01	FC	14	14	-1
6929	00	FC	14	14	-1
6929	01	FC	14	14	-1
6930	00	FC	14	14	-1
6930	01	FC	14	14	-1
6931	00	FC	14	14	-1
6931	01	FC	14	14	-1
6932	00	FC	14	14	-1
6932	01	FC	14	14	-1
6933	00	FC	14	14	-1
6933	01	FC	14	14	-1
6934	00	FC	14	14	-1
6934	01	FC	14	14	-1
6935	00	FC	14	14	-1
6935	01	FC	14	14	-1
6936	00	FC	14	14	-1
6936	01	FC	14	14	-1
6937	00	FC	14	14	-1
6937	01	FC	14	14	-1
6938	00	FC	14	14	-1
6938	01	FC	14	14	-1
6939	00	FC	14	14	-1
6939	01	FC	14	14	-1
6940	00	FC	14	14	-1
6940	01	FC	14	14	-1
6941	00	FC	14	14	-1
6941	01	FC	14	14	-1
6942	00	FC	14	14	-1
6942	01	FC	14	14	-1
6943	00	FC	14	14	-1
6943	01	FC	14	14	-1
6944	00	FC	14	14	-1
6944	01	FC	14	14	-1
6945	00	FC	14	14	-1
6945	01	FC	14	14	-1
6946	00	FC	14	14	-1
6946	01	FC	14	14	-1
6947	00	FC	14	14	-1
6947	01	FC	14	14	-1
6948	00	FC	14	14	-1
6948	01	FC	14	14	-1
6949	00	FC	14	14	-1
6949	01	FC	14	14	-1
6950	00	FC	14	14	-1
6950	01	FC	14	14	-1
6951	00	FC	14	14	-1
6951	01	FC	14	14	-1
6952	00	FC	14	14	-1
6952	01	FC	14	14	-1
6953	00	FC	14	14	-1
6953	01	FC	14	14	-1
6954	00	FC	14	14	-1
6954	01	FC	14	14	-1
6955	00	FC	14	14	-1
6955	01	FC	14	14	-1
6956	00	FC	14	14	-1
6956	01	FC	14	14	-1
6957	00	FC	14	14	-1
6957	01	FC	14	14	-1
6958	00	FC	14	14	-1
6958	01	FC	14	14	-1
6959	00	FC	14	14	-1
6959	01	FC	14	14	-1
6960	00	FC	14	14	-1
6960	01	FC	14	14	-1
6961	00	FC	14	14	-1
6961	01	FC	14	14	-1
6962	00	FC	14	14	-1
6962	01	FC	14	14	-1
6963	00	FC	14	14	-1
6963	01	FC	14	14	-1
6964	00	FC	14	14	-1
6964	01	FC	14	14	-1
6965	00	FC	14	14	-1
6965	01	FC	14	14	-1
6966	00	FC	14	14	-1
6966	01	FC	14	14	-1
6967	00	FC	14	14	-1
6967	01	FC	14	14	-1
6968	00	FC	14	14	-1
6968	01	FC	14	14	-1
6969	00	FC	14	14	-1
6969	01	FC	14	14	-1
6970	00	FC	14	14	-1
6970	01	FC	14	14	-1
6971	00	FC	14	14	-1
6971	01	FC	14	14	-1
6972	00	FC	14	14	-1
6972	01	FC	14	14	-1
6973	00	FC	14	14	-1
6973	01	FC	14	14	-1
6974	00	FC	14	14	-1
6974	01	FC	14	14	-1
6975	00	FC	14	14	-1
6975	01	FC	14	14	-1
6976	00	FC	14	14	-1
6976	01	FC	14	14	-1
6977	00	FC	14	14	-1
6977	01	FC	14	14	-1
6978	00	FC	14	14	-1
6978	01	FC	14	14	-1
6979	00	FC	14	14	-1
6979	01	FC	14	14	-1
6980	00	FC	14	14	-1
6980	01	FC	14	14	-1
6981	00	FC	14	14	-1
6981	01	FC	14	14	-1
6982	00	FC	14	14	-1
6982	01	FC	14	14	-1
6983	00	FC	14	14	-1
6983	01	FC	14	14	-1
6984	00	FC	14	14	-1
6984	01	FC	14	14	-1
6985	00	FC	14	14	-1
6985	01	FC	14	14	-1
6986	00	FC	14	14	-1
6986	01	FC	14	14	-1
6987	00	FC	14	14	-1
6987	01	FC	14	14	-1
6988	00	FC	14	14	-1
6988	01	FC	14	14	-1
6989	00	FC	14	14	-1
6989	01	FC	14	14	-1
6990	00	FC	14	14	-1
6990	01	FC	14	14	-1
6991	00	FC	14	14	-1
6991	01	FC	14	14	-1
6992	00	FC	14	14	-1
6992	01	FC	14	14	-1
6993	00	FC	14	14	-1
6993	01	FC	14	14	-1
6994	00	FC	14	14	-1
6994	01	FC	14	14	-1
6995	00	FC	14	14	-1
6995	01	FC	14	14	-1
6996	00	FC	14	14	-1
6996	01	FC	14	14	-1
6997	00	FC	14	14	-1
6997	01	FC	14	14	-1
6998	00	FC	14	14	-1
6998	01	FC	14	14	-1
6999	00	FC	14	14	-1
6999	01	FC	14	14	-1
7000	00	FC	14	14	-1
7000	01	FC	14	14	-1
7001	00	FC	14	14	-1
7001	01	FC	14	14	-1
7002	00	FC	14	14	-1
7002	01	FC	14	14	-1
7003	00	FC	14	14	-1
7003	01	FC	14	14	-1
7004	00	FC	14	14	-1
7004	01	FC	14	14	-1
7005	00	FC	14	14	-1
7005	01	FC	14	14	-1
7006	00	FC	14	14	-1
7006	01	FC	14	14	-1
7007	00	FC	14	14	-1
7007	01	FC	14	14	-1
7008	00	FC	14	14	-1
7008	01	FC	14	14	-1
7009	00	FC	14	14	-1
7009	01	FC	14	14	-1
7010	00	FC	14	14	-1
7010	01	FC	14	14	-1
7011	00	FC	14	14	-1
7011	01	FC	14	14	-1
7012	00	FC	14	14	-1
7012	01	FC	14	14	-1
7013	00	FC	14	14	-1
7013	01	FC	14	14	-1
7014	00	FC	14	14	-1
7014	01	FC	14	14	-1
7015	00	FC	14	14	-1
7015	01	FC	14	14	-1
7016	00	FC	14	14	-1
7016	01	FC	14	14	-1
7017	00	FC	14	14	-1
7017	01	FC	14	14	-1
7018	00	FC	14	14	-1
7018	01	FC	14	14	-1
7019	00	FC	14	14	-1
7019	01	FC	14	14	-1
7020	00	FC	14	14	-1
7020	01	FC	14	14	-1
7021	00	FC	14	14	-1
7021	01	FC	14	14	-1
7022	00	FC	14	14	-1
7022	01	FC	14	14	-1
7023	00	FC	14	14	-1
7023	01	FC	14	14	-1
7024	00	FC	14	14	-1
7024	01	FC	14	14	-1
7025	00	FC	14	14	-1
7025	01	FC	14	14	-1
7026	00	FC	14	14	-1
7026	01	FC	14	14	-1
7027	00	FC	14	14	-1
7027	01	FC	14	14	-1
7028	00	FC	14	14	-1
7028	01	FC	14	14	-1
7029	00	FC	14	14	-1
7029	01	FC	14	14	-1
7030	00	FC	14	14	-1
7030	01	FC	14	14	-1
7031	00	FC	14	14	-1
7031	01	FC	14	14	-1
7032	00	FC	14	14	-1
7032	01	FC	14	14	-1
7033	00	FC	14	14	-1
7033	01	FC	14	14	-1
7034	00	FC	14	14	-1
7034	01	FC	14	14	-1
7035	00	FC	14	14	-1
7035	01	FC	14	14	-1
7036	00	FC	14	14	-1
7036	01	FC	14	14	-1
7037	00	FC	14	14	-1
7037	01	FC	14	14	-1
7038	00	FC	14	14	-1
7038	01	FC	14	14	-1
7039	00	FC	14	14	-1
7039	01	FC	14	14	-1
7040	00	FC	14	14	-1
7040	01	FC	14	14	-1
7041	00	FC	14	14	-1
7041	01	FC	14	14	-1
7042	00	FC	14	14	-1
7042	01	FC	14	14	-1
7043	00	FC	14	14	-1
7043	01	FC	14	14	-1
7044	00	FC	14	14	-1
7044	01	FC	14	14	-1
7045	00	FC	14	14	-1
7045	01	FC	14	14	-1
7046	00	FC	14	14	-1
7046	01	FC	14	14	-1
7047	00	FC	14	14	-1
7047	01	FC	14	14	-1
7048	00	FC	14	14	-1
7048	01	FC	14	14	-1
7049	00	FC	14	14	-1
7049	01	FC	14	14	-1
7050	00	FC	14	14	-1
7050	01	FC	14	14	-1
7051	00	FC	14	14	-1
7051	01	FC	14	14	-1
7052	00	FC	14	14	-1
7052	01	FC	14	14	-1
7053	00	FC	14	14	-1
7053	01	FC	14	14	-1
7054	00	FC	14	14	-1
7054	01	FC	14	14	-1
7055	00	FC	14	14	-1
7055	01	FC	14	14	-1
7056	00	FC	14	14	-1
7056	01	FC	14	14	-1
7057	00	FC	14	14	-1
7057	01	FC	14	14	-1
7058	00	FC	14	14	-1
7058	01	FC	14	14	-1
7059	00	FC	14	14	-1
7059	01	FC	14	14	-1
7060	00	FC	14	14	-1
7060	01	FC	14	14	-1
7061	00	FC	14	14	-1
7061	01	FC	14	14	-1
7062	00	FC	14	14	-1
7062	01	FC	14	14	-1
7063	00	FC	14	14	-1
7063	01	FC	14	14	-1
7064	00	FC	14	14	-1
7064	01	FC	14	14	-1
7065	00	FC	14	14	-1
7065	01	FC	14	14	-1
7066	00	FC	14	14	-1
7066	01	FC	14	14	-1
7067	00	FC	14	14	-1
7067	01	FC	14	14	-1
7068	00	FC	14	14	-1
7068	01	FC	14	14	-1
7069	00	FC	14	14	-1
7069	01	FC	14	14	-1
7070	00	FC	14	14	-1
7070	01	FC	14	14	-1
7071	00	FC	14	14	-1
7071	01	FC	14	14	-1
7072	00	FC	14	14	-1
7072	01	FC	14	14	-1
7073	00	FC	14	14	-1
7073	01	FC	14	14	-1
7074	00	FC	14	14	-1
7074	01	FC	14	14	-1
7075	00	FC	14	14	-1
7075	01	FC	14	14	-1
7076	00	FC	14	14	-1
7076	01	FC	14	14	-1
7077	00	FC	14	14	-1
7077	01	FC	14	14	-1
7078	00	FC	14	14	-1
7078	01	FC	14	14	-1
7079	00	FC	14	14	-1
7079	01	FC	14	14	-1
7080	00	FC	14	14	-1
7080	01	FC	14	14	-1
7081	00	FC	14	14	-1
7081	01	FC	14	14	-1
7082	00	FC	14	14	-1
7082	01	FC	14	14	-1
7083	00	FC	14	14	-1
7083	01	FC	14	14	-1
7084	00	FC	14	14	-1
7084	01	FC	14	14	-1
7085	00	FC	14	14	-1
7085	01	FC	14	14	-1
7086	00	FC	14	14	-1
7086	01	FC	14	14	-1
7087	00	FC	14	14	-1
7087	01	FC	14	14	-1
7088	00	FC	14	14	-1
7088	01	FC	14	14	-1
7089	00	FC	14	14	-1
7089	01	FC	14	14	-1
7090	00	FC	14	14	-1
7090	01	FC	14	14	-1
7091	00	FC	14	14	-1
7091	01	FC	14	14	-1
7092	00	FC	14	14	-1
7092	01	FC	14	14	-1
7093	00	FC	14	14	-1
7093	01	FC	14	14	-1
7094	00	FC	14	14	-1
7094	01	FC	14	14	-1
7095	00	FC	14	14	-1
7095	01	FC	14	14	-1
7096	00	FC	14	14	-1
7096	01	FC	14	14	-1
7097	00	FC	14	14	-1
7097	01	FC	14	14	-1
7098	00	FC	14	14	-1
7098	01	FC	14	14	-1
7099	00	FC	14	14	-1
7099	01	FC	14	14	-1
7100	00	FC	14	14	-1
7100	01	FC	14	14	-1
7101	00	FC	14	14	-1
7101	01	FC	14	14	-1
7102	00	FC	14	14	-1
7102	01	FC	14	14	-1
7103	00	FC	14	14	-1
7103	01	FC	14	14	-1
7104	00	FC	14	14	-1
7104	01	FC	14	14	-1
7105	00	FC	14	14	-1
7105	01	FC	14	14	-1
7106	00	FC	14	14	-1
7106	01	FC	14	14	-1
7107	00	FC	14	14	-1
7107	01	FC	14	14	-1
7108	00	FC	14	14	-1
7108	01	FC	14	14	-1
7109	00	FC	14	14	-1
7109	01	FC	14	14	-1
7110	00	FC	14	14	-1
7110	01	FC	14	14	-1
7111	00	FC	14	14	-1
7111	01	FC	14	14	-1
7112	00	FC	14	14	-1
7112	01	FC	14	14	-1
7113	00	FC	14	14	-1
7113	01	FC	14	14	-1
7114	00	FC	14	14	-1
7114	01	FC	14	14	-1
7115	00	FC	14	14	-1
7115	01	FC	14	14	-1
7116	00	FC	14	14	-1
7116	01	FC	14	14	-1
7117	00	FC	14	14	-1
7117	01	FC	14	14	-1
7118	00	FC	14	14	-1
7118	01	FC	14	14	-1
7119	00	FC	14	14	-1
7119	01	FC	14	14	-1
7120	00	FC	14	14	-1
7120	01	FC	14	14	-1
7121	00	FC	14	14	-1
7121	01	FC	14	14	-1
7122	00	FC	14	14	-1
7122	01	FC	14	14	-1
7123	00	FC	14	14	-1
7123	01	FC	14	14	-1
7124	00	FC	14	14	-1
7124	01	FC	14	14	-1
7125	00	FC	14	14	-1
7125	01	FC	14	14	-1
7126	00	FC	14	14	-1
7126	01	FC	14	14	-1
7127	00	FC	14	14	-1
7127	01	FC	14	14	-1
7128	00	FC	14	14	-1
7128	01	FC	14	14	-1
7129	00	FC	14	14	-1
7129	01	FC	14	14	-1
7130	00	FC	14	14	-1
7130	01	FC	14	14	-1
7131	00	FC	14	14	-1
7131	01	FC	14	14	-1
7132	00	FC	14	14	-1
7132	01	FC	14	14	-1
7133	00	FC	14	14	-1
7133	01	FC	14	14	-1
7134	00	FC	14	14	-1
7134	01	FC	14	14	-1
7135	00	FC	14	14	-1
7135	01	FC	14	14	-1
7136	00	FC	14	14	-1
7136	01	FC	14	14	-1
7137	00	FC	14	14	-1
7137	01	FC	14	14	-1
7138	00	FC	14	14	-1
7138	01	FC	14	14	-1
7139	00	FC	14	14	-1
7139	01	FC	14	14	-1
7140	00	FC	14	14	-1
7140	01	FC	14	14	-1
7141	00	FC	14	14	-1
7141	01	FC	14	14	-1
7142	00	FC	14	14	-1
7142	01	FC	14	14	-1
7143	00	FC	14	14	-1
7143	01	FC	14	14	-1
7144	00	FC	14	14	-1
7144	01	FC	14	14	-1
7145	00	FC	14	14	-1
7145	01	FC	14	14	-1
7146	00	FC	14	14	-1
7146	01	FC	14	14	-1
7147	00	FC	14	14	-1
7147	01	FC	14	14	-1
7148	00	FC	14	14	-1
7148	01	FC	14	14	-1
7149	00	FC	14	14	-1
7149	01	FC	14	14	-1
7150	00	FC	14	14	-1
7150	01	FC	14	14	-1
7151	00	FC	14	14	-1
7151	01	FC	14	14	-1
7152	00	FC	14	14	-1
7152	01	FC	14	14	-1
7153	00	FC	14	14	-1
7153	01	FC	14	14	-1
7154	00	FC	14	14	-1
7154	01	FC	14	14	-1
7155	00	FC	14	14	-1
7155	01	FC	14	14	-1
7156	00	FC	14	14	-1
7156	01	FC	14	14	-1
7157	00	FC	14	14	-1
7157	01	FC	14	14	-1
7158	00	FC	14	14	-1
7158	01	FC	14	14	-1
7159	00	FC	14	14	-1
7159	01	FC	14	14	-1
7160	00	FC	14	14	-1
7160	01	FC	14	14	-1
7161	00	FC	14	14	-1
7161	01	FC	14	14	-1
7162	00	FC	14	14	-1
7162	01	FC	14	14	-1
7163	00	FC	14	14	-1
7163	01	FC	14	14	-1
7164	00	FC	14	14	-1
7164	01	FC	14	14	-1
7165	00	FC	14	14	-1
7165	01	FC	14	14	-1
7166	00	FC	14	14	-1
7166	01	FC	14	14	-1
7167	00	FC	14	14	-1
7167	01	FC	14	14	-1
7168	00	FC	14	14	-1
7168	01	FC	14	14	-1
7169	00	FC	14	14	-1
7169	01	FC	14	14	-1
7170	00	FC	14	14	-1
7170	01	FC	14	14	-1
7171	00	FC	14	14	-1
7171	01	FC	14	14	-1
7172	00	FC	14	14	-1
7172	01	FC	14	14	-1
7173	00	FC	14	14	-1
7173	01	FC	14	14	-1
7174	00	FC	14	14	-1
7174	01	FC	14	14	-1
7175	00	FC	14	14	-1
7175	01	FC	14	14	-1
7176	00	FC	14	14	-1
7176	01	FC	14	14	-1
7177	00	FC	14	14	-1
7177	01	FC	14	14	-1
7178	00	FC	14	14	-1
7178	01	FC	14	14	-1
7179	00	FC	14	14	-1
7179	01	FC	14	14	-1
7180	00	FC	14	14	-1
7180	01	FC	14	14	-1
7181	00	FC	14	14	-1
7181	01	FC	14	14	-1
7182	00	FC	14	14	-1
7182	01	FC	14	14	-1
7183	00	FC	14	14	-1
7183	01	FC	14	14	-1
7184	00	FC	14	14	-1
7184	01	FC	14	14	-1
7185	00	FC	14	14	-1
7185	01	FC	14	14	-1
7186	00	FC	14	14	-1
7186	01	FC	14	14	-1
7187	00	FC	0A	0A	-1
7187	01	FC	0A	0A	-1
7188	00	FC	0A	0A	-1
7188	01	FC	0A	0A	-1
7189	00	FC	0A	0A	-1
7189	01	FC	0A	0A	-1
7190	00	FC	0A	0A	-1
7190	01	FC	0A	0A	-1
7191	00	FC	0A	0A	-1
7191	01	FC	0A	0A	-1
7192	00	FC	0A	0A	-1
7192	01	FC	0A	0A	-1
7193	00	FC	0A	0A	-1
7193	01	FC	0A	0A	-1
7194	00	FC	0A	0A	-1
7194	01	FC	0A	0A	-1
7195	00	FC	0A	0A	-1
7195	01	FC	0A	0A	-1
7196	00	FC	0A	0A	-1
7196	01	FC	0A	0A	-1
7197	00	FC	0A	0A	-1
7197	01	FC	0A	0A	-1
7198	00	FC	0A	0A	-1
7198	01	FC	0A	0A	-1
7199	00	FC	0A	0A	-1
7199	01	FC	0A	0A	-1
7200	00	FC	0A	0A	-1
7200	01	FC	0A	0A	-1
7201	00	FC	0A	0A	-1
7201	01	FC	0A	0A	-1
7202	00	FC	0A	0A	-1
7202	01	FC	0A	0A	-1
7203	00	FC	0A	0A	-1
7203	01	FC	0A	0A	-1
7204	00	FC	0A	0A	-1
7204	01	FC	0A	0A	-1
7205	00	FC	0A	0A	-1
7205	01	FC	0A	0A	-1
7206	00	FC	0A	0A	-1
7206	01	FC	0A	0A	-1
7207	00	FC	0A	0A	-1
7207	01	FC	0A	0A	-1
7208	00	FC	0A	0A	-1
7208	01	FC	0A	0A	-1
7209	00	FC	0A	0A	-1
7209	01	FC	0A	0A	-1
7210	00	FC	0A	0A	-1
7210	01	FC	0A	0A	-1
7211	00	FC	0A	0A	-1
7211	01	FC	0A	0A	-1
7212	00	FC	0A	0A	-1
7212	01	FC	0A	0A	-1
7213	00	FC	0A	0A	-1
7213	01	FC	0A	0A	-1
7214	00	FC	0A	0A	-1
7214	01	FC	0A	0A	-1
7215	00	FC	0A	0A	-1
7215	01	FC	0A	0A	-1
7216	00	FC	0A	0A	-1
7216	01	FC	0A	0A	-1
7217	00	FC	0A	0A	-1
7217	01	FC	0A	0A	-1
7218	00	FC	0A	0A	-1
7218	01	FC	0A	0A	-1
7219	00	FC	0A	0A	-1
7219	01	FC	0A	0A	-1
7220	00	FC	0A	0A	-1
7220	01	FC	0A	0A	-1
7221	00	FC	0A	0A	-1
7221	01	FC	0A	0A	-1
7222	00	FC	0A	0A	-1
7222	01	FC	0A	0A	-1
7223	00	FC	0A	0A	-1
7223	01	FC	0A	0A	-1
7224	00	FC	0A	0A	-1
7224	01	FC	0A	0A	-1
7225	00	FC	0A	0A	-1
7225	01	FC	0A	0A	-1
7226	00	FC	0A	0A	-1
7226	01	FC	0A	0A	-1
7227	00	FC	0A	0A	-1
7227	01	FC	0A	0A	-1
7228	00	FC	0A	0A	-1
7228	01	FC	0A	0A	-1
7229	00	FC	0A	0A	-1
7229	01	FC	0A	0A	-1
7230	00	FC	0A	0A	-1
7230	01	FC	0A	0A	-1
7231	00	FC	0A	0A	-1
7231	01	FC	0A	0A	-1
7232	00	FC	0A	0A	-1
7232	01	FC	0A	0A	-1
7233	00	FC	0A	0A	-1
7233	01	FC	0A	0A	-1
7234	00	FC	0A	0A	-1
7234	01	FC	0A	0A	-1
7235	00	FC	0A	0A	-1
7235	01	FC	0A	0A	-1
7236	00	FC	0A	0A	-1
7236	01	FC	0A	0A	-1
7237	00	FC	0A	0A	-1
7237	01	FC	0A	0A	-1
7238	00	FC	0A	0A	-1
7238	01	FC	0A	0A	-1
7239	00	FC	0A	0A	-1
7239	01	FC	0A	0A	-1
7240	00	FC	0A	0A	-1
7240	01	FC	0A	0A	-1
7241	00	FC	0A	0A	-1
7241	01	FC	0A	0A	-1
7242	00	FC	0A	0A	-1
7242	01	FC	0A	0A	-1
7243	00	FC	0A	0A	-1
7243	01	FC	0A	0A	-1
7244	00	FC	0A	0A	-1
7244	01	FC	0A	0A	-1
7245	00	FC	0A	0A	-1
7245	01	FC	0A	0A	-1
7246	00	FC	0A	0A	-1
7246	01	FC	0A	0A	-1
7247	00	FC	0A	0A	-1
7247	01	FC	0A	0A	-1
7248	00	FC	0A	0A	-1
7248	01	FC	0A	0A	-1
7249	00	FC	0A	0A	-1
7249	01	FC	0A	0A	-1
7250	00	FC	0A	0A	-1
7250	01	FC	0A	0A	-1
7251	00	FC	0A	0A	-1
7251	01	FC	0A	0A	-1
7252	00	FC	0A	0A	-1
7252	01	FC	0A	0A	-1
7253	00	FC	0A	0A	-1
7253	01	FC	0A	0A	-1
7254	00	FC	0A	0A	-1
7254	01	FC	0A	0A	-1
7255	00	FC	0A	0A	-1
7255	01	FC	0A	0A	-1
7256	00	FC	0A	0A	-1
7256	01	FC	0A	0A	-1
7257	00	FC	0A	0A	-1
7257	01	FC	0A	0A	-1
7258	00	FC	0A	0A	-1
7258	01	FC	0A	0A	-1
7259	00	FC	0A	0A	-1
7259	01	FC	0A	0A	-1
7260	00	FC	0A	0A	-1
7260	01	FC	0A	0A	-1
7261	00	FC	0A	0A	-1
7261	01	FC	0A	0A	-1
7262	00	FC	0A	0A	-1
7262	01	FC	0A	0A	-1
7263	00	FC	0A	0A	-1
7263	01	FC	0A	0A	-1
7264	00	FC	0A	0A	-1
7264	01	FC	0A	0A	-1
7265	00	FC	0A	0A	-1
7265	01	FC	0A	0A	-1
7266	00	FC	0A	0A	-1
7266	01	FC	0A	0A	-1
7267	00	FC	0A	0A	-1
7267	01	FC	0A	0A	-1
7268	00	FC	0A	0A	-1
7268	01	FC	0A	0A	-1
7269	00	FC	0A	0A	-1
7269	01	FC	0A	0A	-1
7270	00	FC	0A	0A	-1
7270	01	FC	0A	0A	-1
7271	00	FC	0A	0A	-1
7271	01	FC	0A	0A	-1
7272	00	FC	0A	0A	-1
7272	01	FC	0A	0A	-1
7273	00	FC	0A	0A	-1
7273	01	FC	0A	0A	-1
7274	00	FC	0A	0A	-1
7274	01	FC	0A	0A	-1
7275	00	FC	0A	0A	-1
7275	01	FC	0A	0A	-1
7276	00	FC	0A	0A	-1
7276	01	FC	0A	0A	-1
7277	00	FC	0A	0A	-1
7277	01	FC	0A	0A	-1
7278	00	FC	0A	0A	-1
7278	01	FC	0A	0A	-1
7279	00	FC	0A	0A	-1
7279	01	FC	0A	0A	-1
7280	00	FC	0A	0A	-1
7280	01	FC	0A	0A	-1
7281	00	FC	0A	0A	-1
7281	01	FC	0A	0A	-1
7282	00	FC	0A	0A	-1
7282	01	FC	0A	0A	-1
7283	00	FC	0A	0A	-1
7283	01	FC	0A	0A	-1
7284	00	FC	0A	0A	-1
7284	01	FC	0A	0A	-1
7285	00	FC	0A	0A	-1
7285	01	FC	0A	0A	-1
7286	00	FC	0A	0A	-1
7286	01	FC	0A	0A	-1
7287	00	FC	0A	0A	-1
7287	01	FC	0A	0A	-1
7288	00	FC	0A	0A	-1
7288	01	FC	0A	0A	-1
7289	00	FC	0A	0A	-1
7289	01	FC	0A	0A	-1
7290	00	FC	0A	0A	-1
7290	01	FC	0A	0A	-1
7291	00	FC	0A	0A	-1
7291	01	FC	0A	0A	-1
7292	00	FC	0A	0A	-1
7292	01	FC	0A	0A	-1
7293	00	FC	0A	0A	-1
7293	01	FC	0A	0A	-1
7294	00	FC	0A	0A	-1
7294	01	FC	0A	0A	-1
7295	00	FC	0A	0A	-1
7295	01	FC	0A	0A	-1
7296	00	FC	0A	0A	-1
7296	01	FC	0A	0A	-1
7297	00	FC	0A	0A	-1
7297	01	FC	0A	0A	-1
7298	00	FC	0A	0A	-1
7298	01	FC	0A	0A	-1
7299	00	FC	0A	0A	-1
7299	01	FC	0A	0A	-1
7300	00	FC	0A	0A	-1
7300	01	FC	0A	0A	-1
7301	00	FC	0A	0A	-1
7301	01	FC	0A	0A	-1
7302	00	FC	0A	0A	-1
7302	01	FC	0A	0A	-1
7303	00	FC	0A	0A	-1
7303	01	FC	0A	0A	-1
7304	00	FC	0A	0A	-1
7304	01	FC	0A	0A	-1
7305	00	FC	0A	0A	-1
7305	01	FC	0A	0A	-1
7306	00	FC	0A	0A	-1
7306	01	FC	0A	0A	-1
7307	00	FC	0A	0A	-1
7307	01	FC	0A	0A	-1
7308	00	FC	0A	0A	-1
7308	01	FC	0A	0A	-1
7309	00	FC	0A	0A	-1
7309	01	FC	0A	0A	-1
7310	00	FC	0A	0A	-1
7310	01	FC	0A	0A	-1
7311	00	FC	0A	0A	-1
7311	01	FC	0A	0A	-1
7312	00	FC	0A	0A	-1
7312	01	FC	0A	0A	-1
7313	00	FC	0A	0A	-1
7313	01	FC	0A	0A	-1
7314	00	FC	0A	0A	-1
7314	01	FC	0A	0A	-1
7315	00	FC	0A	0A	-1
7315	01	FC	0A	0A	-1
7316	00	FC	0A	0A	-1
7316	01	FC	0A	0A	-1
7317	00	FC	0A	0A	-1
7317	01	FC	0A	0A	-1
7318	00	FC	0A	0A	-1
7318	01	FC	0A	0A	-1
7319	00	FC	0A	0A	-1
7319	01	FC	0A	0A	-1
7320	00	FC	0A	0A	-1
7320	01	FC	0A	0A	-1
7321	00	FC	0A	0A	-1
7321	01	FC	0A	0A	-1
7322	00	FC	0A	0A	-1
7322	01	FC	0A	0A	-1
7323	00	FC	0A	0A	-1
7323	01	FC	0A	0A	-1
7324	00	FC	0A	0A	-1
7324	01	FC	0A	0A	-1
7325	00	FC	0A	0A	-1
7325	01	FC	0A	0A	-1
7326	00	FC	0A	0A	-1
7326	01	FC	0A	0A	-1
7327	00	FC	0A	0A	-1
7327	01	FC	0A	0A	-1
7328	00	FC	0A	0A	-1
7328	01	FC	0A	0A	-1
7329	00	FC	0A	0A	-1
7329	01	FC	0A	0A	-1
7330	00	FC	0A	0A	-1
7330	01	FC	0A	0A	-1
7331	00	FC	0A	0A	-1
7331	01	FC	0A	0A	-1
7332	00	FC	0A	0A	-1
7332	01	FC	0A	0A	-1
7333	00	FC	0A	0A	-1
7333	01	FC	0A	0A	-1
7334	00	FC	0A	0A	-1
7334	01	FC	0A	0A	-1
7335	00	FC	0A	0A	-1
7335	01	FC	0A	0A	-1
7336	00	FC	0A	0A	-1
7336	01	FC	0A	0A	-1
7337	00	FC	0A	0A	-1
7337	01	FC	0A	0A	-1
7338	00	FC	0A	0A	-1
7338	01	FC	0A	0A	-1
7339	00	FC	0A	0A	-1
7339	01	FC	0A	0A	-1
7340	00	FC	0A	0A	-1
7340	01	FC	0A	0A	-1
7341	00	FC	0A	0A	-1
7341	01	FC	0A	0A	-1
7342	00	FC	0A	0A	-1
7342	01	FC	0A	0A	-1
7343	00	FC	0A	0A	-1
7343	01	FC	0A	0A	-1
7344	00	FC	0A	0A	-1
7344	01	FC	0A	0A	-1
7345	00	FC	0A	0A	-1
7345	01	FC	0A	0A	-1
7346	00	FC	0A	0A	-1
7346	01	FC	0A	0A	-1
7347	00	FC	0A	0A	-1
7347	01	FC	0A	0A	-1
7348	00	FC	0A	0A	-1
7348	01	FC	0A	0A	-1
7349	00	FC	0A	0A	-1
7349	01	FC	0A	0A	-1
7350	00	FC	0A	0A	-1
7350	01	FC	0A	0A	-1
