frame	index	y	tile	attr	x
7000	00	B7	80	01	10
7000	01	B7	81	01	18
7000	02	B7	82	01	20
7000	03	B7	83	01	28
7000	04	BF	84	01	10
7000	05	BF	85	01	18
7000	06	BF	86	01	20
7000	07	BF	87	01	28
7000	08	C7	88	01	10
7000	09	C7	89	01	18
7000	0A	C7	8A	01	20
7000	0B	C7	8B	01	28
7000	0C	CF	8C	01	10
7000	0D	CF	8D	01	18
7000	0E	CF	8E	01	20
7000	0F	CF	8F	01	28
7001	00	B7	80	01	10
7001	01	B7	81	01	18
7001	02	B7	82	01	20
7001	03	B7	83	01	28
7001	04	BF	84	01	10
7001	05	BF	85	01	18
7001	06	BF	86	01	20
7001	07	BF	87	01	28
7001	08	C7	88	01	10
7001	09	C7	89	01	18
7001	0A	C7	8A	01	20
7001	0B	C7	8B	01	28
7001	0C	CF	8C	01	10
7001	0D	CF	8D	01	18
7001	0E	CF	8E	01	20
7001	0F	CF	8F	01	28
7002	00	B7	80	01	10
7002	01	B7	81	01	18
7002	02	B7	82	01	20
7002	03	B7	83	01	28
7002	04	BF	84	01	10
7002	05	BF	85	01	18
7002	06	BF	86	01	20
7002	07	BF	87	01	28
7002	08	C7	88	01	10
7002	09	C7	89	01	18
7002	0A	C7	8A	01	20
7002	0B	C7	8B	01	28
7002	0C	CF	8C	01	10
7002	0D	CF	8D	01	18
7002	0E	CF	8E	01	20
7002	0F	CF	8F	01	28
7003	00	B7	80	01	10
7003	01	B7	81	01	18
7003	02	B7	82	01	20
7003	03	B7	83	01	28
7003	04	BF	84	01	10
7003	05	BF	85	01	18
7003	06	BF	86	01	20
7003	07	BF	87	01	28
7003	08	C7	88	01	10
7003	09	C7	89	01	18
7003	0A	C7	8A	01	20
7003	0B	C7	8B	01	28
7003	0C	CF	8C	01	10
7003	0D	CF	8D	01	18
7003	0E	CF	8E	01	20
7003	0F	CF	8F	01	28
7004	00	B7	80	01	10
7004	01	B7	81	01	18
7004	02	B7	82	01	20
7004	03	B7	83	01	28
7004	04	BF	84	01	10
7004	05	BF	85	01	18
7004	06	BF	86	01	20
7004	07	BF	87	01	28
7004	08	C7	88	01	10
7004	09	C7	89	01	18
7004	0A	C7	8A	01	20
7004	0B	C7	8B	01	28
7004	0C	CF	8C	01	10
7004	0D	CF	8D	01	18
7004	0E	CF	8E	01	20
7004	0F	CF	8F	01	28
7005	00	B7	80	01	10
7005	01	B7	81	01	18
7005	02	B7	82	01	20
7005	03	B7	83	01	28
7005	04	BF	84	01	10
7005	05	BF	85	01	18
7005	06	BF	86	01	20
7005	07	BF	87	01	28
7005	08	C7	88	01	10
7005	09	C7	89	01	18
7005	0A	C7	8A	01	20
7005	0B	C7	8B	01	28
7005	0C	CF	8C	01	10
7005	0D	CF	8D	01	18
7005	0E	CF	8E	01	20
7005	0F	CF	8F	01	28
7006	00	B7	80	01	10
7006	01	B7	81	01	18
7006	02	B7	82	01	20
7006	03	B7	83	01	28
7006	04	BF	84	01	10
7006	05	BF	85	01	18
7006	06	BF	86	01	20
7006	07	BF	87	01	28
7006	08	C7	88	01	10
7006	09	C7	89	01	18
7006	0A	C7	8A	01	20
7006	0B	C7	8B	01	28
7006	0C	CF	8C	01	10
7006	0D	CF	8D	01	18
7006	0E	CF	8E	01	20
7006	0F	CF	8F	01	28
7007	00	B7	80	01	10
7007	01	B7	81	01	18
7007	02	B7	82	01	20
7007	03	B7	83	01	28
7007	04	BF	84	01	10
7007	05	BF	85	01	18
7007	06	BF	86	01	20
7007	07	BF	87	01	28
7007	08	C7	88	01	10
7007	09	C7	89	01	18
7007	0A	C7	8A	01	20
7007	0B	C7	8B	01	28
7007	0C	CF	8C	01	10
7007	0D	CF	8D	01	18
7007	0E	CF	8E	01	20
7007	0F	CF	8F	01	28
7008	00	B7	80	01	10
7008	01	B7	81	01	18
7008	02	B7	82	01	20
7008	03	B7	83	01	28
7008	04	BF	84	01	10
7008	05	BF	85	01	18
7008	06	BF	86	01	20
7008	07	BF	87	01	28
7008	08	C7	88	01	10
7008	09	C7	89	01	18
7008	0A	C7	8A	01	20
7008	0B	C7	8B	01	28
7008	0C	CF	8C	01	10
7008	0D	CF	8D	01	18
7008	0E	CF	8E	01	20
7008	0F	CF	8F	01	28
7009	00	B7	80	01	10
7009	01	B7	81	01	18
7009	02	B7	82	01	20
7009	03	B7	83	01	28
7009	04	BF	84	01	10
7009	05	BF	85	01	18
7009	06	BF	86	01	20
7009	07	BF	87	01	28
7009	08	C7	88	01	10
7009	09	C7	89	01	18
7009	0A	C7	8A	01	20
7009	0B	C7	8B	01	28
7009	0C	CF	8C	01	10
7009	0D	CF	8D	01	18
7009	0E	CF	8E	01	20
7009	0F	CF	8F	01	28
7010	00	B7	80	01	10
7010	01	B7	81	01	18
7010	02	B7	82	01	20
7010	03	B7	83	01	28
7010	04	BF	84	01	10
7010	05	BF	85	01	18
7010	06	BF	86	01	20
7010	07	BF	87	01	28
7010	08	C7	88	01	10
7010	09	C7	89	01	18
7010	0A	C7	8A	01	20
7010	0B	C7	8B	01	28
7010	0C	CF	8C	01	10
7010	0D	CF	8D	01	18
7010	0E	CF	8E	01	20
7010	0F	CF	8F	01	28
7011	00	B7	80	01	10
7011	01	B7	81	01	18
7011	02	B7	82	01	20
7011	03	B7	83	01	28
7011	04	BF	84	01	10
7011	05	BF	85	01	18
7011	06	BF	86	01	20
7011	07	BF	87	01	28
7011	08	C7	88	01	10
7011	09	C7	89	01	18
7011	0A	C7	8A	01	20
7011	0B	C7	8B	01	28
7011	0C	CF	8C	01	10
7011	0D	CF	8D	01	18
7011	0E	CF	8E	01	20
7011	0F	CF	8F	01	28
7012	00	B7	80	01	10
7012	01	B7	81	01	18
7012	02	B7	82	01	20
7012	03	B7	83	01	28
7012	04	BF	84	01	10
7012	05	BF	85	01	18
7012	06	BF	86	01	20
7012	07	BF	87	01	28
7012	08	C7	88	01	10
7012	09	C7	89	01	18
7012	0A	C7	8A	01	20
7012	0B	C7	8B	01	28
7012	0C	CF	8C	01	10
7012	0D	CF	8D	01	18
7012	0E	CF	8E	01	20
7012	0F	CF	8F	01	28
7013	00	B7	80	01	10
7013	01	B7	81	01	18
7013	02	B7	82	01	20
7013	03	B7	83	01	28
7013	04	BF	84	01	10
7013	05	BF	85	01	18
7013	06	BF	86	01	20
7013	07	BF	87	01	28
7013	08	C7	88	01	10
7013	09	C7	89	01	18
7013	0A	C7	8A	01	20
7013	0B	C7	8B	01	28
7013	0C	CF	8C	01	10
7013	0D	CF	8D	01	18
7013	0E	CF	8E	01	20
7013	0F	CF	8F	01	28
7014	00	B7	80	01	10
7014	01	B7	81	01	18
7014	02	B7	82	01	20
7014	03	B7	83	01	28
7014	04	BF	84	01	10
7014	05	BF	85	01	18
7014	06	BF	86	01	20
7014	07	BF	87	01	28
7014	08	C7	88	01	10
7014	09	C7	89	01	18
7014	0A	C7	8A	01	20
7014	0B	C7	8B	01	28
7014	0C	CF	8C	01	10
7014	0D	CF	8D	01	18
7014	0E	CF	8E	01	20
7014	0F	CF	8F	01	28
7015	00	B7	80	01	10
7015	01	B7	81	01	18
7015	02	B7	82	01	20
7015	03	B7	83	01	28
7015	04	BF	84	01	10
7015	05	BF	85	01	18
7015	06	BF	86	01	20
7015	07	BF	87	01	28
7015	08	C7	88	01	10
7015	09	C7	89	01	18
7015	0A	C7	8A	01	20
7015	0B	C7	8B	01	28
7015	0C	CF	8C	01	10
7015	0D	CF	8D	01	18
7015	0E	CF	8E	01	20
7015	0F	CF	8F	01	28
7016	00	B7	80	01	10
7016	01	B7	81	01	18
7016	02	B7	82	01	20
7016	03	B7	83	01	28
7016	04	BF	84	01	10
7016	05	BF	85	01	18
7016	06	BF	86	01	20
7016	07	BF	87	01	28
7016	08	C7	88	01	10
7016	09	C7	89	01	18
7016	0A	C7	8A	01	20
7016	0B	C7	8B	01	28
7016	0C	CF	8C	01	10
7016	0D	CF	8D	01	18
7016	0E	CF	8E	01	20
7016	0F	CF	8F	01	28
7017	00	B7	80	01	10
7017	01	B7	81	01	18
7017	02	B7	82	01	20
7017	03	B7	83	01	28
7017	04	BF	84	01	10
7017	05	BF	85	01	18
7017	06	BF	86	01	20
7017	07	BF	87	01	28
7017	08	C7	88	01	10
7017	09	C7	89	01	18
7017	0A	C7	8A	01	20
7017	0B	C7	8B	01	28
7017	0C	CF	8C	01	10
7017	0D	CF	8D	01	18
7017	0E	CF	8E	01	20
7017	0F	CF	8F	01	28
7018	00	B7	80	01	10
7018	01	B7	81	01	18
7018	02	B7	82	01	20
7018	03	B7	83	01	28
7018	04	BF	84	01	10
7018	05	BF	85	01	18
7018	06	BF	86	01	20
7018	07	BF	87	01	28
7018	08	C7	88	01	10
7018	09	C7	89	01	18
7018	0A	C7	8A	01	20
7018	0B	C7	8B	01	28
7018	0C	CF	8C	01	10
7018	0D	CF	8D	01	18
7018	0E	CF	8E	01	20
7018	0F	CF	8F	01	28
7019	00	B7	80	01	10
7019	01	B7	81	01	18
7019	02	B7	82	01	20
7019	03	B7	83	01	28
7019	04	BF	84	01	10
7019	05	BF	85	01	18
7019	06	BF	86	01	20
7019	07	BF	87	01	28
7019	08	C7	88	01	10
7019	09	C7	89	01	18
7019	0A	C7	8A	01	20
7019	0B	C7	8B	01	28
7019	0C	CF	8C	01	10
7019	0D	CF	8D	01	18
7019	0E	CF	8E	01	20
7019	0F	CF	8F	01	28
7020	00	B7	80	01	10
7020	01	B7	81	01	18
7020	02	B7	82	01	20
7020	03	B7	83	01	28
7020	04	BF	84	01	10
7020	05	BF	85	01	18
7020	06	BF	86	01	20
7020	07	BF	87	01	28
7020	08	C7	88	01	10
7020	09	C7	89	01	18
7020	0A	C7	8A	01	20
7020	0B	C7	8B	01	28
7020	0C	CF	8C	01	10
7020	0D	CF	8D	01	18
7020	0E	CF	8E	01	20
7020	0F	CF	8F	01	28
7021	00	B7	80	01	10
7021	01	B7	81	01	18
7021	02	B7	82	01	20
7021	03	B7	83	01	28
7021	04	BF	84	01	10
7021	05	BF	85	01	18
7021	06	BF	86	01	20
7021	07	BF	87	01	28
7021	08	C7	88	01	10
7021	09	C7	89	01	18
7021	0A	C7	8A	01	20
7021	0B	C7	8B	01	28
7021	0C	CF	8C	01	10
7021	0D	CF	8D	01	18
7021	0E	CF	8E	01	20
7021	0F	CF	8F	01	28
7022	00	B7	80	01	10
7022	01	B7	81	01	18
7022	02	B7	82	01	20
7022	03	B7	83	01	28
7022	04	BF	84	01	10
7022	05	BF	85	01	18
7022	06	BF	86	01	20
7022	07	BF	87	01	28
7022	08	C7	88	01	10
7022	09	C7	89	01	18
7022	0A	C7	8A	01	20
7022	0B	C7	8B	01	28
7022	0C	CF	8C	01	10
7022	0D	CF	8D	01	18
7022	0E	CF	8E	01	20
7022	0F	CF	8F	01	28
7023	00	B7	80	01	10
7023	01	B7	81	01	18
7023	02	B7	82	01	20
7023	03	B7	83	01	28
7023	04	BF	84	01	10
7023	05	BF	85	01	18
7023	06	BF	86	01	20
7023	07	BF	87	01	28
7023	08	C7	88	01	10
7023	09	C7	89	01	18
7023	0A	C7	8A	01	20
7023	0B	C7	8B	01	28
7023	0C	CF	8C	01	10
7023	0D	CF	8D	01	18
7023	0E	CF	8E	01	20
7023	0F	CF	8F	01	28
7024	00	B7	80	01	10
7024	01	B7	81	01	18
7024	02	B7	82	01	20
7024	03	B7	83	01	28
7024	04	BF	84	01	10
7024	05	BF	85	01	18
7024	06	BF	86	01	20
7024	07	BF	87	01	28
7024	08	C7	88	01	10
7024	09	C7	89	01	18
7024	0A	C7	8A	01	20
7024	0B	C7	8B	01	28
7024	0C	CF	8C	01	10
7024	0D	CF	8D	01	18
7024	0E	CF	8E	01	20
7024	0F	CF	8F	01	28
7025	00	B7	80	01	10
7025	01	B7	81	01	18
7025	02	B7	82	01	20
7025	03	B7	83	01	28
7025	04	BF	84	01	10
7025	05	BF	85	01	18
7025	06	BF	86	01	20
7025	07	BF	87	01	28
7025	08	C7	88	01	10
7025	09	C7	89	01	18
7025	0A	C7	8A	01	20
7025	0B	C7	8B	01	28
7025	0C	CF	8C	01	10
7025	0D	CF	8D	01	18
7025	0E	CF	8E	01	20
7025	0F	CF	8F	01	28
7026	00	B7	80	01	10
7026	01	B7	81	01	18
7026	02	B7	82	01	20
7026	03	B7	83	01	28
7026	04	BF	84	01	10
7026	05	BF	85	01	18
7026	06	BF	86	01	20
7026	07	BF	87	01	28
7026	08	C7	88	01	10
7026	09	C7	89	01	18
7026	0A	C7	8A	01	20
7026	0B	C7	8B	01	28
7026	0C	CF	8C	01	10
7026	0D	CF	8D	01	18
7026	0E	CF	8E	01	20
7026	0F	CF	8F	01	28
7027	00	B7	80	01	10
7027	01	B7	81	01	18
7027	02	B7	82	01	20
7027	03	B7	83	01	28
7027	04	BF	84	01	10
7027	05	BF	85	01	18
7027	06	BF	86	01	20
7027	07	BF	87	01	28
7027	08	C7	88	01	10
7027	09	C7	89	01	18
7027	0A	C7	8A	01	20
7027	0B	C7	8B	01	28
7027	0C	CF	8C	01	10
7027	0D	CF	8D	01	18
7027	0E	CF	8E	01	20
7027	0F	CF	8F	01	28
7028	00	B7	80	01	10
7028	01	B7	81	01	18
7028	02	B7	82	01	20
7028	03	B7	83	01	28
7028	04	BF	84	01	10
7028	05	BF	85	01	18
7028	06	BF	86	01	20
7028	07	BF	87	01	28
7028	08	C7	88	01	10
7028	09	C7	89	01	18
7028	0A	C7	8A	01	20
7028	0B	C7	8B	01	28
7028	0C	CF	8C	01	10
7028	0D	CF	8D	01	18
7028	0E	CF	8E	01	20
7028	0F	CF	8F	01	28
7029	00	B7	80	01	10
7029	01	B7	81	01	18
7029	02	B7	82	01	20
7029	03	B7	83	01	28
7029	04	BF	84	01	10
7029	05	BF	85	01	18
7029	06	BF	86	01	20
7029	07	BF	87	01	28
7029	08	C7	88	01	10
7029	09	C7	89	01	18
7029	0A	C7	8A	01	20
7029	0B	C7	8B	01	28
7029	0C	CF	8C	01	10
7029	0D	CF	8D	01	18
7029	0E	CF	8E	01	20
7029	0F	CF	8F	01	28
7030	00	B7	80	01	10
7030	01	B7	81	01	18
7030	02	B7	82	01	20
7030	03	B7	83	01	28
7030	04	BF	84	01	10
7030	05	BF	85	01	18
7030	06	BF	86	01	20
7030	07	BF	87	01	28
7030	08	C7	88	01	10
7030	09	C7	89	01	18
7030	0A	C7	8A	01	20
7030	0B	C7	8B	01	28
7030	0C	CF	8C	01	10
7030	0D	CF	8D	01	18
7030	0E	CF	8E	01	20
7030	0F	CF	8F	01	28
7031	00	B7	80	01	10
7031	01	B7	81	01	18
7031	02	B7	82	01	20
7031	03	B7	83	01	28
7031	04	BF	84	01	10
7031	05	BF	85	01	18
7031	06	BF	86	01	20
7031	07	BF	87	01	28
7031	08	C7	88	01	10
7031	09	C7	89	01	18
7031	0A	C7	8A	01	20
7031	0B	C7	8B	01	28
7031	0C	CF	8C	01	10
7031	0D	CF	8D	01	18
7031	0E	CF	8E	01	20
7031	0F	CF	8F	01	28
7032	00	B7	80	01	10
7032	01	B7	81	01	18
7032	02	B7	82	01	20
7032	03	B7	83	01	28
7032	04	BF	84	01	10
7032	05	BF	85	01	18
7032	06	BF	86	01	20
7032	07	BF	87	01	28
7032	08	C7	88	01	10
7032	09	C7	89	01	18
7032	0A	C7	8A	01	20
7032	0B	C7	8B	01	28
7032	0C	CF	8C	01	10
7032	0D	CF	8D	01	18
7032	0E	CF	8E	01	20
7032	0F	CF	8F	01	28
7033	00	B7	80	01	10
7033	01	B7	81	01	18
7033	02	B7	82	01	20
7033	03	B7	83	01	28
7033	04	BF	84	01	10
7033	05	BF	85	01	18
7033	06	BF	86	01	20
7033	07	BF	87	01	28
7033	08	C7	88	01	10
7033	09	C7	89	01	18
7033	0A	C7	8A	01	20
7033	0B	C7	8B	01	28
7033	0C	CF	8C	01	10
7033	0D	CF	8D	01	18
7033	0E	CF	8E	01	20
7033	0F	CF	8F	01	28
7034	00	B7	80	01	10
7034	01	B7	81	01	18
7034	02	B7	82	01	20
7034	03	B7	83	01	28
7034	04	BF	84	01	10
7034	05	BF	85	01	18
7034	06	BF	86	01	20
7034	07	BF	87	01	28
7034	08	C7	88	01	10
7034	09	C7	89	01	18
7034	0A	C7	8A	01	20
7034	0B	C7	8B	01	28
7034	0C	CF	8C	01	10
7034	0D	CF	8D	01	18
7034	0E	CF	8E	01	20
7034	0F	CF	8F	01	28
7035	00	B7	80	01	10
7035	01	B7	81	01	18
7035	02	B7	82	01	20
7035	03	B7	83	01	28
7035	04	BF	84	01	10
7035	05	BF	85	01	18
7035	06	BF	86	01	20
7035	07	BF	87	01	28
7035	08	C7	88	01	10
7035	09	C7	89	01	18
7035	0A	C7	8A	01	20
7035	0B	C7	8B	01	28
7035	0C	CF	8C	01	10
7035	0D	CF	8D	01	18
7035	0E	CF	8E	01	20
7035	0F	CF	8F	01	28
7036	00	B7	80	01	10
7036	01	B7	81	01	18
7036	02	B7	82	01	20
7036	03	B7	83	01	28
7036	04	BF	84	01	10
7036	05	BF	85	01	18
7036	06	BF	86	01	20
7036	07	BF	87	01	28
7036	08	C7	88	01	10
7036	09	C7	89	01	18
7036	0A	C7	8A	01	20
7036	0B	C7	8B	01	28
7036	0C	CF	8C	01	10
7036	0D	CF	8D	01	18
7036	0E	CF	8E	01	20
7036	0F	CF	8F	01	28
7037	00	B7	80	01	10
7037	01	B7	81	01	18
7037	02	B7	82	01	20
7037	03	B7	83	01	28
7037	04	BF	84	01	10
7037	05	BF	85	01	18
7037	06	BF	86	01	20
7037	07	BF	87	01	28
7037	08	C7	88	01	10
7037	09	C7	89	01	18
7037	0A	C7	8A	01	20
7037	0B	C7	8B	01	28
7037	0C	CF	8C	01	10
7037	0D	CF	8D	01	18
7037	0E	CF	8E	01	20
7037	0F	CF	8F	01	28
7038	00	B7	80	01	10
7038	01	B7	81	01	18
7038	02	B7	82	01	20
7038	03	B7	83	01	28
7038	04	BF	84	01	10
7038	05	BF	85	01	18
7038	06	BF	86	01	20
7038	07	BF	87	01	28
7038	08	C7	88	01	10
7038	09	C7	89	01	18
7038	0A	C7	8A	01	20
7038	0B	C7	8B	01	28
7038	0C	CF	8C	01	10
7038	0D	CF	8D	01	18
7038	0E	CF	8E	01	20
7038	0F	CF	8F	01	28
7039	00	B7	80	01	10
7039	01	B7	81	01	18
7039	02	B7	82	01	20
7039	03	B7	83	01	28
7039	04	BF	84	01	10
7039	05	BF	85	01	18
7039	06	BF	86	01	20
7039	07	BF	87	01	28
7039	08	C7	88	01	10
7039	09	C7	89	01	18
7039	0A	C7	8A	01	20
7039	0B	C7	8B	01	28
7039	0C	CF	8C	01	10
7039	0D	CF	8D	01	18
7039	0E	CF	8E	01	20
7039	0F	CF	8F	01	28
7040	00	B7	80	01	10
7040	01	B7	81	01	18
7040	02	B7	82	01	20
7040	03	B7	83	01	28
7040	04	BF	84	01	10
7040	05	BF	85	01	18
7040	06	BF	86	01	20
7040	07	BF	87	01	28
7040	08	C7	88	01	10
7040	09	C7	89	01	18
7040	0A	C7	8A	01	20
7040	0B	C7	8B	01	28
7040	0C	CF	8C	01	10
7040	0D	CF	8D	01	18
7040	0E	CF	8E	01	20
7040	0F	CF	8F	01	28
7041	00	B7	80	01	10
7041	01	B7	81	01	18
7041	02	B7	82	01	20
7041	03	B7	83	01	28
7041	04	BF	84	01	10
7041	05	BF	85	01	18
7041	06	BF	86	01	20
7041	07	BF	87	01	28
7041	08	C7	88	01	10
7041	09	C7	89	01	18
7041	0A	C7	8A	01	20
7041	0B	C7	8B	01	28
7041	0C	CF	8C	01	10
7041	0D	CF	8D	01	18
7041	0E	CF	8E	01	20
7041	0F	CF	8F	01	28
7042	00	B7	80	01	10
7042	01	B7	81	01	18
7042	02	B7	82	01	20
7042	03	B7	83	01	28
7042	04	BF	84	01	10
7042	05	BF	85	01	18
7042	06	BF	86	01	20
7042	07	BF	87	01	28
7042	08	C7	88	01	10
7042	09	C7	89	01	18
7042	0A	C7	8A	01	20
7042	0B	C7	8B	01	28
7042	0C	CF	8C	01	10
7042	0D	CF	8D	01	18
7042	0E	CF	8E	01	20
7042	0F	CF	8F	01	28
7043	00	B7	80	01	10
7043	01	B7	81	01	18
7043	02	B7	82	01	20
7043	03	B7	83	01	28
7043	04	BF	84	01	10
7043	05	BF	85	01	18
7043	06	BF	86	01	20
7043	07	BF	87	01	28
7043	08	C7	88	01	10
7043	09	C7	89	01	18
7043	0A	C7	8A	01	20
7043	0B	C7	8B	01	28
7043	0C	CF	8C	01	10
7043	0D	CF	8D	01	18
7043	0E	CF	8E	01	20
7043	0F	CF	8F	01	28
7044	00	B7	80	01	10
7044	01	B7	81	01	18
7044	02	B7	82	01	20
7044	03	B7	83	01	28
7044	04	BF	84	01	10
7044	05	BF	85	01	18
7044	06	BF	86	01	20
7044	07	BF	87	01	28
7044	08	C7	88	01	10
7044	09	C7	89	01	18
7044	0A	C7	8A	01	20
7044	0B	C7	8B	01	28
7044	0C	CF	8C	01	10
7044	0D	CF	8D	01	18
7044	0E	CF	8E	01	20
7044	0F	CF	8F	01	28
7045	00	B7	80	01	10
7045	01	B7	81	01	18
7045	02	B7	82	01	20
7045	03	B7	83	01	28
7045	04	BF	84	01	10
7045	05	BF	85	01	18
7045	06	BF	86	01	20
7045	07	BF	87	01	28
7045	08	C7	88	01	10
7045	09	C7	89	01	18
7045	0A	C7	8A	01	20
7045	0B	C7	8B	01	28
7045	0C	CF	8C	01	10
7045	0D	CF	8D	01	18
7045	0E	CF	8E	01	20
7045	0F	CF	8F	01	28
7046	00	B7	80	01	10
7046	01	B7	81	01	18
7046	02	B7	82	01	20
7046	03	B7	83	01	28
7046	04	BF	84	01	10
7046	05	BF	85	01	18
7046	06	BF	86	01	20
7046	07	BF	87	01	28
7046	08	C7	88	01	10
7046	09	C7	89	01	18
7046	0A	C7	8A	01	20
7046	0B	C7	8B	01	28
7046	0C	CF	8C	01	10
7046	0D	CF	8D	01	18
7046	0E	CF	8E	01	20
7046	0F	CF	8F	01	28
7047	00	B7	80	01	10
7047	01	B7	81	01	18
7047	02	B7	82	01	20
7047	03	B7	83	01	28
7047	04	BF	84	01	10
7047	05	BF	85	01	18
7047	06	BF	86	01	20
7047	07	BF	87	01	28
7047	08	C7	88	01	10
7047	09	C7	89	01	18
7047	0A	C7	8A	01	20
7047	0B	C7	8B	01	28
7047	0C	CF	8C	01	10
7047	0D	CF	8D	01	18
7047	0E	CF	8E	01	20
7047	0F	CF	8F	01	28
7048	00	B7	80	01	10
7048	01	B7	81	01	18
7048	02	B7	82	01	20
7048	03	B7	83	01	28
7048	04	BF	84	01	10
7048	05	BF	85	01	18
7048	06	BF	86	01	20
7048	07	BF	87	01	28
7048	08	C7	88	01	10
7048	09	C7	89	01	18
7048	0A	C7	8A	01	20
7048	0B	C7	8B	01	28
7048	0C	CF	8C	01	10
7048	0D	CF	8D	01	18
7048	0E	CF	8E	01	20
7048	0F	CF	8F	01	28
7049	00	B7	80	01	10
7049	01	B7	81	01	18
7049	02	B7	82	01	20
7049	03	B7	83	01	28
7049	04	BF	84	01	10
7049	05	BF	85	01	18
7049	06	BF	86	01	20
7049	07	BF	87	01	28
7049	08	C7	88	01	10
7049	09	C7	89	01	18
7049	0A	C7	8A	01	20
7049	0B	C7	8B	01	28
7049	0C	CF	8C	01	10
7049	0D	CF	8D	01	18
7049	0E	CF	8E	01	20
7049	0F	CF	8F	01	28
7050	00	B7	80	01	10
7050	01	B7	81	01	18
7050	02	B7	82	01	20
7050	03	B7	83	01	28
7050	04	BF	84	01	10
7050	05	BF	85	01	18
7050	06	BF	86	01	20
7050	07	BF	87	01	28
7050	08	C7	88	01	10
7050	09	C7	89	01	18
7050	0A	C7	8A	01	20
7050	0B	C7	8B	01	28
7050	0C	CF	8C	01	10
7050	0D	CF	8D	01	18
7050	0E	CF	8E	01	20
7050	0F	CF	8F	01	28
7051	00	B7	80	01	10
7051	01	B7	81	01	18
7051	02	B7	82	01	20
7051	03	B7	83	01	28
7051	04	BF	84	01	10
7051	05	BF	85	01	18
7051	06	BF	86	01	20
7051	07	BF	87	01	28
7051	08	C7	88	01	10
7051	09	C7	89	01	18
7051	0A	C7	8A	01	20
7051	0B	C7	8B	01	28
7051	0C	CF	8C	01	10
7051	0D	CF	8D	01	18
7051	0E	CF	8E	01	20
7051	0F	CF	8F	01	28
7052	00	B7	80	01	10
7052	01	B7	81	01	18
7052	02	B7	82	01	20
7052	03	B7	83	01	28
7052	04	BF	84	01	10
7052	05	BF	85	01	18
7052	06	BF	86	01	20
7052	07	BF	87	01	28
7052	08	C7	88	01	10
7052	09	C7	89	01	18
7052	0A	C7	8A	01	20
7052	0B	C7	8B	01	28
7052	0C	CF	8C	01	10
7052	0D	CF	8D	01	18
7052	0E	CF	8E	01	20
7052	0F	CF	8F	01	28
7053	00	B7	80	01	10
7053	01	B7	81	01	18
7053	02	B7	82	01	20
7053	03	B7	83	01	28
7053	04	BF	84	01	10
7053	05	BF	85	01	18
7053	06	BF	86	01	20
7053	07	BF	87	01	28
7053	08	C7	88	01	10
7053	09	C7	89	01	18
7053	0A	C7	8A	01	20
7053	0B	C7	8B	01	28
7053	0C	CF	8C	01	10
7053	0D	CF	8D	01	18
7053	0E	CF	8E	01	20
7053	0F	CF	8F	01	28
7054	00	B7	80	01	10
7054	01	B7	81	01	18
7054	02	B7	82	01	20
7054	03	B7	83	01	28
7054	04	BF	84	01	10
7054	05	BF	85	01	18
7054	06	BF	86	01	20
7054	07	BF	87	01	28
7054	08	C7	88	01	10
7054	09	C7	89	01	18
7054	0A	C7	8A	01	20
7054	0B	C7	8B	01	28
7054	0C	CF	8C	01	10
7054	0D	CF	8D	01	18
7054	0E	CF	8E	01	20
7054	0F	CF	8F	01	28
7055	00	B7	80	01	10
7055	01	B7	81	01	18
7055	02	B7	82	01	20
7055	03	B7	83	01	28
7055	04	BF	84	01	10
7055	05	BF	85	01	18
7055	06	BF	86	01	20
7055	07	BF	87	01	28
7055	08	C7	88	01	10
7055	09	C7	89	01	18
7055	0A	C7	8A	01	20
7055	0B	C7	8B	01	28
7055	0C	CF	8C	01	10
7055	0D	CF	8D	01	18
7055	0E	CF	8E	01	20
7055	0F	CF	8F	01	28
7056	00	B7	80	01	10
7056	01	B7	81	01	18
7056	02	B7	82	01	20
7056	03	B7	83	01	28
7056	04	BF	84	01	10
7056	05	BF	85	01	18
7056	06	BF	86	01	20
7056	07	BF	87	01	28
7056	08	C7	88	01	10
7056	09	C7	89	01	18
7056	0A	C7	8A	01	20
7056	0B	C7	8B	01	28
7056	0C	CF	8C	01	10
7056	0D	CF	8D	01	18
7056	0E	CF	8E	01	20
7056	0F	CF	8F	01	28
7057	00	B7	80	01	10
7057	01	B7	81	01	18
7057	02	B7	82	01	20
7057	03	B7	83	01	28
7057	04	BF	84	01	10
7057	05	BF	85	01	18
7057	06	BF	86	01	20
7057	07	BF	87	01	28
7057	08	C7	88	01	10
7057	09	C7	89	01	18
7057	0A	C7	8A	01	20
7057	0B	C7	8B	01	28
7057	0C	CF	8C	01	10
7057	0D	CF	8D	01	18
7057	0E	CF	8E	01	20
7057	0F	CF	8F	01	28
7058	00	B7	80	01	10
7058	01	B7	81	01	18
7058	02	B7	82	01	20
7058	03	B7	83	01	28
7058	04	BF	84	01	10
7058	05	BF	85	01	18
7058	06	BF	86	01	20
7058	07	BF	87	01	28
7058	08	C7	88	01	10
7058	09	C7	89	01	18
7058	0A	C7	8A	01	20
7058	0B	C7	8B	01	28
7058	0C	CF	8C	01	10
7058	0D	CF	8D	01	18
7058	0E	CF	8E	01	20
7058	0F	CF	8F	01	28
7059	00	B7	80	01	10
7059	01	B7	81	01	18
7059	02	B7	82	01	20
7059	03	B7	83	01	28
7059	04	BF	84	01	10
7059	05	BF	85	01	18
7059	06	BF	86	01	20
7059	07	BF	87	01	28
7059	08	C7	88	01	10
7059	09	C7	89	01	18
7059	0A	C7	8A	01	20
7059	0B	C7	8B	01	28
7059	0C	CF	8C	01	10
7059	0D	CF	8D	01	18
7059	0E	CF	8E	01	20
7059	0F	CF	8F	01	28
7060	00	B7	80	01	10
7060	01	B7	81	01	18
7060	02	B7	82	01	20
7060	03	B7	83	01	28
7060	04	BF	84	01	10
7060	05	BF	85	01	18
7060	06	BF	86	01	20
7060	07	BF	87	01	28
7060	08	C7	88	01	10
7060	09	C7	89	01	18
7060	0A	C7	8A	01	20
7060	0B	C7	8B	01	28
7060	0C	CF	8C	01	10
7060	0D	CF	8D	01	18
7060	0E	CF	8E	01	20
7060	0F	CF	8F	01	28
7061	00	B7	80	01	10
7061	01	B7	81	01	18
7061	02	B7	82	01	20
7061	03	B7	83	01	28
7061	04	BF	84	01	10
7061	05	BF	85	01	18
7061	06	BF	86	01	20
7061	07	BF	87	01	28
7061	08	C7	88	01	10
7061	09	C7	89	01	18
7061	0A	C7	8A	01	20
7061	0B	C7	8B	01	28
7061	0C	CF	8C	01	10
7061	0D	CF	8D	01	18
7061	0E	CF	8E	01	20
7061	0F	CF	8F	01	28
7062	00	B7	80	01	10
7062	01	B7	81	01	18
7062	02	B7	82	01	20
7062	03	B7	83	01	28
7062	04	BF	84	01	10
7062	05	BF	85	01	18
7062	06	BF	86	01	20
7062	07	BF	87	01	28
7062	08	C7	88	01	10
7062	09	C7	89	01	18
7062	0A	C7	8A	01	20
7062	0B	C7	8B	01	28
7062	0C	CF	8C	01	10
7062	0D	CF	8D	01	18
7062	0E	CF	8E	01	20
7062	0F	CF	8F	01	28
7063	00	B7	80	01	10
7063	01	B7	81	01	18
7063	02	B7	82	01	20
7063	03	B7	83	01	28
7063	04	BF	84	01	10
7063	05	BF	85	01	18
7063	06	BF	86	01	20
7063	07	BF	87	01	28
7063	08	C7	88	01	10
7063	09	C7	89	01	18
7063	0A	C7	8A	01	20
7063	0B	C7	8B	01	28
7063	0C	CF	8C	01	10
7063	0D	CF	8D	01	18
7063	0E	CF	8E	01	20
7063	0F	CF	8F	01	28
7064	00	B7	80	01	10
7064	01	B7	81	01	18
7064	02	B7	82	01	20
7064	03	B7	83	01	28
7064	04	BF	84	01	10
7064	05	BF	85	01	18
7064	06	BF	86	01	20
7064	07	BF	87	01	28
7064	08	C7	88	01	10
7064	09	C7	89	01	18
7064	0A	C7	8A	01	20
7064	0B	C7	8B	01	28
7064	0C	CF	8C	01	10
7064	0D	CF	8D	01	18
7064	0E	CF	8E	01	20
7064	0F	CF	8F	01	28
7065	00	B7	80	01	10
7065	01	B7	81	01	18
7065	02	B7	82	01	20
7065	03	B7	83	01	28
7065	04	BF	84	01	10
7065	05	BF	85	01	18
7065	06	BF	86	01	20
7065	07	BF	87	01	28
7065	08	C7	88	01	10
7065	09	C7	89	01	18
7065	0A	C7	8A	01	20
7065	0B	C7	8B	01	28
7065	0C	CF	8C	01	10
7065	0D	CF	8D	01	18
7065	0E	CF	8E	01	20
7065	0F	CF	8F	01	28
7066	00	B7	80	01	10
7066	01	B7	81	01	18
7066	02	B7	82	01	20
7066	03	B7	83	01	28
7066	04	BF	84	01	10
7066	05	BF	85	01	18
7066	06	BF	86	01	20
7066	07	BF	87	01	28
7066	08	C7	88	01	10
7066	09	C7	89	01	18
7066	0A	C7	8A	01	20
7066	0B	C7	8B	01	28
7066	0C	CF	8C	01	10
7066	0D	CF	8D	01	18
7066	0E	CF	8E	01	20
7066	0F	CF	8F	01	28
7066	10	70	1F	00	C4
7066	18	70	20	40	D4
7066	1D	70	20	00	CC
7066	25	70	1F	40	DC
7067	00	B7	80	01	10
7067	01	B7	81	01	18
7067	02	B7	82	01	20
7067	03	B7	83	01	28
7067	04	BF	84	01	10
7067	05	BF	85	01	18
7067	06	BF	86	01	20
7067	07	BF	87	01	28
7067	08	C7	88	01	10
7067	09	C7	89	01	18
7067	0A	C7	8A	01	20
7067	0B	C7	8B	01	28
7067	0C	CF	8C	01	10
7067	0D	CF	8D	01	18
7067	0E	CF	8E	01	20
7067	0F	CF	8F	01	28
7068	00	B7	80	01	10
7068	01	B7	81	01	18
7068	02	B7	82	01	20
7068	03	B7	83	01	28
7068	04	BF	84	01	10
7068	05	BF	85	01	18
7068	06	BF	86	01	20
7068	07	BF	87	01	28
7068	08	C7	88	01	10
7068	09	C7	89	01	18
7068	0A	C7	8A	01	20
7068	0B	C7	8B	01	28
7068	0C	CF	8C	01	10
7068	0D	CF	8D	01	18
7068	0E	CF	8E	01	20
7068	0F	CF	8F	01	28
7069	00	B7	80	01	10
7069	01	B7	81	01	18
7069	02	B7	82	01	20
7069	03	B7	83	01	28
7069	04	BF	84	01	10
7069	05	BF	85	01	18
7069	06	BF	86	01	20
7069	07	BF	87	01	28
7069	08	C7	88	01	10
7069	09	C7	89	01	18
7069	0A	C7	8A	01	20
7069	0B	C7	8B	01	28
7069	0C	CF	8C	01	10
7069	0D	CF	8D	01	18
7069	0E	CF	8E	01	20
7069	0F	CF	8F	01	28
7069	27	73	17	00	BE
7069	2F	73	18	40	CE
7069	34	73	18	00	C6
7069	3C	73	17	40	D6
7070	00	B7	80	01	10
7070	01	B7	81	01	18
7070	02	B7	82	01	20
7070	03	B7	83	01	28
7070	04	BF	84	01	10
7070	05	BF	85	01	18
7070	06	BF	86	01	20
7070	07	BF	87	01	28
7070	08	C7	88	01	10
7070	09	C7	89	01	18
7070	0A	C7	8A	01	20
7070	0B	C7	8B	01	28
7070	0C	CF	8C	01	10
7070	0D	CF	8D	01	18
7070	0E	CF	8E	01	20
7070	0F	CF	8F	01	28
7070	11	74	18	00	C4
7070	19	74	17	40	D4
7070	34	74	17	00	BC
7070	3C	74	18	40	CC
7071	00	B7	80	01	10
7071	01	B7	81	01	18
7071	02	B7	82	01	20
7071	03	B7	83	01	28
7071	04	BF	84	01	10
7071	05	BF	85	01	18
7071	06	BF	86	01	20
7071	07	BF	87	01	28
7071	08	C7	88	01	10
7071	09	C7	89	01	18
7071	0A	C7	8A	01	20
7071	0B	C7	8B	01	28
7071	0C	CF	8C	01	10
7071	0D	CF	8D	01	18
7071	0E	CF	8E	01	20
7071	0F	CF	8F	01	28
7071	11	75	1F	00	BB
7071	19	75	20	40	CB
7071	1E	75	20	00	C3
7071	26	75	1F	40	D3
7072	00	B7	80	01	10
7072	01	B7	81	01	18
7072	02	B7	82	01	20
7072	03	B7	83	01	28
7072	04	BF	84	01	10
7072	05	BF	85	01	18
7072	06	BF	86	01	20
7072	07	BF	87	01	28
7072	08	C7	88	01	10
7072	09	C7	89	01	18
7072	0A	C7	8A	01	20
7072	0B	C7	8B	01	28
7072	0C	CF	8C	01	10
7072	0D	CF	8D	01	18
7072	0E	CF	8E	01	20
7072	0F	CF	8F	01	28
7072	1E	76	1F	00	B8
7072	26	76	20	40	C8
7072	2B	76	20	00	C0
7072	33	76	1F	40	D0
7073	00	B7	80	01	10
7073	01	B7	81	01	18
7073	02	B7	82	01	20
7073	03	B7	83	01	28
7073	04	BF	84	01	10
7073	05	BF	85	01	18
7073	06	BF	86	01	20
7073	07	BF	87	01	28
7073	08	C7	88	01	10
7073	09	C7	89	01	18
7073	0A	C7	8A	01	20
7073	0B	C7	8B	01	28
7073	0C	CF	8C	01	10
7073	0D	CF	8D	01	18
7073	0E	CF	8E	01	20
7073	0F	CF	8F	01	28
7073	15	74	29	00	C8
7073	2B	74	27	00	B8
7073	38	74	28	00	C0
7074	00	B7	80	01	10
7074	01	B7	81	01	18
7074	02	B7	82	01	20
7074	03	B7	83	01	28
7074	04	BF	84	01	10
7074	05	BF	85	01	18
7074	06	BF	86	01	20
7074	07	BF	87	01	28
7074	08	C7	88	01	10
7074	09	C7	89	01	18
7074	0A	C7	8A	01	20
7074	0B	C7	8B	01	28
7074	0C	CF	8C	01	10
7074	0D	CF	8D	01	18
7074	0E	CF	8E	01	20
7074	0F	CF	8F	01	28
7074	12	75	29	00	C4
7074	28	75	27	00	B4
7074	35	75	28	00	BC
7075	00	B7	80	01	10
7075	01	B7	81	01	18
7075	02	B7	82	01	20
7075	03	B7	83	01	28
7075	04	BF	84	01	10
7075	05	BF	85	01	18
7075	06	BF	86	01	20
7075	07	BF	87	01	28
7075	08	C7	88	01	10
7075	09	C7	89	01	18
7075	0A	C7	8A	01	20
7075	0B	C7	8B	01	28
7075	0C	CF	8C	01	10
7075	0D	CF	8D	01	18
7075	0E	CF	8E	01	20
7075	0F	CF	8F	01	28
7075	12	77	18	00	B1
7075	1A	77	17	40	C1
7075	35	77	17	00	A9
7075	3D	77	18	40	B9
7076	00	B7	80	01	10
7076	01	B7	81	01	18
7076	02	B7	82	01	20
7076	03	B7	83	01	28
7076	04	BF	84	01	10
7076	05	BF	85	01	18
7076	06	BF	86	01	20
7076	07	BF	87	01	28
7076	08	C7	88	01	10
7076	09	C7	89	01	18
7076	0A	C7	8A	01	20
7076	0B	C7	8B	01	28
7076	0C	CF	8C	01	10
7076	0D	CF	8D	01	18
7076	0E	CF	8E	01	20
7076	0F	CF	8F	01	28
7076	12	76	17	00	A4
7076	1A	76	18	40	B4
7076	1F	76	18	00	AC
7076	27	76	17	40	BC
7077	00	B7	80	01	10
7077	01	B7	81	01	18
7077	02	B7	82	01	20
7077	03	B7	83	01	28
7077	04	BF	84	01	10
7077	05	BF	85	01	18
7077	06	BF	86	01	20
7077	07	BF	87	01	28
7077	08	C7	88	01	10
7077	09	C7	89	01	18
7077	0A	C7	8A	01	20
7077	0B	C7	8B	01	28
7077	0C	CF	8C	01	10
7077	0D	CF	8D	01	18
7077	0E	CF	8E	01	20
7077	0F	CF	8F	01	28
7077	1F	75	1F	00	A0
7077	27	75	20	40	B0
7077	2C	75	20	00	A8
7077	34	75	1F	40	B8
7078	00	B7	80	01	10
7078	01	B7	81	01	18
7078	02	B7	82	01	20
7078	03	B7	83	01	28
7078	04	BF	84	01	10
7078	05	BF	85	01	18
7078	06	BF	86	01	20
7078	07	BF	87	01	28
7078	08	C7	88	01	10
7078	09	C7	89	01	18
7078	0A	C7	8A	01	20
7078	0B	C7	8B	01	28
7078	0C	CF	8C	01	10
7078	0D	CF	8D	01	18
7078	0E	CF	8E	01	20
7078	0F	CF	8F	01	28
7078	11	74	1F	40	B2
7078	2C	74	1F	00	9A
7078	34	74	20	40	AA
7078	39	74	20	00	A2
7079	00	B7	80	01	10
7079	01	B7	81	01	18
7079	02	B7	82	01	20
7079	03	B7	83	01	28
7079	04	BF	84	01	10
7079	05	BF	85	01	18
7079	06	BF	86	01	20
7079	07	BF	87	01	28
7079	08	C7	88	01	10
7079	09	C7	89	01	18
7079	0A	C7	8A	01	20
7079	0B	C7	8B	01	28
7079	0C	CF	8C	01	10
7079	0D	CF	8D	01	18
7079	0E	CF	8E	01	20
7079	0F	CF	8F	01	28
7079	13	70	29	00	A7
7079	29	70	27	00	97
7079	36	70	28	00	9F
7080	00	B7	80	01	10
7080	01	B7	81	01	18
7080	02	B7	82	01	20
7080	03	B7	83	01	28
7080	04	BF	84	01	10
7080	05	BF	85	01	18
7080	06	BF	86	01	20
7080	07	BF	87	01	28
7080	08	C7	88	01	10
7080	09	C7	89	01	18
7080	0A	C7	8A	01	20
7080	0B	C7	8B	01	28
7080	0C	CF	8C	01	10
7080	0D	CF	8D	01	18
7080	0E	CF	8E	01	20
7080	0F	CF	8F	01	28
7081	00	B7	80	01	10
7081	01	B7	81	01	18
7081	02	B7	82	01	20
7081	03	B7	83	01	28
7081	04	BF	84	01	10
7081	05	BF	85	01	18
7081	06	BF	86	01	20
7081	07	BF	87	01	28
7081	08	C7	88	01	10
7081	09	C7	89	01	18
7081	0A	C7	8A	01	20
7081	0B	C7	8B	01	28
7081	0C	CF	8C	01	10
7081	0D	CF	8D	01	18
7081	0E	CF	8E	01	20
7081	0F	CF	8F	01	28
7081	13	71	17	00	82
7081	1B	71	18	40	92
7081	20	71	18	00	8A
7081	28	71	17	40	9A
7082	00	B7	80	01	10
7082	01	B7	81	01	18
7082	02	B7	82	01	20
7082	03	B7	83	01	28
7082	04	BF	84	01	10
7082	05	BF	85	01	18
7082	06	BF	86	01	20
7082	07	BF	87	01	28
7082	08	C7	88	01	10
7082	09	C7	89	01	18
7082	0A	C7	8A	01	20
7082	0B	C7	8B	01	28
7082	0C	CF	8C	01	10
7082	0D	CF	8D	01	18
7082	0E	CF	8E	01	20
7082	0F	CF	8F	01	28
7082	20	70	17	00	7A
7082	28	70	18	40	8A
7082	2D	70	18	00	82
7082	35	70	17	40	92
7083	00	B7	80	01	10
7083	01	B7	81	01	18
7083	02	B7	82	01	20
7083	03	B7	83	01	28
7083	04	BF	84	01	10
7083	05	BF	85	01	18
7083	06	BF	86	01	20
7083	07	BF	87	01	28
7083	08	C7	88	01	10
7083	09	C7	89	01	18
7083	0A	C7	8A	01	20
7083	0B	C7	8B	01	28
7083	0C	CF	8C	01	10
7083	0D	CF	8D	01	18
7083	0E	CF	8E	01	20
7083	0F	CF	8F	01	28
7084	00	B7	80	01	10
7084	01	B7	81	01	18
7084	02	B7	82	01	20
7084	03	B7	83	01	28
7084	04	BF	84	01	10
7084	05	BF	85	01	18
7084	06	BF	86	01	20
7084	07	BF	87	01	28
7084	08	C7	88	01	10
7084	09	C7	89	01	18
7084	0A	C7	8A	01	20
7084	0B	C7	8B	01	28
7084	0C	CF	8C	01	10
7084	0D	CF	8D	01	18
7084	0E	CF	8E	01	20
7084	0F	CF	8F	01	28
7085	00	B7	80	01	10
7085	01	B7	81	01	18
7085	02	B7	82	01	20
7085	03	B7	83	01	28
7085	04	BF	84	01	10
7085	05	BF	85	01	18
7085	06	BF	86	01	20
7085	07	BF	87	01	28
7085	08	C7	88	01	10
7085	09	C7	89	01	18
7085	0A	C7	8A	01	20
7085	0B	C7	8B	01	28
7085	0C	CF	8C	01	10
7085	0D	CF	8D	01	18
7085	0E	CF	8E	01	20
7085	0F	CF	8F	01	28
7086	00	B7	80	01	10
7086	01	B7	81	01	18
7086	02	B7	82	01	20
7086	03	B7	83	01	28
7086	04	BF	84	01	10
7086	05	BF	85	01	18
7086	06	BF	86	01	20
7086	07	BF	87	01	28
7086	08	C7	88	01	10
7086	09	C7	89	01	18
7086	0A	C7	8A	01	20
7086	0B	C7	8B	01	28
7086	0C	CF	8C	01	10
7086	0D	CF	8D	01	18
7086	0E	CF	8E	01	20
7086	0F	CF	8F	01	28
7087	00	B7	80	01	10
7087	01	B7	81	01	18
7087	02	B7	82	01	20
7087	03	B7	83	01	28
7087	04	BF	84	01	10
7087	05	BF	85	01	18
7087	06	BF	86	01	20
7087	07	BF	87	01	28
7087	08	C7	88	01	10
7087	09	C7	89	01	18
7087	0A	C7	8A	01	20
7087	0B	C7	8B	01	28
7087	0C	CF	8C	01	10
7087	0D	CF	8D	01	18
7087	0E	CF	8E	01	20
7087	0F	CF	8F	01	28
7088	00	B7	80	01	10
7088	01	B7	81	01	18
7088	02	B7	82	01	20
7088	03	B7	83	01	28
7088	04	BF	84	01	10
7088	05	BF	85	01	18
7088	06	BF	86	01	20
7088	07	BF	87	01	28
7088	08	C7	88	01	10
7088	09	C7	89	01	18
7088	0A	C7	8A	01	20
7088	0B	C7	8B	01	28
7088	0C	CF	8C	01	10
7088	0D	CF	8D	01	18
7088	0E	CF	8E	01	20
7088	0F	CF	8F	01	28
7089	00	B7	80	01	10
7089	01	B7	81	01	18
7089	02	B7	82	01	20
7089	03	B7	83	01	28
7089	04	BF	84	01	10
7089	05	BF	85	01	18
7089	06	BF	86	01	20
7089	07	BF	87	01	28
7089	08	C7	88	01	10
7089	09	C7	89	01	18
7089	0A	C7	8A	01	20
7089	0B	C7	8B	01	28
7089	0C	CF	8C	01	10
7089	0D	CF	8D	01	18
7089	0E	CF	8E	01	20
7089	0F	CF	8F	01	28
7090	00	B7	80	01	10
7090	01	B7	81	01	18
7090	02	B7	82	01	20
7090	03	B7	83	01	28
7090	04	BF	84	01	10
7090	05	BF	85	01	18
7090	06	BF	86	01	20
7090	07	BF	87	01	28
7090	08	C7	88	01	10
7090	09	C7	89	01	18
7090	0A	C7	8A	01	20
7090	0B	C7	8B	01	28
7090	0C	CF	8C	01	10
7090	0D	CF	8D	01	18
7090	0E	CF	8E	01	20
7090	0F	CF	8F	01	28
7091	00	B7	80	01	10
7091	01	B7	81	01	18
7091	02	B7	82	01	20
7091	03	B7	83	01	28
7091	04	BF	84	01	10
7091	05	BF	85	01	18
7091	06	BF	86	01	20
7091	07	BF	87	01	28
7091	08	C7	88	01	10
7091	09	C7	89	01	18
7091	0A	C7	8A	01	20
7091	0B	C7	8B	01	28
7091	0C	CF	8C	01	10
7091	0D	CF	8D	01	18
7091	0E	CF	8E	01	20
7091	0F	CF	8F	01	28
7092	00	B7	80	01	10
7092	01	B7	81	01	18
7092	02	B7	82	01	20
7092	03	B7	83	01	28
7092	04	BF	84	01	10
7092	05	BF	85	01	18
7092	06	BF	86	01	20
7092	07	BF	87	01	28
7092	08	C7	88	01	10
7092	09	C7	89	01	18
7092	0A	C7	8A	01	20
7092	0B	C7	8B	01	28
7092	0C	CF	8C	01	10
7092	0D	CF	8D	01	18
7092	0E	CF	8E	01	20
7092	0F	CF	8F	01	28
7093	00	B7	80	01	10
7093	01	B7	81	01	18
7093	02	B7	82	01	20
7093	03	B7	83	01	28
7093	04	BF	84	01	10
7093	05	BF	85	01	18
7093	06	BF	86	01	20
7093	07	BF	87	01	28
7093	08	C7	88	01	10
7093	09	C7	89	01	18
7093	0A	C7	8A	01	20
7093	0B	C7	8B	01	28
7093	0C	CF	8C	01	10
7093	0D	CF	8D	01	18
7093	0E	CF	8E	01	20
7093	0F	CF	8F	01	28
7094	00	B7	80	01	10
7094	01	B7	81	01	18
7094	02	B7	82	01	20
7094	03	B7	83	01	28
7094	04	BF	84	01	10
7094	05	BF	85	01	18
7094	06	BF	86	01	20
7094	07	BF	87	01	28
7094	08	C7	88	01	10
7094	09	C7	89	01	18
7094	0A	C7	8A	01	20
7094	0B	C7	8B	01	28
7094	0C	CF	8C	01	10
7094	0D	CF	8D	01	18
7094	0E	CF	8E	01	20
7094	0F	CF	8F	01	28
7095	00	B7	80	01	10
7095	01	B7	81	01	18
7095	02	B7	82	01	20
7095	03	B7	83	01	28
7095	04	BF	84	01	10
7095	05	BF	85	01	18
7095	06	BF	86	01	20
7095	07	BF	87	01	28
7095	08	C7	88	01	10
7095	09	C7	89	01	18
7095	0A	C7	8A	01	20
7095	0B	C7	8B	01	28
7095	0C	CF	8C	01	10
7095	0D	CF	8D	01	18
7095	0E	CF	8E	01	20
7095	0F	CF	8F	01	28
7096	00	B7	80	01	10
7096	01	B7	81	01	18
7096	02	B7	82	01	20
7096	03	B7	83	01	28
7096	04	BF	84	01	10
7096	05	BF	85	01	18
7096	06	BF	86	01	20
7096	07	BF	87	01	28
7096	08	C7	88	01	10
7096	09	C7	89	01	18
7096	0A	C7	8A	01	20
7096	0B	C7	8B	01	28
7096	0C	CF	8C	01	10
7096	0D	CF	8D	01	18
7096	0E	CF	8E	01	20
7096	0F	CF	8F	01	28
7097	00	B7	80	01	10
7097	01	B7	81	01	18
7097	02	B7	82	01	20
7097	03	B7	83	01	28
7097	04	BF	84	01	10
7097	05	BF	85	01	18
7097	06	BF	86	01	20
7097	07	BF	87	01	28
7097	08	C7	88	01	10
7097	09	C7	89	01	18
7097	0A	C7	8A	01	20
7097	0B	C7	8B	01	28
7097	0C	CF	8C	01	10
7097	0D	CF	8D	01	18
7097	0E	CF	8E	01	20
7097	0F	CF	8F	01	28
7098	00	B7	80	01	10
7098	01	B7	81	01	18
7098	02	B7	82	01	20
7098	03	B7	83	01	28
7098	04	BF	84	01	10
7098	05	BF	85	01	18
7098	06	BF	86	01	20
7098	07	BF	87	01	28
7098	08	C7	88	01	10
7098	09	C7	89	01	18
7098	0A	C7	8A	01	20
7098	0B	C7	8B	01	28
7098	0C	CF	8C	01	10
7098	0D	CF	8D	01	18
7098	0E	CF	8E	01	20
7098	0F	CF	8F	01	28
7099	00	B7	80	01	10
7099	01	B7	81	01	18
7099	02	B7	82	01	20
7099	03	B7	83	01	28
7099	04	BF	84	01	10
7099	05	BF	85	01	18
7099	06	BF	86	01	20
7099	07	BF	87	01	28
7099	08	C7	88	01	10
7099	09	C7	89	01	18
7099	0A	C7	8A	01	20
7099	0B	C7	8B	01	28
7099	0C	CF	8C	01	10
7099	0D	CF	8D	01	18
7099	0E	CF	8E	01	20
7099	0F	CF	8F	01	28
7100	00	B7	80	01	10
7100	01	B7	81	01	18
7100	02	B7	82	01	20
7100	03	B7	83	01	28
7100	04	BF	84	01	10
7100	05	BF	85	01	18
7100	06	BF	86	01	20
7100	07	BF	87	01	28
7100	08	C7	88	01	10
7100	09	C7	89	01	18
7100	0A	C7	8A	01	20
7100	0B	C7	8B	01	28
7100	0C	CF	8C	01	10
7100	0D	CF	8D	01	18
7100	0E	CF	8E	01	20
7100	0F	CF	8F	01	28
7101	00	B7	80	01	10
7101	01	B7	81	01	18
7101	02	B7	82	01	20
7101	03	B7	83	01	28
7101	04	BF	84	01	10
7101	05	BF	85	01	18
7101	06	BF	86	01	20
7101	07	BF	87	01	28
7101	08	C7	88	01	10
7101	09	C7	89	01	18
7101	0A	C7	8A	01	20
7101	0B	C7	8B	01	28
7101	0C	CF	8C	01	10
7101	0D	CF	8D	01	18
7101	0E	CF	8E	01	20
7101	0F	CF	8F	01	28
7102	00	B7	80	01	10
7102	01	B7	81	01	18
7102	02	B7	82	01	20
7102	03	B7	83	01	28
7102	04	BF	84	01	10
7102	05	BF	85	01	18
7102	06	BF	86	01	20
7102	07	BF	87	01	28
7102	08	C7	88	01	10
7102	09	C7	89	01	18
7102	0A	C7	8A	01	20
7102	0B	C7	8B	01	28
7102	0C	CF	8C	01	10
7102	0D	CF	8D	01	18
7102	0E	CF	8E	01	20
7102	0F	CF	8F	01	28
7103	00	B7	80	01	10
7103	01	B7	81	01	18
7103	02	B7	82	01	20
7103	03	B7	83	01	28
7103	04	BF	84	01	10
7103	05	BF	85	01	18
7103	06	BF	86	01	20
7103	07	BF	87	01	28
7103	08	C7	88	01	10
7103	09	C7	89	01	18
7103	0A	C7	8A	01	20
7103	0B	C7	8B	01	28
7103	0C	CF	8C	01	10
7103	0D	CF	8D	01	18
7103	0E	CF	8E	01	20
7103	0F	CF	8F	01	28
7103	34	7C	0E	00	59
7104	00	B7	80	01	10
7104	01	B7	81	01	18
7104	02	B7	82	01	20
7104	03	B7	83	01	28
7104	04	BF	84	01	10
7104	05	BF	85	01	18
7104	06	BF	86	01	20
7104	07	BF	87	01	28
7104	08	C7	88	01	10
7104	09	C7	89	01	18
7104	0A	C7	8A	01	20
7104	0B	C7	8B	01	28
7104	0C	CF	8C	01	10
7104	0D	CF	8D	01	18
7104	0E	CF	8E	01	20
7104	0F	CF	8F	01	28
7104	11	7C	0E	00	59
7105	00	B7	80	01	10
7105	01	B7	81	01	18
7105	02	B7	82	01	20
7105	03	B7	83	01	28
7105	04	BF	84	01	10
7105	05	BF	85	01	18
7105	06	BF	86	01	20
7105	07	BF	87	01	28
7105	08	C7	88	01	10
7105	09	C7	89	01	18
7105	0A	C7	8A	01	20
7105	0B	C7	8B	01	28
7105	0C	CF	8C	01	10
7105	0D	CF	8D	01	18
7105	0E	CF	8E	01	20
7105	0F	CF	8F	01	28
7105	1E	7C	0F	00	59
7106	00	B7	80	01	10
7106	01	B7	81	01	18
7106	02	B7	82	01	20
7106	03	B7	83	01	28
7106	04	BF	84	01	10
7106	05	BF	85	01	18
7106	06	BF	86	01	20
7106	07	BF	87	01	28
7106	08	C7	88	01	10
7106	09	C7	89	01	18
7106	0A	C7	8A	01	20
7106	0B	C7	8B	01	28
7106	0C	CF	8C	01	10
7106	0D	CF	8D	01	18
7106	0E	CF	8E	01	20
7106	0F	CF	8F	01	28
7106	2B	7C	0F	00	59
7107	00	B7	80	01	10
7107	01	B7	81	01	18
7107	02	B7	82	01	20
7107	03	B7	83	01	28
7107	04	BF	84	01	10
7107	05	BF	85	01	18
7107	06	BF	86	01	20
7107	07	BF	87	01	28
7107	08	C7	88	01	10
7107	09	C7	89	01	18
7107	0A	C7	8A	01	20
7107	0B	C7	8B	01	28
7107	0C	CF	8C	01	10
7107	0D	CF	8D	01	18
7107	0E	CF	8E	01	20
7107	0F	CF	8F	01	28
7107	15	78	10	00	55
7107	22	78	10	40	5D
7107	2F	80	10	80	55
7107	3C	80	10	C0	5D
7108	00	B7	80	01	10
7108	01	B7	81	01	18
7108	02	B7	82	01	20
7108	03	B7	83	01	28
7108	04	BF	84	01	10
7108	05	BF	85	01	18
7108	06	BF	86	01	20
7108	07	BF	87	01	28
7108	08	C7	88	01	10
7108	09	C7	89	01	18
7108	0A	C7	8A	01	20
7108	0B	C7	8B	01	28
7108	0C	CF	8C	01	10
7108	0D	CF	8D	01	18
7108	0E	CF	8E	01	20
7108	0F	CF	8F	01	28
7108	12	78	10	00	55
7108	1F	78	10	40	5D
7108	2C	80	10	80	55
7108	39	80	10	C0	5D
7109	00	B7	80	01	10
7109	01	B7	81	01	18
7109	02	B7	82	01	20
7109	03	B7	83	01	28
7109	04	BF	84	01	10
7109	05	BF	85	01	18
7109	06	BF	86	01	20
7109	07	BF	87	01	28
7109	08	C7	88	01	10
7109	09	C7	89	01	18
7109	0A	C7	8A	01	20
7109	0B	C7	8B	01	28
7109	0C	CF	8C	01	10
7109	0D	CF	8D	01	18
7109	0E	CF	8E	01	20
7109	0F	CF	8F	01	28
7109	16	7C	09	00	59
7109	1A	84	06	80	51
7109	1F	74	06	00	51
7109	23	74	06	40	61
7109	27	84	06	C0	61
7109	2C	74	07	00	59
7109	30	84	07	80	59
7109	39	7C	08	00	51
7109	3D	7C	08	40	61
7110	00	B7	80	01	10
7110	01	B7	81	01	18
7110	02	B7	82	01	20
7110	03	B7	83	01	28
7110	04	BF	84	01	10
7110	05	BF	85	01	18
7110	06	BF	86	01	20
7110	07	BF	87	01	28
7110	08	C7	88	01	10
7110	09	C7	89	01	18
7110	0A	C7	8A	01	20
7110	0B	C7	8B	01	28
7110	0C	CF	8C	01	10
7110	0D	CF	8D	01	18
7110	0E	CF	8E	01	20
7110	0F	CF	8F	01	28
7110	16	7C	08	00	51
7110	1A	7C	08	40	61
7110	23	7C	09	00	59
7110	27	84	06	80	51
7110	2C	74	06	00	51
7110	30	74	06	40	61
7110	34	84	06	C0	61
7110	39	74	07	00	59
7110	3D	84	07	80	59
7111	00	B7	80	01	10
7111	01	B7	81	01	18
7111	02	B7	82	01	20
7111	03	B7	83	01	28
7111	04	BF	84	01	10
7111	05	BF	85	01	18
7111	06	BF	86	01	20
7111	07	BF	87	01	28
7111	08	C7	88	01	10
7111	09	C7	89	01	18
7111	0A	C7	8A	01	20
7111	0B	C7	8B	01	28
7111	0C	CF	8C	01	10
7111	0D	CF	8D	01	18
7111	0E	CF	8E	01	20
7111	0F	CF	8F	01	28
7111	11	84	0B	80	59
7111	1A	7C	0C	00	51
7111	1E	7C	0C	40	61
7111	27	7C	0D	00	59
7111	2B	84	0A	C0	61
7111	30	74	0A	00	51
7111	34	74	0A	40	61
7111	38	84	0A	80	51
7111	3D	74	0B	00	59
7112	00	B7	80	01	10
7112	01	B7	81	01	18
7112	02	B7	82	01	20
7112	03	B7	83	01	28
7112	04	BF	84	01	10
7112	05	BF	85	01	18
7112	06	BF	86	01	20
7112	07	BF	87	01	28
7112	08	C7	88	01	10
7112	09	C7	89	01	18
7112	0A	C7	8A	01	20
7112	0B	C7	8B	01	28
7112	0C	CF	8C	01	10
7112	0D	CF	8D	01	18
7112	0E	CF	8E	01	20
7112	0F	CF	8F	01	28
7112	11	74	0A	40	61
7112	15	84	0A	80	51
7112	1A	74	0B	00	59
7112	1E	84	0B	80	59
7112	27	7C	0C	00	51
7112	2B	7C	0C	40	61
7112	34	7C	0D	00	59
7112	38	84	0A	C0	61
7112	3D	74	0A	00	51
7113	00	B7	80	01	10
7113	01	B7	81	01	18
7113	02	B7	82	01	20
7113	03	B7	83	01	28
7113	04	BF	84	01	10
7113	05	BF	85	01	18
7113	06	BF	86	01	20
7113	07	BF	87	01	28
7113	08	C7	88	01	10
7113	09	C7	89	01	18
7113	0A	C7	8A	01	20
7113	0B	C7	8B	01	28
7113	0C	CF	8C	01	10
7113	0D	CF	8D	01	18
7113	0E	CF	8E	01	20
7113	0F	CF	8F	01	28
7113	12	81	24	00	51
7113	16	89	28	00	59
7113	1B	79	21	00	51
7113	1F	81	25	00	59
7113	23	89	29	00	61
7113	28	79	22	00	59
7113	2C	81	26	00	61
7113	35	79	23	00	61
7113	39	89	27	00	51
7114	00	B7	80	01	10
7114	01	B7	81	01	18
7114	02	B7	82	01	20
7114	03	B7	83	01	28
7114	04	BF	84	01	10
7114	05	BF	85	01	18
7114	06	BF	86	01	20
7114	07	BF	87	01	28
7114	08	C7	88	01	10
7114	09	C7	89	01	18
7114	0A	C7	8A	01	20
7114	0B	C7	8B	01	28
7114	0C	CF	8C	01	10
7114	0D	CF	8D	01	18
7114	0E	CF	8E	01	20
7114	0F	CF	8F	01	28
7114	12	79	23	00	61
7114	16	89	27	00	51
7114	1F	81	24	00	51
7114	23	89	28	00	59
7114	28	79	21	00	51
7114	2C	81	25	00	59
7114	30	89	29	00	61
7114	35	79	22	00	59
7114	39	81	26	00	61
7115	00	B7	80	01	10
7115	01	B7	81	01	18
7115	02	B7	82	01	20
7115	03	B7	83	01	28
7115	04	BF	84	01	10
7115	05	BF	85	01	18
7115	06	BF	86	01	20
7115	07	BF	87	01	28
7115	08	C7	88	01	10
7115	09	C7	89	01	18
7115	0A	C7	8A	01	20
7115	0B	C7	8B	01	28
7115	0C	CF	8C	01	10
7115	0D	CF	8D	01	18
7115	0E	CF	8E	01	20
7115	0F	CF	8F	01	28
7116	00	B7	80	01	10
7116	01	B7	81	01	18
7116	02	B7	82	01	20
7116	03	B7	83	01	28
7116	04	BF	84	01	10
7116	05	BF	85	01	18
7116	06	BF	86	01	20
7116	07	BF	87	01	28
7116	08	C7	88	01	10
7116	09	C7	89	01	18
7116	0A	C7	8A	01	20
7116	0B	C7	8B	01	28
7116	0C	CF	8C	01	10
7116	0D	CF	8D	01	18
7116	0E	CF	8E	01	20
7116	0F	CF	8F	01	28
7117	00	B7	80	01	10
7117	01	B7	81	01	18
7117	02	B7	82	01	20
7117	03	B7	83	01	28
7117	04	BF	84	01	10
7117	05	BF	85	01	18
7117	06	BF	86	01	20
7117	07	BF	87	01	28
7117	08	C7	88	01	10
7117	09	C7	89	01	18
7117	0A	C7	8A	01	20
7117	0B	C7	8B	01	28
7117	0C	CF	8C	01	10
7117	0D	CF	8D	01	18
7117	0E	CF	8E	01	20
7117	0F	CF	8F	01	28
7118	00	B7	80	01	10
7118	01	B7	81	01	18
7118	02	B7	82	01	20
7118	03	B7	83	01	28
7118	04	BF	84	01	10
7118	05	BF	85	01	18
7118	06	BF	86	01	20
7118	07	BF	87	01	28
7118	08	C7	88	01	10
7118	09	C7	89	01	18
7118	0A	C7	8A	01	20
7118	0B	C7	8B	01	28
7118	0C	CF	8C	01	10
7118	0D	CF	8D	01	18
7118	0E	CF	8E	01	20
7118	0F	CF	8F	01	28
7119	00	B7	80	01	10
7119	01	B7	81	01	18
7119	02	B7	82	01	20
7119	03	B7	83	01	28
7119	04	BF	84	01	10
7119	05	BF	85	01	18
7119	06	BF	86	01	20
7119	07	BF	87	01	28
7119	08	C7	88	01	10
7119	09	C7	89	01	18
7119	0A	C7	8A	01	20
7119	0B	C7	8B	01	28
7119	0C	CF	8C	01	10
7119	0D	CF	8D	01	18
7119	0E	CF	8E	01	20
7119	0F	CF	8F	01	28
7120	00	B7	80	01	10
7120	01	B7	81	01	18
7120	02	B7	82	01	20
7120	03	B7	83	01	28
7120	04	BF	84	01	10
7120	05	BF	85	01	18
7120	06	BF	86	01	20
7120	07	BF	87	01	28
7120	08	C7	88	01	10
7120	09	C7	89	01	18
7120	0A	C7	8A	01	20
7120	0B	C7	8B	01	28
7120	0C	CF	8C	01	10
7120	0D	CF	8D	01	18
7120	0E	CF	8E	01	20
7120	0F	CF	8F	01	28
7121	00	B7	80	01	10
7121	01	B7	81	01	18
7121	02	B7	82	01	20
7121	03	B7	83	01	28
7121	04	BF	84	01	10
7121	05	BF	85	01	18
7121	06	BF	86	01	20
7121	07	BF	87	01	28
7121	08	C7	88	01	10
7121	09	C7	89	01	18
7121	0A	C7	8A	01	20
7121	0B	C7	8B	01	28
7121	0C	CF	8C	01	10
7121	0D	CF	8D	01	18
7121	0E	CF	8E	01	20
7121	0F	CF	8F	01	28
7122	00	B7	80	01	10
7122	01	B7	81	01	18
7122	02	B7	82	01	20
7122	03	B7	83	01	28
7122	04	BF	84	01	10
7122	05	BF	85	01	18
7122	06	BF	86	01	20
7122	07	BF	87	01	28
7122	08	C7	88	01	10
7122	09	C7	89	01	18
7122	0A	C7	8A	01	20
7122	0B	C7	8B	01	28
7122	0C	CF	8C	01	10
7122	0D	CF	8D	01	18
7122	0E	CF	8E	01	20
7122	0F	CF	8F	01	28
7123	00	B7	80	01	10
7123	01	B7	81	01	18
7123	02	B7	82	01	20
7123	03	B7	83	01	28
7123	04	BF	84	01	10
7123	05	BF	85	01	18
7123	06	BF	86	01	20
7123	07	BF	87	01	28
7123	08	C7	88	01	10
7123	09	C7	89	01	18
7123	0A	C7	8A	01	20
7123	0B	C7	8B	01	28
7123	0C	CF	8C	01	10
7123	0D	CF	8D	01	18
7123	0E	CF	8E	01	20
7123	0F	CF	8F	01	28
7124	00	B7	80	01	10
7124	01	B7	81	01	18
7124	02	B7	82	01	20
7124	03	B7	83	01	28
7124	04	BF	84	01	10
7124	05	BF	85	01	18
7124	06	BF	86	01	20
7124	07	BF	87	01	28
7124	08	C7	88	01	10
7124	09	C7	89	01	18
7124	0A	C7	8A	01	20
7124	0B	C7	8B	01	28
7124	0C	CF	8C	01	10
7124	0D	CF	8D	01	18
7124	0E	CF	8E	01	20
7124	0F	CF	8F	01	28
7125	00	B7	80	01	10
7125	01	B7	81	01	18
7125	02	B7	82	01	20
7125	03	B7	83	01	28
7125	04	BF	84	01	10
7125	05	BF	85	01	18
7125	06	BF	86	01	20
7125	07	BF	87	01	28
7125	08	C7	88	01	10
7125	09	C7	89	01	18
7125	0A	C7	8A	01	20
7125	0B	C7	8B	01	28
7125	0C	CF	8C	01	10
7125	0D	CF	8D	01	18
7125	0E	CF	8E	01	20
7125	0F	CF	8F	01	28
7126	00	B7	80	01	10
7126	01	B7	81	01	18
7126	02	B7	82	01	20
7126	03	B7	83	01	28
7126	04	BF	84	01	10
7126	05	BF	85	01	18
7126	06	BF	86	01	20
7126	07	BF	87	01	28
7126	08	C7	88	01	10
7126	09	C7	89	01	18
7126	0A	C7	8A	01	20
7126	0B	C7	8B	01	28
7126	0C	CF	8C	01	10
7126	0D	CF	8D	01	18
7126	0E	CF	8E	01	20
7126	0F	CF	8F	01	28
7127	00	B7	80	01	10
7127	01	B7	81	01	18
7127	02	B7	82	01	20
7127	03	B7	83	01	28
7127	04	BF	84	01	10
7127	05	BF	85	01	18
7127	06	BF	86	01	20
7127	07	BF	87	01	28
7127	08	C7	88	01	10
7127	09	C7	89	01	18
7127	0A	C7	8A	01	20
7127	0B	C7	8B	01	28
7127	0C	CF	8C	01	10
7127	0D	CF	8D	01	18
7127	0E	CF	8E	01	20
7127	0F	CF	8F	01	28
7128	00	B7	80	01	10
7128	01	B7	81	01	18
7128	02	B7	82	01	20
7128	03	B7	83	01	28
7128	04	BF	84	01	10
7128	05	BF	85	01	18
7128	06	BF	86	01	20
7128	07	BF	87	01	28
7128	08	C7	88	01	10
7128	09	C7	89	01	18
7128	0A	C7	8A	01	20
7128	0B	C7	8B	01	28
7128	0C	CF	8C	01	10
7128	0D	CF	8D	01	18
7128	0E	CF	8E	01	20
7128	0F	CF	8F	01	28
7129	00	B7	80	01	10
7129	01	B7	81	01	18
7129	02	B7	82	01	20
7129	03	B7	83	01	28
7129	04	BF	84	01	10
7129	05	BF	85	01	18
7129	06	BF	86	01	20
7129	07	BF	87	01	28
7129	08	C7	88	01	10
7129	09	C7	89	01	18
7129	0A	C7	8A	01	20
7129	0B	C7	8B	01	28
7129	0C	CF	8C	01	10
7129	0D	CF	8D	01	18
7129	0E	CF	8E	01	20
7129	0F	CF	8F	01	28
7130	00	B7	80	01	10
7130	01	B7	81	01	18
7130	02	B7	82	01	20
7130	03	B7	83	01	28
7130	04	BF	84	01	10
7130	05	BF	85	01	18
7130	06	BF	86	01	20
7130	07	BF	87	01	28
7130	08	C7	88	01	10
7130	09	C7	89	01	18
7130	0A	C7	8A	01	20
7130	0B	C7	8B	01	28
7130	0C	CF	8C	01	10
7130	0D	CF	8D	01	18
7130	0E	CF	8E	01	20
7130	0F	CF	8F	01	28
7131	00	B7	80	01	10
7131	01	B7	81	01	18
7131	02	B7	82	01	20
7131	03	B7	83	01	28
7131	04	BF	84	01	10
7131	05	BF	85	01	18
7131	06	BF	86	01	20
7131	07	BF	87	01	28
7131	08	C7	88	01	10
7131	09	C7	89	01	18
7131	0A	C7	8A	01	20
7131	0B	C7	8B	01	28
7131	0C	CF	8C	01	10
7131	0D	CF	8D	01	18
7131	0E	CF	8E	01	20
7131	0F	CF	8F	01	28
7132	00	B7	80	01	10
7132	01	B7	81	01	18
7132	02	B7	82	01	20
7132	03	B7	83	01	28
7132	04	BF	84	01	10
7132	05	BF	85	01	18
7132	06	BF	86	01	20
7132	07	BF	87	01	28
7132	08	C7	88	01	10
7132	09	C7	89	01	18
7132	0A	C7	8A	01	20
7132	0B	C7	8B	01	28
7132	0C	CF	8C	01	10
7132	0D	CF	8D	01	18
7132	0E	CF	8E	01	20
7132	0F	CF	8F	01	28
7133	00	B7	80	01	10
7133	01	B7	81	01	18
7133	02	B7	82	01	20
7133	03	B7	83	01	28
7133	04	BF	84	01	10
7133	05	BF	85	01	18
7133	06	BF	86	01	20
7133	07	BF	87	01	28
7133	08	C7	88	01	10
7133	09	C7	89	01	18
7133	0A	C7	8A	01	20
7133	0B	C7	8B	01	28
7133	0C	CF	8C	01	10
7133	0D	CF	8D	01	18
7133	0E	CF	8E	01	20
7133	0F	CF	8F	01	28
7133	16	72	27	00	FA
7134	00	B7	80	01	10
7134	01	B7	81	01	18
7134	02	B7	82	01	20
7134	03	B7	83	01	28
7134	04	BF	84	01	10
7134	05	BF	85	01	18
7134	06	BF	86	01	20
7134	07	BF	87	01	28
7134	08	C7	88	01	10
7134	09	C7	89	01	18
7134	0A	C7	8A	01	20
7134	0B	C7	8B	01	28
7134	0C	CF	8C	01	10
7134	0D	CF	8D	01	18
7134	0E	CF	8E	01	20
7134	0F	CF	8F	01	28
7134	23	72	27	00	FA
7135	00	B7	80	01	10
7135	01	B7	81	01	18
7135	02	B7	82	01	20
7135	03	B7	83	01	28
7135	04	BF	84	01	10
7135	05	BF	85	01	18
7135	06	BF	86	01	20
7135	07	BF	87	01	28
7135	08	C7	88	01	10
7135	09	C7	89	01	18
7135	0A	C7	8A	01	20
7135	0B	C7	8B	01	28
7135	0C	CF	8C	01	10
7135	0D	CF	8D	01	18
7135	0E	CF	8E	01	20
7135	0F	CF	8F	01	28
7136	00	B7	80	01	10
7136	01	B7	81	01	18
7136	02	B7	82	01	20
7136	03	B7	83	01	28
7136	04	BF	84	01	10
7136	05	BF	85	01	18
7136	06	BF	86	01	20
7136	07	BF	87	01	28
7136	08	C7	88	01	10
7136	09	C7	89	01	18
7136	0A	C7	8A	01	20
7136	0B	C7	8B	01	28
7136	0C	CF	8C	01	10
7136	0D	CF	8D	01	18
7136	0E	CF	8E	01	20
7136	0F	CF	8F	01	28
7137	00	B7	80	01	10
7137	01	B7	81	01	18
7137	02	B7	82	01	20
7137	03	B7	83	01	28
7137	04	BF	84	01	10
7137	05	BF	85	01	18
7137	06	BF	86	01	20
7137	07	BF	87	01	28
7137	08	C7	88	01	10
7137	09	C7	89	01	18
7137	0A	C7	8A	01	20
7137	0B	C7	8B	01	28
7137	0C	CF	8C	01	10
7137	0D	CF	8D	01	18
7137	0E	CF	8E	01	20
7137	0F	CF	8F	01	28
7138	00	B7	80	01	10
7138	01	B7	81	01	18
7138	02	B7	82	01	20
7138	03	B7	83	01	28
7138	04	BF	84	01	10
7138	05	BF	85	01	18
7138	06	BF	86	01	20
7138	07	BF	87	01	28
7138	08	C7	88	01	10
7138	09	C7	89	01	18
7138	0A	C7	8A	01	20
7138	0B	C7	8B	01	28
7138	0C	CF	8C	01	10
7138	0D	CF	8D	01	18
7138	0E	CF	8E	01	20
7138	0F	CF	8F	01	28
7139	00	B7	80	01	10
7139	01	B7	81	01	18
7139	02	B7	82	01	20
7139	03	B7	83	01	28
7139	04	BF	84	01	10
7139	05	BF	85	01	18
7139	06	BF	86	01	20
7139	07	BF	87	01	28
7139	08	C7	88	01	10
7139	09	C7	89	01	18
7139	0A	C7	8A	01	20
7139	0B	C7	8B	01	28
7139	0C	CF	8C	01	10
7139	0D	CF	8D	01	18
7139	0E	CF	8E	01	20
7139	0F	CF	8F	01	28
7140	00	B7	80	01	10
7140	01	B7	81	01	18
7140	02	B7	82	01	20
7140	03	B7	83	01	28
7140	04	BF	84	01	10
7140	05	BF	85	01	18
7140	06	BF	86	01	20
7140	07	BF	87	01	28
7140	08	C7	88	01	10
7140	09	C7	89	01	18
7140	0A	C7	8A	01	20
7140	0B	C7	8B	01	28
7140	0C	CF	8C	01	10
7140	0D	CF	8D	01	18
7140	0E	CF	8E	01	20
7140	0F	CF	8F	01	28
7141	00	B7	80	01	10
7141	01	B7	81	01	18
7141	02	B7	82	01	20
7141	03	B7	83	01	28
7141	04	BF	84	01	10
7141	05	BF	85	01	18
7141	06	BF	86	01	20
7141	07	BF	87	01	28
7141	08	C7	88	01	10
7141	09	C7	89	01	18
7141	0A	C7	8A	01	20
7141	0B	C7	8B	01	28
7141	0C	CF	8C	01	10
7141	0D	CF	8D	01	18
7141	0E	CF	8E	01	20
7141	0F	CF	8F	01	28
7142	00	B7	80	01	10
7142	01	B7	81	01	18
7142	02	B7	82	01	20
7142	03	B7	83	01	28
7142	04	BF	84	01	10
7142	05	BF	85	01	18
7142	06	BF	86	01	20
7142	07	BF	87	01	28
7142	08	C7	88	01	10
7142	09	C7	89	01	18
7142	0A	C7	8A	01	20
7142	0B	C7	8B	01	28
7142	0C	CF	8C	01	10
7142	0D	CF	8D	01	18
7142	0E	CF	8E	01	20
7142	0F	CF	8F	01	28
7143	00	B7	80	01	10
7143	01	B7	81	01	18
7143	02	B7	82	01	20
7143	03	B7	83	01	28
7143	04	BF	84	01	10
7143	05	BF	85	01	18
7143	06	BF	86	01	20
7143	07	BF	87	01	28
7143	08	C7	88	01	10
7143	09	C7	89	01	18
7143	0A	C7	8A	01	20
7143	0B	C7	8B	01	28
7143	0C	CF	8C	01	10
7143	0D	CF	8D	01	18
7143	0E	CF	8E	01	20
7143	0F	CF	8F	01	28
7143	3C	78	0E	00	E0
7144	00	B7	80	01	10
7144	01	B7	81	01	18
7144	02	B7	82	01	20
7144	03	B7	83	01	28
7144	04	BF	84	01	10
7144	05	BF	85	01	18
7144	06	BF	86	01	20
7144	07	BF	87	01	28
7144	08	C7	88	01	10
7144	09	C7	89	01	18
7144	0A	C7	8A	01	20
7144	0B	C7	8B	01	28
7144	0C	CF	8C	01	10
7144	0D	CF	8D	01	18
7144	0E	CF	8E	01	20
7144	0F	CF	8F	01	28
7144	19	78	0E	00	E0
7145	00	B7	80	01	10
7145	01	B7	81	01	18
7145	02	B7	82	01	20
7145	03	B7	83	01	28
7145	04	BF	84	01	10
7145	05	BF	85	01	18
7145	06	BF	86	01	20
7145	07	BF	87	01	28
7145	08	C7	88	01	10
7145	09	C7	89	01	18
7145	0A	C7	8A	01	20
7145	0B	C7	8B	01	28
7145	0C	CF	8C	01	10
7145	0D	CF	8D	01	18
7145	0E	CF	8E	01	20
7145	0F	CF	8F	01	28
7145	26	78	0F	00	E0
7146	00	B7	80	01	10
7146	01	B7	81	01	18
7146	02	B7	82	01	20
7146	03	B7	83	01	28
7146	04	BF	84	01	10
7146	05	BF	85	01	18
7146	06	BF	86	01	20
7146	07	BF	87	01	28
7146	08	C7	88	01	10
7146	09	C7	89	01	18
7146	0A	C7	8A	01	20
7146	0B	C7	8B	01	28
7146	0C	CF	8C	01	10
7146	0D	CF	8D	01	18
7146	0E	CF	8E	01	20
7146	0F	CF	8F	01	28
7146	33	78	0F	00	E0
7147	00	B7	80	01	10
7147	01	B7	81	01	18
7147	02	B7	82	01	20
7147	03	B7	83	01	28
7147	04	BF	84	01	10
7147	05	BF	85	01	18
7147	06	BF	86	01	20
7147	07	BF	87	01	28
7147	08	C7	88	01	10
7147	09	C7	89	01	18
7147	0A	C7	8A	01	20
7147	0B	C7	8B	01	28
7147	0C	CF	8C	01	10
7147	0D	CF	8D	01	18
7147	0E	CF	8E	01	20
7147	0F	CF	8F	01	28
7147	10	74	10	00	DC
7147	1D	74	10	40	E4
7147	2A	7C	10	80	DC
7147	37	7C	10	C0	E4
7148	00	B7	80	01	10
7148	01	B7	81	01	18
7148	02	B7	82	01	20
7148	03	B7	83	01	28
7148	04	BF	84	01	10
7148	05	BF	85	01	18
7148	06	BF	86	01	20
7148	07	BF	87	01	28
7148	08	C7	88	01	10
7148	09	C7	89	01	18
7148	0A	C7	8A	01	20
7148	0B	C7	8B	01	28
7148	0C	CF	8C	01	10
7148	0D	CF	8D	01	18
7148	0E	CF	8E	01	20
7148	0F	CF	8F	01	28
7148	1A	74	10	40	E4
7148	27	7C	10	80	DC
7148	34	7C	10	C0	E4
7148	3D	74	10	00	DC
7149	00	B7	80	01	10
7149	01	B7	81	01	18
7149	02	B7	82	01	20
7149	03	B7	83	01	28
7149	04	BF	84	01	10
7149	05	BF	85	01	18
7149	06	BF	86	01	20
7149	07	BF	87	01	28
7149	08	C7	88	01	10
7149	09	C7	89	01	18
7149	0A	C7	8A	01	20
7149	0B	C7	8B	01	28
7149	0C	CF	8C	01	10
7149	0D	CF	8D	01	18
7149	0E	CF	8E	01	20
7149	0F	CF	8F	01	28
7149	11	78	09	00	E0
7149	15	80	06	80	D8
7149	1A	70	06	00	D8
7149	1E	70	06	40	E8
7149	22	80	06	C0	E8
7149	27	70	07	00	E0
7149	2B	80	07	80	E0
7149	34	78	08	00	D8
7149	38	78	08	40	E8
7150	00	B7	80	01	10
7150	01	B7	81	01	18
7150	02	B7	82	01	20
7150	03	B7	83	01	28
7150	04	BF	84	01	10
7150	05	BF	85	01	18
7150	06	BF	86	01	20
7150	07	BF	87	01	28
7150	08	C7	88	01	10
7150	09	C7	89	01	18
7150	0A	C7	8A	01	20
7150	0B	C7	8B	01	28
7150	0C	CF	8C	01	10
7150	0D	CF	8D	01	18
7150	0E	CF	8E	01	20
7150	0F	CF	8F	01	28
7150	11	78	08	00	D8
7150	15	78	08	40	E8
7150	1E	78	09	00	E0
7150	22	80	06	80	D8
7150	27	70	06	00	D8
7150	2B	70	06	40	E8
7150	2F	80	06	C0	E8
7150	34	70	07	00	E0
7150	38	80	07	80	E0
7151	00	B7	80	01	10
7151	01	B7	81	01	18
7151	02	B7	82	01	20
7151	03	B7	83	01	28
7151	04	BF	84	01	10
7151	05	BF	85	01	18
7151	06	BF	86	01	20
7151	07	BF	87	01	28
7151	08	C7	88	01	10
7151	09	C7	89	01	18
7151	0A	C7	8A	01	20
7151	0B	C7	8B	01	28
7151	0C	CF	8C	01	10
7151	0D	CF	8D	01	18
7151	0E	CF	8E	01	20
7151	0F	CF	8F	01	28
7151	11	70	0B	00	E0
7151	15	80	0B	80	E0
7151	1E	78	0C	00	D8
7151	22	78	0C	40	E8
7151	2B	78	0D	00	E0
7151	2F	80	0A	C0	E8
7151	34	70	0A	00	D8
7151	38	70	0A	40	E8
7151	3C	80	0A	80	D8
7152	00	B7	80	01	10
7152	01	B7	81	01	18
7152	02	B7	82	01	20
7152	03	B7	83	01	28
7152	04	BF	84	01	10
7152	05	BF	85	01	18
7152	06	BF	86	01	20
7152	07	BF	87	01	28
7152	08	C7	88	01	10
7152	09	C7	89	01	18
7152	0A	C7	8A	01	20
7152	0B	C7	8B	01	28
7152	0C	CF	8C	01	10
7152	0D	CF	8D	01	18
7152	0E	CF	8E	01	20
7152	0F	CF	8F	01	28
7152	11	70	0A	00	D8
7152	15	70	0A	40	E8
7152	19	80	0A	80	D8
7152	1E	70	0B	00	E0
7152	22	80	0B	80	E0
7152	2B	78	0C	00	D8
7152	2F	78	0C	40	E8
7152	38	78	0D	00	E0
7152	3C	80	0A	C0	E8
7153	00	B7	80	01	10
7153	01	B7	81	01	18
7153	02	B7	82	01	20
7153	03	B7	83	01	28
7153	04	BF	84	01	10
7153	05	BF	85	01	18
7153	06	BF	86	01	20
7153	07	BF	87	01	28
7153	08	C7	88	01	10
7153	09	C7	89	01	18
7153	0A	C7	8A	01	20
7153	0B	C7	8B	01	28
7153	0C	CF	8C	01	10
7153	0D	CF	8D	01	18
7153	0E	CF	8E	01	20
7153	0F	CF	8F	01	28
7153	12	7D	25	00	E0
7153	16	85	29	00	E8
7153	1B	75	22	00	E0
7153	1F	7D	26	00	E8
7153	28	75	23	00	E8
7153	2C	85	27	00	D8
7153	35	7D	24	00	D8
7153	39	85	28	00	E0
7153	3E	75	21	00	D8
7154	00	B7	80	01	10
7154	01	B7	81	01	18
7154	02	B7	82	01	20
7154	03	B7	83	01	28
7154	04	BF	84	01	10
7154	05	BF	85	01	18
7154	06	BF	86	01	20
7154	07	BF	87	01	28
7154	08	C7	88	01	10
7154	09	C7	89	01	18
7154	0A	C7	8A	01	20
7154	0B	C7	8B	01	28
7154	0C	CF	8C	01	10
7154	0D	CF	8D	01	18
7154	0E	CF	8E	01	20
7154	0F	CF	8F	01	28
7154	12	7D	24	00	D8
7154	16	85	28	00	E0
7154	1B	75	21	00	D8
7154	1F	7D	25	00	E0
7154	23	85	29	00	E8
7154	28	75	22	00	E0
7154	2C	7D	26	00	E8
7154	35	75	23	00	E8
7154	39	85	27	00	D8
7155	00	B7	80	01	10
7155	01	B7	81	01	18
7155	02	B7	82	01	20
7155	03	B7	83	01	28
7155	04	BF	84	01	10
7155	05	BF	85	01	18
7155	06	BF	86	01	20
7155	07	BF	87	01	28
7155	08	C7	88	01	10
7155	09	C7	89	01	18
7155	0A	C7	8A	01	20
7155	0B	C7	8B	01	28
7155	0C	CF	8C	01	10
7155	0D	CF	8D	01	18
7155	0E	CF	8E	01	20
7155	0F	CF	8F	01	28
7155	11	80	15	40	EA
7155	12	78	13	00	D2
7155	16	88	17	00	D2
7155	1A	78	14	40	E2
7155	1E	88	18	40	E2
7155	1F	78	14	00	DA
7155	23	88	18	00	DA
7155	27	78	13	40	EA
7155	28	70	11	00	D2
7155	2B	88	17	40	EA
7155	2C	80	15	00	D2
7155	30	70	12	40	E2
7155	34	80	16	40	E2
7155	35	70	12	00	DA
7155	39	80	16	00	DA
7155	3D	70	11	40	EA
7156	00	B7	80	01	10
7156	01	B7	81	01	18
7156	02	B7	82	01	20
7156	03	B7	83	01	28
7156	04	BF	84	01	10
7156	05	BF	85	01	18
7156	06	BF	86	01	20
7156	07	BF	87	01	28
7156	08	C7	88	01	10
7156	09	C7	89	01	18
7156	0A	C7	8A	01	20
7156	0B	C7	8B	01	28
7156	0C	CF	8C	01	10
7156	0D	CF	8D	01	18
7156	0E	CF	8E	01	20
7156	0F	CF	8F	01	28
7156	11	80	16	40	E2
7156	12	70	12	00	DA
7156	16	80	16	00	DA
7156	1A	70	11	40	EA
7156	1E	80	15	40	EA
7156	1F	78	13	00	D2
7156	23	88	17	00	D2
7156	27	78	14	40	E2
7156	2B	88	18	40	E2
7156	2C	78	14	00	DA
7156	30	88	18	00	DA
7156	34	78	13	40	EA
7156	35	70	11	00	D2
7156	38	88	17	40	EA
7156	39	80	15	00	D2
7156	3D	70	12	40	E2
7157	00	B7	80	01	10
7157	01	B7	81	01	18
7157	02	B7	82	01	20
7157	03	B7	83	01	28
7157	04	BF	84	01	10
7157	05	BF	85	01	18
7157	06	BF	86	01	20
7157	07	BF	87	01	28
7157	08	C7	88	01	10
7157	09	C7	89	01	18
7157	0A	C7	8A	01	20
7157	0B	C7	8B	01	28
7157	0C	CF	8C	01	10
7157	0D	CF	8D	01	18
7157	0E	CF	8E	01	20
7157	0F	CF	8F	01	28
7157	13	80	1E	00	DC
7157	17	70	19	40	EC
7157	1B	80	1D	40	EC
7157	1C	78	1B	00	D4
7157	20	88	1F	00	D4
7157	24	78	1C	40	E4
7157	28	88	20	40	E4
7157	29	78	1C	00	DC
7157	2D	88	20	00	DC
7157	31	78	1B	40	EC
7157	32	70	19	00	D4
7157	35	88	1F	40	EC
7157	36	80	1D	00	D4
7157	3A	70	1A	40	E4
7157	3E	80	1E	40	E4
7157	3F	70	1A	00	DC
7158	00	B7	80	01	10
7158	01	B7	81	01	18
7158	02	B7	82	01	20
7158	03	B7	83	01	28
7158	04	BF	84	01	10
7158	05	BF	85	01	18
7158	06	BF	86	01	20
7158	07	BF	87	01	28
7158	08	C7	88	01	10
7158	09	C7	89	01	18
7158	0A	C7	8A	01	20
7158	0B	C7	8B	01	28
7158	0C	CF	8C	01	10
7158	0D	CF	8D	01	18
7158	0E	CF	8E	01	20
7158	0F	CF	8F	01	28
7158	12	88	1F	40	EC
7158	13	80	1D	00	D4
7158	17	70	1A	40	E4
7158	1B	80	1E	40	E4
7158	1C	70	1A	00	DC
7158	20	80	1E	00	DC
7158	24	70	19	40	EC
7158	28	80	1D	40	EC
7158	29	78	1B	00	D4
7158	2D	88	1F	00	D4
7158	31	78	1C	40	E4
7158	35	88	20	40	E4
7158	36	78	1C	00	DC
7158	3A	88	20	00	DC
7158	3E	78	1B	40	EC
7158	3F	70	19	00	D4
7159	00	B7	80	01	10
7159	01	B7	81	01	18
7159	02	B7	82	01	20
7159	03	B7	83	01	28
7159	04	BF	84	01	10
7159	05	BF	85	01	18
7159	06	BF	86	01	20
7159	07	BF	87	01	28
7159	08	C7	88	01	10
7159	09	C7	89	01	18
7159	0A	C7	8A	01	20
7159	0B	C7	8B	01	28
7159	0C	CF	8C	01	10
7159	0D	CF	8D	01	18
7159	0E	CF	8E	01	20
7159	0F	CF	8F	01	28
7159	13	7D	24	00	D8
7159	17	85	28	00	E0
7159	1C	75	21	00	D8
7159	20	7D	25	00	E0
7159	24	85	29	00	E8
7159	29	75	22	00	E0
7159	2D	7D	26	00	E8
7159	36	75	23	00	E8
7159	3A	85	27	00	D8
7160	00	B7	80	01	10
7160	01	B7	81	01	18
7160	02	B7	82	01	20
7160	03	B7	83	01	28
7160	04	BF	84	01	10
7160	05	BF	85	01	18
7160	06	BF	86	01	20
7160	07	BF	87	01	28
7160	08	C7	88	01	10
7160	09	C7	89	01	18
7160	0A	C7	8A	01	20
7160	0B	C7	8B	01	28
7160	0C	CF	8C	01	10
7160	0D	CF	8D	01	18
7160	0E	CF	8E	01	20
7160	0F	CF	8F	01	28
7160	13	75	23	00	E8
7160	17	85	27	00	D8
7160	20	7D	24	00	D8
7160	24	85	28	00	E0
7160	29	75	21	00	D8
7160	2D	7D	25	00	E0
7160	31	85	29	00	E8
7160	36	75	22	00	E0
7160	3A	7D	26	00	E8
7161	00	B7	80	01	10
7161	01	B7	81	01	18
7161	02	B7	82	01	20
7161	03	B7	83	01	28
7161	04	BF	84	01	10
7161	05	BF	85	01	18
7161	06	BF	86	01	20
7161	07	BF	87	01	28
7161	08	C7	88	01	10
7161	09	C7	89	01	18
7161	0A	C7	8A	01	20
7161	0B	C7	8B	01	28
7161	0C	CF	8C	01	10
7161	0D	CF	8D	01	18
7161	0E	CF	8E	01	20
7161	0F	CF	8F	01	28
7161	12	80	16	40	E2
7161	13	70	12	00	DA
7161	17	80	16	00	DA
7161	1B	70	11	40	EA
7161	1F	80	15	40	EA
7161	20	78	13	00	D2
7161	24	88	17	00	D2
7161	28	78	14	40	E2
7161	2C	88	18	40	E2
7161	2D	78	14	00	DA
7161	31	88	18	00	DA
7161	35	78	13	40	EA
7161	36	70	11	00	D2
7161	39	88	17	40	EA
7161	3A	80	15	00	D2
7161	3E	70	12	40	E2
7162	00	B7	80	01	10
7162	01	B7	81	01	18
7162	02	B7	82	01	20
7162	03	B7	83	01	28
7162	04	BF	84	01	10
7162	05	BF	85	01	18
7162	06	BF	86	01	20
7162	07	BF	87	01	28
7162	08	C7	88	01	10
7162	09	C7	89	01	18
7162	0A	C7	8A	01	20
7162	0B	C7	8B	01	28
7162	0C	CF	8C	01	10
7162	0D	CF	8D	01	18
7162	0E	CF	8E	01	20
7162	0F	CF	8F	01	28
7162	10	70	12	00	DA
7162	14	80	16	00	DA
7162	18	70	11	40	EA
7162	1C	80	15	40	EA
7162	1D	78	13	00	D2
7162	21	88	17	00	D2
7162	25	78	14	40	E2
7162	29	88	18	40	E2
7162	2A	78	14	00	DA
7162	2E	88	18	00	DA
7162	32	78	13	40	EA
7162	33	70	11	00	D2
7162	36	88	17	40	EA
7162	37	80	15	00	D2
7162	3B	70	12	40	E2
7162	3F	80	16	40	E2
7163	00	B7	80	01	10
7163	01	B7	81	01	18
7163	02	B7	82	01	20
7163	03	B7	83	01	28
7163	04	BF	84	01	10
7163	05	BF	85	01	18
7163	06	BF	86	01	20
7163	07	BF	87	01	28
7163	08	C7	88	01	10
7163	09	C7	89	01	18
7163	0A	C7	8A	01	20
7163	0B	C7	8B	01	28
7163	0C	CF	8C	01	10
7163	0D	CF	8D	01	18
7163	0E	CF	8E	01	20
7163	0F	CF	8F	01	28
7163	10	70	19	00	D4
7163	13	88	1F	40	EC
7163	14	80	1D	00	D4
7163	18	70	1A	40	E4
7163	1C	80	1E	40	E4
7163	1D	70	1A	00	DC
7163	21	80	1E	00	DC
7163	25	70	19	40	EC
7163	29	80	1D	40	EC
7163	2A	78	1B	00	D4
7163	2E	88	1F	00	D4
7163	32	78	1C	40	E4
7163	36	88	20	40	E4
7163	37	78	1C	00	DC
7163	3B	88	20	00	DC
7163	3F	78	1B	40	EC
7164	00	B7	80	01	10
7164	01	B7	81	01	18
7164	02	B7	82	01	20
7164	03	B7	83	01	28
7164	04	BF	84	01	10
7164	05	BF	85	01	18
7164	06	BF	86	01	20
7164	07	BF	87	01	28
7164	08	C7	88	01	10
7164	09	C7	89	01	18
7164	0A	C7	8A	01	20
7164	0B	C7	8B	01	28
7164	0C	CF	8C	01	10
7164	0D	CF	8D	01	18
7164	0E	CF	8E	01	20
7164	0F	CF	8F	01	28
7164	13	88	20	40	E4
7164	14	78	1C	00	DC
7164	18	88	20	00	DC
7164	1C	78	1B	40	EC
7164	1D	70	19	00	D4
7164	20	88	1F	40	EC
7164	21	80	1D	00	D4
7164	25	70	1A	40	E4
7164	29	80	1E	40	E4
7164	2A	70	1A	00	DC
7164	2E	80	1E	00	DC
7164	32	70	19	40	EC
7164	36	80	1D	40	EC
7164	37	78	1B	00	D4
7164	3B	88	1F	00	D4
7164	3F	78	1C	40	E4
7165	00	B7	80	01	10
7165	01	B7	81	01	18
7165	02	B7	82	01	20
7165	03	B7	83	01	28
7165	04	BF	84	01	10
7165	05	BF	85	01	18
7165	06	BF	86	01	20
7165	07	BF	87	01	28
7165	08	C7	88	01	10
7165	09	C7	89	01	18
7165	0A	C7	8A	01	20
7165	0B	C7	8B	01	28
7165	0C	CF	8C	01	10
7165	0D	CF	8D	01	18
7165	0E	CF	8E	01	20
7165	0F	CF	8F	01	28
7165	14	75	23	00	E8
7165	18	85	27	00	D8
7165	21	7D	24	00	D8
7165	25	85	28	00	E0
7165	2A	75	21	00	D8
7165	2E	7D	25	00	E0
7165	32	85	29	00	E8
7165	37	75	22	00	E0
7165	3B	7D	26	00	E8
7166	00	B7	80	01	10
7166	01	B7	81	01	18
7166	02	B7	82	01	20
7166	03	B7	83	01	28
7166	04	BF	84	01	10
7166	05	BF	85	01	18
7166	06	BF	86	01	20
7166	07	BF	87	01	28
7166	08	C7	88	01	10
7166	09	C7	89	01	18
7166	0A	C7	8A	01	20
7166	0B	C7	8B	01	28
7166	0C	CF	8C	01	10
7166	0D	CF	8D	01	18
7166	0E	CF	8E	01	20
7166	0F	CF	8F	01	28
7166	14	75	22	00	E0
7166	18	7D	26	00	E8
7166	21	75	23	00	E8
7166	25	85	27	00	D8
7166	2E	7D	24	00	D8
7166	32	85	28	00	E0
7166	37	75	21	00	D8
7166	3B	7D	25	00	E0
7166	3F	85	29	00	E8
7167	00	B7	80	01	10
7167	01	B7	81	01	18
7167	02	B7	82	01	20
7167	03	B7	83	01	28
7167	04	BF	84	01	10
7167	05	BF	85	01	18
7167	06	BF	86	01	20
7167	07	BF	87	01	28
7167	08	C7	88	01	10
7167	09	C7	89	01	18
7167	0A	C7	8A	01	20
7167	0B	C7	8B	01	28
7167	0C	CF	8C	01	10
7167	0D	CF	8D	01	18
7167	0E	CF	8E	01	20
7167	0F	CF	8F	01	28
7167	10	80	16	40	E2
7167	11	70	12	00	DA
7167	15	80	16	00	DA
7167	19	70	11	40	EA
7167	1D	80	15	40	EA
7167	1E	78	13	00	D2
7167	22	88	17	00	D2
7167	26	78	14	40	E2
7167	2A	88	18	40	E2
7167	2B	78	14	00	DA
7167	2F	88	18	00	DA
7167	33	78	13	40	EA
7167	34	70	11	00	D2
7167	37	88	17	40	EA
7167	38	80	15	00	D2
7167	3C	70	12	40	E2
7168	00	B7	80	01	10
7168	01	B7	81	01	18
7168	02	B7	82	01	20
7168	03	B7	83	01	28
7168	04	BF	84	01	10
7168	05	BF	85	01	18
7168	06	BF	86	01	20
7168	07	BF	87	01	28
7168	08	C7	88	01	10
7168	09	C7	89	01	18
7168	0A	C7	8A	01	20
7168	0B	C7	8B	01	28
7168	0C	CF	8C	01	10
7168	0D	CF	8D	01	18
7168	0E	CF	8E	01	20
7168	0F	CF	8F	01	28
7168	10	78	13	40	EA
7168	11	70	11	00	D2
7168	14	88	17	40	EA
7168	15	80	15	00	D2
7168	19	70	12	40	E2
7168	1D	80	16	40	E2
7168	1E	70	12	00	DA
7168	22	80	16	00	DA
7168	26	70	11	40	EA
7168	2A	80	15	40	EA
7168	2B	78	13	00	D2
7168	2F	88	17	00	D2
7168	33	78	14	40	E2
7168	37	88	18	40	E2
7168	38	78	14	00	DA
7168	3C	88	18	00	DA
7169	00	B7	80	01	10
7169	01	B7	81	01	18
7169	02	B7	82	01	20
7169	03	B7	83	01	28
7169	04	BF	84	01	10
7169	05	BF	85	01	18
7169	06	BF	86	01	20
7169	07	BF	87	01	28
7169	08	C7	88	01	10
7169	09	C7	89	01	18
7169	0A	C7	8A	01	20
7169	0B	C7	8B	01	28
7169	0C	CF	8C	01	10
7169	0D	CF	8D	01	18
7169	0E	CF	8E	01	20
7169	0F	CF	8F	01	28
7169	10	78	1C	40	E4
7169	14	88	20	40	E4
7169	15	78	1C	00	DC
7169	19	88	20	00	DC
7169	1D	78	1B	40	EC
7169	1E	70	19	00	D4
7169	21	88	1F	40	EC
7169	22	80	1D	00	D4
7169	26	70	1A	40	E4
7169	2A	80	1E	40	E4
7169	2B	70	1A	00	DC
7169	2F	80	1E	00	DC
7169	33	70	19	40	EC
7169	37	80	1D	40	EC
7169	38	78	1B	00	D4
7169	3C	88	1F	00	D4
7170	00	B7	80	01	10
7170	01	B7	81	01	18
7170	02	B7	82	01	20
7170	03	B7	83	01	28
7170	04	BF	84	01	10
7170	05	BF	85	01	18
7170	06	BF	86	01	20
7170	07	BF	87	01	28
7170	08	C7	88	01	10
7170	09	C7	89	01	18
7170	0A	C7	8A	01	20
7170	0B	C7	8B	01	28
7170	0C	CF	8C	01	10
7170	0D	CF	8D	01	18
7170	0E	CF	8E	01	20
7170	0F	CF	8F	01	28
7170	10	70	19	40	EC
7170	14	80	1D	40	EC
7170	15	78	1B	00	D4
7170	19	88	1F	00	D4
7170	1D	78	1C	40	E4
7170	21	88	20	40	E4
7170	22	78	1C	00	DC
7170	26	88	20	00	DC
7170	2A	78	1B	40	EC
7170	2B	70	19	00	D4
7170	2E	88	1F	40	EC
7170	2F	80	1D	00	D4
7170	33	70	1A	40	E4
7170	37	80	1E	40	E4
7170	38	70	1A	00	DC
7170	3C	80	1E	00	DC
7171	00	B7	80	01	10
7171	01	B7	81	01	18
7171	02	B7	82	01	20
7171	03	B7	83	01	28
7171	04	BF	84	01	10
7171	05	BF	85	01	18
7171	06	BF	86	01	20
7171	07	BF	87	01	28
7171	08	C7	88	01	10
7171	09	C7	89	01	18
7171	0A	C7	8A	01	20
7171	0B	C7	8B	01	28
7171	0C	CF	8C	01	10
7171	0D	CF	8D	01	18
7171	0E	CF	8E	01	20
7171	0F	CF	8F	01	28
7171	10	80	0A	80	D8
7171	15	70	0B	00	E0
7171	19	80	0B	80	E0
7171	22	78	0C	00	D8
7171	26	78	0C	40	E8
7171	2F	78	0D	00	E0
7171	33	80	0A	C0	E8
7171	38	70	0A	00	D8
7171	3C	70	0A	40	E8
7172	00	B7	80	01	10
7172	01	B7	81	01	18
7172	02	B7	82	01	20
7172	03	B7	83	01	28
7172	04	BF	84	01	10
7172	05	BF	85	01	18
7172	06	BF	86	01	20
7172	07	BF	87	01	28
7172	08	C7	88	01	10
7172	09	C7	89	01	18
7172	0A	C7	8A	01	20
7172	0B	C7	8B	01	28
7172	0C	CF	8C	01	10
7172	0D	CF	8D	01	18
7172	0E	CF	8E	01	20
7172	0F	CF	8F	01	28
7172	12	70	0B	00	E0
7172	16	80	0B	80	E0
7172	1F	78	0C	00	D8
7172	23	78	0C	40	E8
7172	2C	78	0D	00	E0
7172	30	80	0A	C0	E8
7172	35	70	0A	00	D8
7172	39	70	0A	40	E8
7172	3D	80	0A	80	D8
7173	00	B7	80	01	10
7173	01	B7	81	01	18
7173	02	B7	82	01	20
7173	03	B7	83	01	28
7173	04	BF	84	01	10
7173	05	BF	85	01	18
7173	06	BF	86	01	20
7173	07	BF	87	01	28
7173	08	C7	88	01	10
7173	09	C7	89	01	18
7173	0A	C7	8A	01	20
7173	0B	C7	8B	01	28
7173	0C	CF	8C	01	10
7173	0D	CF	8D	01	18
7173	0E	CF	8E	01	20
7173	0F	CF	8F	01	28
7173	12	70	06	00	D8
7173	16	70	06	40	E8
7173	1A	80	06	C0	E8
7173	1F	70	07	00	E0
7173	23	80	07	80	E0
7173	2C	78	08	00	D8
7173	30	78	08	40	E8
7173	39	78	09	00	E0
7173	3D	80	06	80	D8
7174	00	B7	80	01	10
7174	01	B7	81	01	18
7174	02	B7	82	01	20
7174	03	B7	83	01	28
7174	04	BF	84	01	10
7174	05	BF	85	01	18
7174	06	BF	86	01	20
7174	07	BF	87	01	28
7174	08	C7	88	01	10
7174	09	C7	89	01	18
7174	0A	C7	8A	01	20
7174	0B	C7	8B	01	28
7174	0C	CF	8C	01	10
7174	0D	CF	8D	01	18
7174	0E	CF	8E	01	20
7174	0F	CF	8F	01	28
7174	16	78	09	00	E0
7174	1A	80	06	80	D8
7174	1F	70	06	00	D8
7174	23	70	06	40	E8
7174	27	80	06	C0	E8
7174	2C	70	07	00	E0
7174	30	80	07	80	E0
7174	39	78	08	00	D8
7174	3D	78	08	40	E8
7175	00	B7	80	01	10
7175	01	B7	81	01	18
7175	02	B7	82	01	20
7175	03	B7	83	01	28
7175	04	BF	84	01	10
7175	05	BF	85	01	18
7175	06	BF	86	01	20
7175	07	BF	87	01	28
7175	08	C7	88	01	10
7175	09	C7	89	01	18
7175	0A	C7	8A	01	20
7175	0B	C7	8B	01	28
7175	0C	CF	8C	01	10
7175	0D	CF	8D	01	18
7175	0E	CF	8E	01	20
7175	0F	CF	8F	01	28
7175	16	7C	10	80	DC
7175	23	7C	10	C0	E4
7175	2C	74	10	00	DC
7175	39	74	10	40	E4
7176	00	B7	80	01	10
7176	01	B7	81	01	18
7176	02	B7	82	01	20
7176	03	B7	83	01	28
7176	04	BF	84	01	10
7176	05	BF	85	01	18
7176	06	BF	86	01	20
7176	07	BF	87	01	28
7176	08	C7	88	01	10
7176	09	C7	89	01	18
7176	0A	C7	8A	01	20
7176	0B	C7	8B	01	28
7176	0C	CF	8C	01	10
7176	0D	CF	8D	01	18
7176	0E	CF	8E	01	20
7176	0F	CF	8F	01	28
7176	16	74	10	40	E4
7176	23	7C	10	80	DC
7176	30	7C	10	C0	E4
7176	39	74	10	00	DC
7177	00	B7	80	01	10
7177	01	B7	81	01	18
7177	02	B7	82	01	20
7177	03	B7	83	01	28
7177	04	BF	84	01	10
7177	05	BF	85	01	18
7177	06	BF	86	01	20
7177	07	BF	87	01	28
7177	08	C7	88	01	10
7177	09	C7	89	01	18
7177	0A	C7	8A	01	20
7177	0B	C7	8B	01	28
7177	0C	CF	8C	01	10
7177	0D	CF	8D	01	18
7177	0E	CF	8E	01	20
7177	0F	CF	8F	01	28
7177	36	78	0F	00	E0
7178	00	B7	80	01	10
7178	01	B7	81	01	18
7178	02	B7	82	01	20
7178	03	B7	83	01	28
7178	04	BF	84	01	10
7178	05	BF	85	01	18
7178	06	BF	86	01	20
7178	07	BF	87	01	28
7178	08	C7	88	01	10
7178	09	C7	89	01	18
7178	0A	C7	8A	01	20
7178	0B	C7	8B	01	28
7178	0C	CF	8C	01	10
7178	0D	CF	8D	01	18
7178	0E	CF	8E	01	20
7178	0F	CF	8F	01	28
7178	13	78	0F	00	E0
7179	00	B7	80	01	10
7179	01	B7	81	01	18
7179	02	B7	82	01	20
7179	03	B7	83	01	28
7179	04	BF	84	01	10
7179	05	BF	85	01	18
7179	06	BF	86	01	20
7179	07	BF	87	01	28
7179	08	C7	88	01	10
7179	09	C7	89	01	18
7179	0A	C7	8A	01	20
7179	0B	C7	8B	01	28
7179	0C	CF	8C	01	10
7179	0D	CF	8D	01	18
7179	0E	CF	8E	01	20
7179	0F	CF	8F	01	28
7179	20	78	0E	00	E0
7180	00	B7	80	01	10
7180	01	B7	81	01	18
7180	02	B7	82	01	20
7180	03	B7	83	01	28
7180	04	BF	84	01	10
7180	05	BF	85	01	18
7180	06	BF	86	01	20
7180	07	BF	87	01	28
7180	08	C7	88	01	10
7180	09	C7	89	01	18
7180	0A	C7	8A	01	20
7180	0B	C7	8B	01	28
7180	0C	CF	8C	01	10
7180	0D	CF	8D	01	18
7180	0E	CF	8E	01	20
7180	0F	CF	8F	01	28
7180	2D	78	0E	00	E0
7181	00	B7	80	01	10
7181	01	B7	81	01	18
7181	02	B7	82	01	20
7181	03	B7	83	01	28
7181	04	BF	84	01	10
7181	05	BF	85	01	18
7181	06	BF	86	01	20
7181	07	BF	87	01	28
7181	08	C7	88	01	10
7181	09	C7	89	01	18
7181	0A	C7	8A	01	20
7181	0B	C7	8B	01	28
7181	0C	CF	8C	01	10
7181	0D	CF	8D	01	18
7181	0E	CF	8E	01	20
7181	0F	CF	8F	01	28
7182	00	B7	80	01	10
7182	01	B7	81	01	18
7182	02	B7	82	01	20
7182	03	B7	83	01	28
7182	04	BF	84	01	10
7182	05	BF	85	01	18
7182	06	BF	86	01	20
7182	07	BF	87	01	28
7182	08	C7	88	01	10
7182	09	C7	89	01	18
7182	0A	C7	8A	01	20
7182	0B	C7	8B	01	28
7182	0C	CF	8C	01	10
7182	0D	CF	8D	01	18
7182	0E	CF	8E	01	20
7182	0F	CF	8F	01	28
7183	00	B7	80	01	10
7183	01	B7	81	01	18
7183	02	B7	82	01	20
7183	03	B7	83	01	28
7183	04	BF	84	01	10
7183	05	BF	85	01	18
7183	06	BF	86	01	20
7183	07	BF	87	01	28
7183	08	C7	88	01	10
7183	09	C7	89	01	18
7183	0A	C7	8A	01	20
7183	0B	C7	8B	01	28
7183	0C	CF	8C	01	10
7183	0D	CF	8D	01	18
7183	0E	CF	8E	01	20
7183	0F	CF	8F	01	28
7184	00	B7	80	01	10
7184	01	B7	81	01	18
7184	02	B7	82	01	20
7184	03	B7	83	01	28
7184	04	BF	84	01	10
7184	05	BF	85	01	18
7184	06	BF	86	01	20
7184	07	BF	87	01	28
7184	08	C7	88	01	10
7184	09	C7	89	01	18
7184	0A	C7	8A	01	20
7184	0B	C7	8B	01	28
7184	0C	CF	8C	01	10
7184	0D	CF	8D	01	18
7184	0E	CF	8E	01	20
7184	0F	CF	8F	01	28
7185	00	B7	80	01	10
7185	01	B7	81	01	18
7185	02	B7	82	01	20
7185	03	B7	83	01	28
7185	04	BF	84	01	10
7185	05	BF	85	01	18
7185	06	BF	86	01	20
7185	07	BF	87	01	28
7185	08	C7	88	01	10
7185	09	C7	89	01	18
7185	0A	C7	8A	01	20
7185	0B	C7	8B	01	28
7185	0C	CF	8C	01	10
7185	0D	CF	8D	01	18
7185	0E	CF	8E	01	20
7185	0F	CF	8F	01	28
7186	00	B7	80	01	10
7186	01	B7	81	01	18
7186	02	B7	82	01	20
7186	03	B7	83	01	28
7186	04	BF	84	01	10
7186	05	BF	85	01	18
7186	06	BF	86	01	20
7186	07	BF	87	01	28
7186	08	C7	88	01	10
7186	09	C7	89	01	18
7186	0A	C7	8A	01	20
7186	0B	C7	8B	01	28
7186	0C	CF	8C	01	10
7186	0D	CF	8D	01	18
7186	0E	CF	8E	01	20
7186	0F	CF	8F	01	28
7187	00	B7	A0	01	10
7187	01	B7	A1	01	18
7187	02	B7	A2	01	20
7187	03	B7	A3	01	28
7187	04	BF	A4	01	10
7187	05	BF	A5	01	18
7187	06	BF	A6	01	20
7187	07	BF	A7	01	28
7187	08	C7	A8	01	10
7187	09	C7	A9	01	18
7187	0A	C7	AA	01	20
7187	0B	C7	AB	01	28
7187	0C	CF	AC	01	10
7187	0D	CF	AD	01	18
7187	0E	CF	AE	01	20
7187	0F	CF	AF	01	28
7188	00	B7	A0	01	10
7188	01	B7	A1	01	18
7188	02	B7	A2	01	20
7188	03	B7	A3	01	28
7188	04	BF	A4	01	10
7188	05	BF	A5	01	18
7188	06	BF	A6	01	20
7188	07	BF	A7	01	28
7188	08	C7	A8	01	10
7188	09	C7	A9	01	18
7188	0A	C7	AA	01	20
7188	0B	C7	AB	01	28
7188	0C	CF	AC	01	10
7188	0D	CF	AD	01	18
7188	0E	CF	AE	01	20
7188	0F	CF	AF	01	28
7189	00	B7	A0	01	10
7189	01	B7	A1	01	18
7189	02	B7	A2	01	20
7189	03	B7	A3	01	28
7189	04	BF	A4	01	10
7189	05	BF	A5	01	18
7189	06	BF	A6	01	20
7189	07	BF	A7	01	28
7189	08	C7	A8	01	10
7189	09	C7	A9	01	18
7189	0A	C7	AA	01	20
7189	0B	C7	AB	01	28
7189	0C	CF	AC	01	10
7189	0D	CF	AD	01	18
7189	0E	CF	AE	01	20
7189	0F	CF	AF	01	28
7190	00	B7	A0	01	10
7190	01	B7	A1	01	18
7190	02	B7	A2	01	20
7190	03	B7	A3	01	28
7190	04	BF	A4	01	10
7190	05	BF	A5	01	18
7190	06	BF	A6	01	20
7190	07	BF	A7	01	28
7190	08	C7	A8	01	10
7190	09	C7	A9	01	18
7190	0A	C7	AA	01	20
7190	0B	C7	AB	01	28
7190	0C	CF	AC	01	10
7190	0D	CF	AD	01	18
7190	0E	CF	AE	01	20
7190	0F	CF	AF	01	28
7191	00	B7	A0	01	10
7191	01	B7	A1	01	18
7191	02	B7	A2	01	20
7191	03	B7	A3	01	28
7191	04	BF	A4	01	10
7191	05	BF	A5	01	18
7191	06	BF	A6	01	20
7191	07	BF	A7	01	28
7191	08	C7	A8	01	10
7191	09	C7	A9	01	18
7191	0A	C7	AA	01	20
7191	0B	C7	AB	01	28
7191	0C	CF	AC	01	10
7191	0D	CF	AD	01	18
7191	0E	CF	AE	01	20
7191	0F	CF	AF	01	28
7192	00	B7	A0	01	10
7192	01	B7	A1	01	18
7192	02	B7	A2	01	20
7192	03	B7	A3	01	28
7192	04	BF	A4	01	10
7192	05	BF	A5	01	18
7192	06	BF	A6	01	20
7192	07	BF	A7	01	28
7192	08	C7	A8	01	10
7192	09	C7	A9	01	18
7192	0A	C7	AA	01	20
7192	0B	C7	AB	01	28
7192	0C	CF	AC	01	10
7192	0D	CF	AD	01	18
7192	0E	CF	AE	01	20
7192	0F	CF	AF	01	28
7193	00	B7	A0	01	10
7193	01	B7	A1	01	18
7193	02	B7	A2	01	20
7193	03	B7	A3	01	28
7193	04	BF	A4	01	10
7193	05	BF	A5	01	18
7193	06	BF	A6	01	20
7193	07	BF	A7	01	28
7193	08	C7	A8	01	10
7193	09	C7	A9	01	18
7193	0A	C7	AA	01	20
7193	0B	C7	AB	01	28
7193	0C	CF	AC	01	10
7193	0D	CF	AD	01	18
7193	0E	CF	AE	01	20
7193	0F	CF	AF	01	28
7194	00	B7	A0	01	10
7194	01	B7	A1	01	18
7194	02	B7	A2	01	20
7194	03	B7	A3	01	28
7194	04	BF	A4	01	10
7194	05	BF	A5	01	18
7194	06	BF	A6	01	20
7194	07	BF	A7	01	28
7194	08	C7	A8	01	10
7194	09	C7	A9	01	18
7194	0A	C7	AA	01	20
7194	0B	C7	AB	01	28
7194	0C	CF	AC	01	10
7194	0D	CF	AD	01	18
7194	0E	CF	AE	01	20
7194	0F	CF	AF	01	28
7195	00	B7	A0	01	10
7195	01	B7	A1	01	18
7195	02	B7	A2	01	20
7195	03	B7	A3	01	28
7195	04	BF	A4	01	10
7195	05	BF	A5	01	18
7195	06	BF	A6	01	20
7195	07	BF	A7	01	28
7195	08	C7	A8	01	10
7195	09	C7	A9	01	18
7195	0A	C7	AA	01	20
7195	0B	C7	AB	01	28
7195	0C	CF	AC	01	10
7195	0D	CF	AD	01	18
7195	0E	CF	AE	01	20
7195	0F	CF	AF	01	28
7196	00	B7	A0	01	10
7196	01	B7	A1	01	18
7196	02	B7	A2	01	20
7196	03	B7	A3	01	28
7196	04	BF	A4	01	10
7196	05	BF	A5	01	18
7196	06	BF	A6	01	20
7196	07	BF	A7	01	28
7196	08	C7	A8	01	10
7196	09	C7	A9	01	18
7196	0A	C7	AA	01	20
7196	0B	C7	AB	01	28
7196	0C	CF	AC	01	10
7196	0D	CF	AD	01	18
7196	0E	CF	AE	01	20
7196	0F	CF	AF	01	28
7197	00	B7	A0	01	10
7197	01	B7	A1	01	18
7197	02	B7	A2	01	20
7197	03	B7	A3	01	28
7197	04	BF	A4	01	10
7197	05	BF	A5	01	18
7197	06	BF	A6	01	20
7197	07	BF	A7	01	28
7197	08	C7	A8	01	10
7197	09	C7	A9	01	18
7197	0A	C7	AA	01	20
7197	0B	C7	AB	01	28
7197	0C	CF	AC	01	10
7197	0D	CF	AD	01	18
7197	0E	CF	AE	01	20
7197	0F	CF	AF	01	28
7198	00	B7	A0	01	10
7198	01	B7	A1	01	18
7198	02	B7	A2	01	20
7198	03	B7	A3	01	28
7198	04	BF	A4	01	10
7198	05	BF	A5	01	18
7198	06	BF	A6	01	20
7198	07	BF	A7	01	28
7198	08	C7	A8	01	10
7198	09	C7	A9	01	18
7198	0A	C7	AA	01	20
7198	0B	C7	AB	01	28
7198	0C	CF	AC	01	10
7198	0D	CF	AD	01	18
7198	0E	CF	AE	01	20
7198	0F	CF	AF	01	28
7199	00	B7	A0	01	10
7199	01	B7	A1	01	18
7199	02	B7	A2	01	20
7199	03	B7	A3	01	28
7199	04	BF	A4	01	10
7199	05	BF	A5	01	18
7199	06	BF	A6	01	20
7199	07	BF	A7	01	28
7199	08	C7	A8	01	10
7199	09	C7	A9	01	18
7199	0A	C7	AA	01	20
7199	0B	C7	AB	01	28
7199	0C	CF	AC	01	10
7199	0D	CF	AD	01	18
7199	0E	CF	AE	01	20
7199	0F	CF	AF	01	28
7200	00	B7	A0	01	10
7200	01	B7	A1	01	18
7200	02	B7	A2	01	20
7200	03	B7	A3	01	28
7200	04	BF	A4	01	10
7200	05	BF	A5	01	18
7200	06	BF	A6	01	20
7200	07	BF	A7	01	28
7200	08	C7	A8	01	10
7200	09	C7	A9	01	18
7200	0A	C7	AA	01	20
7200	0B	C7	AB	01	28
7200	0C	CF	AC	01	10
7200	0D	CF	AD	01	18
7200	0E	CF	AE	01	20
7200	0F	CF	AF	01	28
7201	00	B7	A0	01	10
7201	01	B7	A1	01	18
7201	02	B7	A2	01	20
7201	03	B7	A3	01	28
7201	04	BF	A4	01	10
7201	05	BF	A5	01	18
7201	06	BF	A6	01	20
7201	07	BF	A7	01	28
7201	08	C7	A8	01	10
7201	09	C7	A9	01	18
7201	0A	C7	AA	01	20
7201	0B	C7	AB	01	28
7201	0C	CF	AC	01	10
7201	0D	CF	AD	01	18
7201	0E	CF	AE	01	20
7201	0F	CF	AF	01	28
7202	00	B7	A0	01	10
7202	01	B7	A1	01	18
7202	02	B7	A2	01	20
7202	03	B7	A3	01	28
7202	04	BF	A4	01	10
7202	05	BF	A5	01	18
7202	06	BF	A6	01	20
7202	07	BF	A7	01	28
7202	08	C7	A8	01	10
7202	09	C7	A9	01	18
7202	0A	C7	AA	01	20
7202	0B	C7	AB	01	28
7202	0C	CF	AC	01	10
7202	0D	CF	AD	01	18
7202	0E	CF	AE	01	20
7202	0F	CF	AF	01	28
7203	00	B7	A0	01	10
7203	01	B7	A1	01	18
7203	02	B7	A2	01	20
7203	03	B7	A3	01	28
7203	04	BF	A4	01	10
7203	05	BF	A5	01	18
7203	06	BF	A6	01	20
7203	07	BF	A7	01	28
7203	08	C7	A8	01	10
7203	09	C7	A9	01	18
7203	0A	C7	AA	01	20
7203	0B	C7	AB	01	28
7203	0C	CF	AC	01	10
7203	0D	CF	AD	01	18
7203	0E	CF	AE	01	20
7203	0F	CF	AF	01	28
7204	00	B7	A0	01	10
7204	01	B7	A1	01	18
7204	02	B7	A2	01	20
7204	03	B7	A3	01	28
7204	04	BF	A4	01	10
7204	05	BF	A5	01	18
7204	06	BF	A6	01	20
7204	07	BF	A7	01	28
7204	08	C7	A8	01	10
7204	09	C7	A9	01	18
7204	0A	C7	AA	01	20
7204	0B	C7	AB	01	28
7204	0C	CF	AC	01	10
7204	0D	CF	AD	01	18
7204	0E	CF	AE	01	20
7204	0F	CF	AF	01	28
7205	00	B7	A0	01	10
7205	01	B7	A1	01	18
7205	02	B7	A2	01	20
7205	03	B7	A3	01	28
7205	04	BF	A4	01	10
7205	05	BF	A5	01	18
7205	06	BF	A6	01	20
7205	07	BF	A7	01	28
7205	08	C7	A8	01	10
7205	09	C7	A9	01	18
7205	0A	C7	AA	01	20
7205	0B	C7	AB	01	28
7205	0C	CF	AC	01	10
7205	0D	CF	AD	01	18
7205	0E	CF	AE	01	20
7205	0F	CF	AF	01	28
7206	00	B7	A0	01	10
7206	01	B7	A1	01	18
7206	02	B7	A2	01	20
7206	03	B7	A3	01	28
7206	04	BF	A4	01	10
7206	05	BF	A5	01	18
7206	06	BF	A6	01	20
7206	07	BF	A7	01	28
7206	08	C7	A8	01	10
7206	09	C7	A9	01	18
7206	0A	C7	AA	01	20
7206	0B	C7	AB	01	28
7206	0C	CF	AC	01	10
7206	0D	CF	AD	01	18
7206	0E	CF	AE	01	20
7206	0F	CF	AF	01	28
7207	00	B7	A0	01	10
7207	01	B7	A1	01	18
7207	02	B7	A2	01	20
7207	03	B7	A3	01	28
7207	04	BF	A4	01	10
7207	05	BF	A5	01	18
7207	06	BF	A6	01	20
7207	07	BF	A7	01	28
7207	08	C7	A8	01	10
7207	09	C7	A9	01	18
7207	0A	C7	AA	01	20
7207	0B	C7	AB	01	28
7207	0C	CF	AC	01	10
7207	0D	CF	AD	01	18
7207	0E	CF	AE	01	20
7207	0F	CF	AF	01	28
7208	00	B7	A0	01	10
7208	01	B7	A1	01	18
7208	02	B7	A2	01	20
7208	03	B7	A3	01	28
7208	04	BF	A4	01	10
7208	05	BF	A5	01	18
7208	06	BF	A6	01	20
7208	07	BF	A7	01	28
7208	08	C7	A8	01	10
7208	09	C7	A9	01	18
7208	0A	C7	AA	01	20
7208	0B	C7	AB	01	28
7208	0C	CF	AC	01	10
7208	0D	CF	AD	01	18
7208	0E	CF	AE	01	20
7208	0F	CF	AF	01	28
7209	00	B7	A0	01	10
7209	01	B7	A1	01	18
7209	02	B7	A2	01	20
7209	03	B7	A3	01	28
7209	04	BF	A4	01	10
7209	05	BF	A5	01	18
7209	06	BF	A6	01	20
7209	07	BF	A7	01	28
7209	08	C7	A8	01	10
7209	09	C7	A9	01	18
7209	0A	C7	AA	01	20
7209	0B	C7	AB	01	28
7209	0C	CF	AC	01	10
7209	0D	CF	AD	01	18
7209	0E	CF	AE	01	20
7209	0F	CF	AF	01	28
7210	00	B7	A0	01	10
7210	01	B7	A1	01	18
7210	02	B7	A2	01	20
7210	03	B7	A3	01	28
7210	04	BF	A4	01	10
7210	05	BF	A5	01	18
7210	06	BF	A6	01	20
7210	07	BF	A7	01	28
7210	08	C7	A8	01	10
7210	09	C7	A9	01	18
7210	0A	C7	AA	01	20
7210	0B	C7	AB	01	28
7210	0C	CF	AC	01	10
7210	0D	CF	AD	01	18
7210	0E	CF	AE	01	20
7210	0F	CF	AF	01	28
7211	00	B7	A0	01	10
7211	01	B7	A1	01	18
7211	02	B7	A2	01	20
7211	03	B7	A3	01	28
7211	04	BF	A4	01	10
7211	05	BF	A5	01	18
7211	06	BF	A6	01	20
7211	07	BF	A7	01	28
7211	08	C7	A8	01	10
7211	09	C7	A9	01	18
7211	0A	C7	AA	01	20
7211	0B	C7	AB	01	28
7211	0C	CF	AC	01	10
7211	0D	CF	AD	01	18
7211	0E	CF	AE	01	20
7211	0F	CF	AF	01	28
7212	00	B7	A0	01	10
7212	01	B7	A1	01	18
7212	02	B7	A2	01	20
7212	03	B7	A3	01	28
7212	04	BF	A4	01	10
7212	05	BF	A5	01	18
7212	06	BF	A6	01	20
7212	07	BF	A7	01	28
7212	08	C7	A8	01	10
7212	09	C7	A9	01	18
7212	0A	C7	AA	01	20
7212	0B	C7	AB	01	28
7212	0C	CF	AC	01	10
7212	0D	CF	AD	01	18
7212	0E	CF	AE	01	20
7212	0F	CF	AF	01	28
7213	00	B7	A0	01	10
7213	01	B7	A1	01	18
7213	02	B7	A2	01	20
7213	03	B7	A3	01	28
7213	04	BF	A4	01	10
7213	05	BF	A5	01	18
7213	06	BF	A6	01	20
7213	07	BF	A7	01	28
7213	08	C7	A8	01	10
7213	09	C7	A9	01	18
7213	0A	C7	AA	01	20
7213	0B	C7	AB	01	28
7213	0C	CF	AC	01	10
7213	0D	CF	AD	01	18
7213	0E	CF	AE	01	20
7213	0F	CF	AF	01	28
7214	00	B7	A0	01	10
7214	01	B7	A1	01	18
7214	02	B7	A2	01	20
7214	03	B7	A3	01	28
7214	04	BF	A4	01	10
7214	05	BF	A5	01	18
7214	06	BF	A6	01	20
7214	07	BF	A7	01	28
7214	08	C7	A8	01	10
7214	09	C7	A9	01	18
7214	0A	C7	AA	01	20
7214	0B	C7	AB	01	28
7214	0C	CF	AC	01	10
7214	0D	CF	AD	01	18
7214	0E	CF	AE	01	20
7214	0F	CF	AF	01	28
7215	00	B7	A0	01	10
7215	01	B7	A1	01	18
7215	02	B7	A2	01	20
7215	03	B7	A3	01	28
7215	04	BF	A4	01	10
7215	05	BF	A5	01	18
7215	06	BF	A6	01	20
7215	07	BF	A7	01	28
7215	08	C7	A8	01	10
7215	09	C7	A9	01	18
7215	0A	C7	AA	01	20
7215	0B	C7	AB	01	28
7215	0C	CF	AC	01	10
7215	0D	CF	AD	01	18
7215	0E	CF	AE	01	20
7215	0F	CF	AF	01	28
7216	00	B7	A0	01	10
7216	01	B7	A1	01	18
7216	02	B7	A2	01	20
7216	03	B7	A3	01	28
7216	04	BF	A4	01	10
7216	05	BF	A5	01	18
7216	06	BF	A6	01	20
7216	07	BF	A7	01	28
7216	08	C7	A8	01	10
7216	09	C7	A9	01	18
7216	0A	C7	AA	01	20
7216	0B	C7	AB	01	28
7216	0C	CF	AC	01	10
7216	0D	CF	AD	01	18
7216	0E	CF	AE	01	20
7216	0F	CF	AF	01	28
7217	00	B7	A0	01	10
7217	01	B7	A1	01	18
7217	02	B7	A2	01	20
7217	03	B7	A3	01	28
7217	04	BF	A4	01	10
7217	05	BF	A5	01	18
7217	06	BF	A6	01	20
7217	07	BF	A7	01	28
7217	08	C7	A8	01	10
7217	09	C7	A9	01	18
7217	0A	C7	AA	01	20
7217	0B	C7	AB	01	28
7217	0C	CF	AC	01	10
7217	0D	CF	AD	01	18
7217	0E	CF	AE	01	20
7217	0F	CF	AF	01	28
7218	00	B7	A0	01	10
7218	01	B7	A1	01	18
7218	02	B7	A2	01	20
7218	03	B7	A3	01	28
7218	04	BF	A4	01	10
7218	05	BF	A5	01	18
7218	06	BF	A6	01	20
7218	07	BF	A7	01	28
7218	08	C7	A8	01	10
7218	09	C7	A9	01	18
7218	0A	C7	AA	01	20
7218	0B	C7	AB	01	28
7218	0C	CF	AC	01	10
7218	0D	CF	AD	01	18
7218	0E	CF	AE	01	20
7218	0F	CF	AF	01	28
7219	00	B7	A0	01	10
7219	01	B7	A1	01	18
7219	02	B7	A2	01	20
7219	03	B7	A3	01	28
7219	04	BF	A4	01	10
7219	05	BF	A5	01	18
7219	06	BF	A6	01	20
7219	07	BF	A7	01	28
7219	08	C7	A8	01	10
7219	09	C7	A9	01	18
7219	0A	C7	AA	01	20
7219	0B	C7	AB	01	28
7219	0C	CF	AC	01	10
7219	0D	CF	AD	01	18
7219	0E	CF	AE	01	20
7219	0F	CF	AF	01	28
7220	00	B7	A0	01	10
7220	01	B7	A1	01	18
7220	02	B7	A2	01	20
7220	03	B7	A3	01	28
7220	04	BF	A4	01	10
7220	05	BF	A5	01	18
7220	06	BF	A6	01	20
7220	07	BF	A7	01	28
7220	08	C7	A8	01	10
7220	09	C7	A9	01	18
7220	0A	C7	AA	01	20
7220	0B	C7	AB	01	28
7220	0C	CF	AC	01	10
7220	0D	CF	AD	01	18
7220	0E	CF	AE	01	20
7220	0F	CF	AF	01	28
7221	00	B7	A0	01	10
7221	01	B7	A1	01	18
7221	02	B7	A2	01	20
7221	03	B7	A3	01	28
7221	04	BF	A4	01	10
7221	05	BF	A5	01	18
7221	06	BF	A6	01	20
7221	07	BF	A7	01	28
7221	08	C7	A8	01	10
7221	09	C7	A9	01	18
7221	0A	C7	AA	01	20
7221	0B	C7	AB	01	28
7221	0C	CF	AC	01	10
7221	0D	CF	AD	01	18
7221	0E	CF	AE	01	20
7221	0F	CF	AF	01	28
7222	00	B7	A0	01	10
7222	01	B7	A1	01	18
7222	02	B7	A2	01	20
7222	03	B7	A3	01	28
7222	04	BF	A4	01	10
7222	05	BF	A5	01	18
7222	06	BF	A6	01	20
7222	07	BF	A7	01	28
7222	08	C7	A8	01	10
7222	09	C7	A9	01	18
7222	0A	C7	AA	01	20
7222	0B	C7	AB	01	28
7222	0C	CF	AC	01	10
7222	0D	CF	AD	01	18
7222	0E	CF	AE	01	20
7222	0F	CF	AF	01	28
7223	00	B7	A0	01	10
7223	01	B7	A1	01	18
7223	02	B7	A2	01	20
7223	03	B7	A3	01	28
7223	04	BF	A4	01	10
7223	05	BF	A5	01	18
7223	06	BF	A6	01	20
7223	07	BF	A7	01	28
7223	08	C7	A8	01	10
7223	09	C7	A9	01	18
7223	0A	C7	AA	01	20
7223	0B	C7	AB	01	28
7223	0C	CF	AC	01	10
7223	0D	CF	AD	01	18
7223	0E	CF	AE	01	20
7223	0F	CF	AF	01	28
7224	00	B7	A0	01	10
7224	01	B7	A1	01	18
7224	02	B7	A2	01	20
7224	03	B7	A3	01	28
7224	04	BF	A4	01	10
7224	05	BF	A5	01	18
7224	06	BF	A6	01	20
7224	07	BF	A7	01	28
7224	08	C7	A8	01	10
7224	09	C7	A9	01	18
7224	0A	C7	AA	01	20
7224	0B	C7	AB	01	28
7224	0C	CF	AC	01	10
7224	0D	CF	AD	01	18
7224	0E	CF	AE	01	20
7224	0F	CF	AF	01	28
7225	00	B7	A0	01	10
7225	01	B7	A1	01	18
7225	02	B7	A2	01	20
7225	03	B7	A3	01	28
7225	04	BF	A4	01	10
7225	05	BF	A5	01	18
7225	06	BF	A6	01	20
7225	07	BF	A7	01	28
7225	08	C7	A8	01	10
7225	09	C7	A9	01	18
7225	0A	C7	AA	01	20
7225	0B	C7	AB	01	28
7225	0C	CF	AC	01	10
7225	0D	CF	AD	01	18
7225	0E	CF	AE	01	20
7225	0F	CF	AF	01	28
7226	00	B7	A0	01	10
7226	01	B7	A1	01	18
7226	02	B7	A2	01	20
7226	03	B7	A3	01	28
7226	04	BF	A4	01	10
7226	05	BF	A5	01	18
7226	06	BF	A6	01	20
7226	07	BF	A7	01	28
7226	08	C7	A8	01	10
7226	09	C7	A9	01	18
7226	0A	C7	AA	01	20
7226	0B	C7	AB	01	28
7226	0C	CF	AC	01	10
7226	0D	CF	AD	01	18
7226	0E	CF	AE	01	20
7226	0F	CF	AF	01	28
7227	00	B7	A0	01	10
7227	01	B7	A1	01	18
7227	02	B7	A2	01	20
7227	03	B7	A3	01	28
7227	04	BF	A4	01	10
7227	05	BF	A5	01	18
7227	06	BF	A6	01	20
7227	07	BF	A7	01	28
7227	08	C7	A8	01	10
7227	09	C7	A9	01	18
7227	0A	C7	AA	01	20
7227	0B	C7	AB	01	28
7227	0C	CF	AC	01	10
7227	0D	CF	AD	01	18
7227	0E	CF	AE	01	20
7227	0F	CF	AF	01	28
7228	00	B7	A0	01	10
7228	01	B7	A1	01	18
7228	02	B7	A2	01	20
7228	03	B7	A3	01	28
7228	04	BF	A4	01	10
7228	05	BF	A5	01	18
7228	06	BF	A6	01	20
7228	07	BF	A7	01	28
7228	08	C7	A8	01	10
7228	09	C7	A9	01	18
7228	0A	C7	AA	01	20
7228	0B	C7	AB	01	28
7228	0C	CF	AC	01	10
7228	0D	CF	AD	01	18
7228	0E	CF	AE	01	20
7228	0F	CF	AF	01	28
7229	00	B7	A0	01	10
7229	01	B7	A1	01	18
7229	02	B7	A2	01	20
7229	03	B7	A3	01	28
7229	04	BF	A4	01	10
7229	05	BF	A5	01	18
7229	06	BF	A6	01	20
7229	07	BF	A7	01	28
7229	08	C7	A8	01	10
7229	09	C7	A9	01	18
7229	0A	C7	AA	01	20
7229	0B	C7	AB	01	28
7229	0C	CF	AC	01	10
7229	0D	CF	AD	01	18
7229	0E	CF	AE	01	20
7229	0F	CF	AF	01	28
7230	00	B7	A0	01	10
7230	01	B7	A1	01	18
7230	02	B7	A2	01	20
7230	03	B7	A3	01	28
7230	04	BF	A4	01	10
7230	05	BF	A5	01	18
7230	06	BF	A6	01	20
7230	07	BF	A7	01	28
7230	08	C7	A8	01	10
7230	09	C7	A9	01	18
7230	0A	C7	AA	01	20
7230	0B	C7	AB	01	28
7230	0C	CF	AC	01	10
7230	0D	CF	AD	01	18
7230	0E	CF	AE	01	20
7230	0F	CF	AF	01	28
7231	00	B7	A0	01	10
7231	01	B7	A1	01	18
7231	02	B7	A2	01	20
7231	03	B7	A3	01	28
7231	04	BF	A4	01	10
7231	05	BF	A5	01	18
7231	06	BF	A6	01	20
7231	07	BF	A7	01	28
7231	08	C7	A8	01	10
7231	09	C7	A9	01	18
7231	0A	C7	AA	01	20
7231	0B	C7	AB	01	28
7231	0C	CF	AC	01	10
7231	0D	CF	AD	01	18
7231	0E	CF	AE	01	20
7231	0F	CF	AF	01	28
7232	00	B7	A0	01	10
7232	01	B7	A1	01	18
7232	02	B7	A2	01	20
7232	03	B7	A3	01	28
7232	04	BF	A4	01	10
7232	05	BF	A5	01	18
7232	06	BF	A6	01	20
7232	07	BF	A7	01	28
7232	08	C7	A8	01	10
7232	09	C7	A9	01	18
7232	0A	C7	AA	01	20
7232	0B	C7	AB	01	28
7232	0C	CF	AC	01	10
7232	0D	CF	AD	01	18
7232	0E	CF	AE	01	20
7232	0F	CF	AF	01	28
7233	00	B7	A0	01	10
7233	01	B7	A1	01	18
7233	02	B7	A2	01	20
7233	03	B7	A3	01	28
7233	04	BF	A4	01	10
7233	05	BF	A5	01	18
7233	06	BF	A6	01	20
7233	07	BF	A7	01	28
7233	08	C7	A8	01	10
7233	09	C7	A9	01	18
7233	0A	C7	AA	01	20
7233	0B	C7	AB	01	28
7233	0C	CF	AC	01	10
7233	0D	CF	AD	01	18
7233	0E	CF	AE	01	20
7233	0F	CF	AF	01	28
7234	00	B7	A0	01	10
7234	01	B7	A1	01	18
7234	02	B7	A2	01	20
7234	03	B7	A3	01	28
7234	04	BF	A4	01	10
7234	05	BF	A5	01	18
7234	06	BF	A6	01	20
7234	07	BF	A7	01	28
7234	08	C7	A8	01	10
7234	09	C7	A9	01	18
7234	0A	C7	AA	01	20
7234	0B	C7	AB	01	28
7234	0C	CF	AC	01	10
7234	0D	CF	AD	01	18
7234	0E	CF	AE	01	20
7234	0F	CF	AF	01	28
7235	00	B7	A0	01	10
7235	01	B7	A1	01	18
7235	02	B7	A2	01	20
7235	03	B7	A3	01	28
7235	04	BF	A4	01	10
7235	05	BF	A5	01	18
7235	06	BF	A6	01	20
7235	07	BF	A7	01	28
7235	08	C7	A8	01	10
7235	09	C7	A9	01	18
7235	0A	C7	AA	01	20
7235	0B	C7	AB	01	28
7235	0C	CF	AC	01	10
7235	0D	CF	AD	01	18
7235	0E	CF	AE	01	20
7235	0F	CF	AF	01	28
7236	00	B7	A0	01	10
7236	01	B7	A1	01	18
7236	02	B7	A2	01	20
7236	03	B7	A3	01	28
7236	04	BF	A4	01	10
7236	05	BF	A5	01	18
7236	06	BF	A6	01	20
7236	07	BF	A7	01	28
7236	08	C7	A8	01	10
7236	09	C7	A9	01	18
7236	0A	C7	AA	01	20
7236	0B	C7	AB	01	28
7236	0C	CF	AC	01	10
7236	0D	CF	AD	01	18
7236	0E	CF	AE	01	20
7236	0F	CF	AF	01	28
7237	00	B7	A0	01	10
7237	01	B7	A1	01	18
7237	02	B7	A2	01	20
7237	03	B7	A3	01	28
7237	04	BF	A4	01	10
7237	05	BF	A5	01	18
7237	06	BF	A6	01	20
7237	07	BF	A7	01	28
7237	08	C7	A8	01	10
7237	09	C7	A9	01	18
7237	0A	C7	AA	01	20
7237	0B	C7	AB	01	28
7237	0C	CF	AC	01	10
7237	0D	CF	AD	01	18
7237	0E	CF	AE	01	20
7237	0F	CF	AF	01	28
7238	00	B7	A0	01	10
7238	01	B7	A1	01	18
7238	02	B7	A2	01	20
7238	03	B7	A3	01	28
7238	04	BF	A4	01	10
7238	05	BF	A5	01	18
7238	06	BF	A6	01	20
7238	07	BF	A7	01	28
7238	08	C7	A8	01	10
7238	09	C7	A9	01	18
7238	0A	C7	AA	01	20
7238	0B	C7	AB	01	28
7238	0C	CF	AC	01	10
7238	0D	CF	AD	01	18
7238	0E	CF	AE	01	20
7238	0F	CF	AF	01	28
7239	00	B7	A0	01	10
7239	01	B7	A1	01	18
7239	02	B7	A2	01	20
7239	03	B7	A3	01	28
7239	04	BF	A4	01	10
7239	05	BF	A5	01	18
7239	06	BF	A6	01	20
7239	07	BF	A7	01	28
7239	08	C7	A8	01	10
7239	09	C7	A9	01	18
7239	0A	C7	AA	01	20
7239	0B	C7	AB	01	28
7239	0C	CF	AC	01	10
7239	0D	CF	AD	01	18
7239	0E	CF	AE	01	20
7239	0F	CF	AF	01	28
7240	00	B7	A0	01	10
7240	01	B7	A1	01	18
7240	02	B7	A2	01	20
7240	03	B7	A3	01	28
7240	04	BF	A4	01	10
7240	05	BF	A5	01	18
7240	06	BF	A6	01	20
7240	07	BF	A7	01	28
7240	08	C7	A8	01	10
7240	09	C7	A9	01	18
7240	0A	C7	AA	01	20
7240	0B	C7	AB	01	28
7240	0C	CF	AC	01	10
7240	0D	CF	AD	01	18
7240	0E	CF	AE	01	20
7240	0F	CF	AF	01	28
7241	00	B7	A0	01	10
7241	01	B7	A1	01	18
7241	02	B7	A2	01	20
7241	03	B7	A3	01	28
7241	04	BF	A4	01	10
7241	05	BF	A5	01	18
7241	06	BF	A6	01	20
7241	07	BF	A7	01	28
7241	08	C7	A8	01	10
7241	09	C7	A9	01	18
7241	0A	C7	AA	01	20
7241	0B	C7	AB	01	28
7241	0C	CF	AC	01	10
7241	0D	CF	AD	01	18
7241	0E	CF	AE	01	20
7241	0F	CF	AF	01	28
7242	00	B7	A0	01	10
7242	01	B7	A1	01	18
7242	02	B7	A2	01	20
7242	03	B7	A3	01	28
7242	04	BF	A4	01	10
7242	05	BF	A5	01	18
7242	06	BF	A6	01	20
7242	07	BF	A7	01	28
7242	08	C7	A8	01	10
7242	09	C7	A9	01	18
7242	0A	C7	AA	01	20
7242	0B	C7	AB	01	28
7242	0C	CF	AC	01	10
7242	0D	CF	AD	01	18
7242	0E	CF	AE	01	20
7242	0F	CF	AF	01	28
7243	00	B7	A0	01	10
7243	01	B7	A1	01	18
7243	02	B7	A2	01	20
7243	03	B7	A3	01	28
7243	04	BF	A4	01	10
7243	05	BF	A5	01	18
7243	06	BF	A6	01	20
7243	07	BF	A7	01	28
7243	08	C7	A8	01	10
7243	09	C7	A9	01	18
7243	0A	C7	AA	01	20
7243	0B	C7	AB	01	28
7243	0C	CF	AC	01	10
7243	0D	CF	AD	01	18
7243	0E	CF	AE	01	20
7243	0F	CF	AF	01	28
7244	00	B7	A0	01	10
7244	01	B7	A1	01	18
7244	02	B7	A2	01	20
7244	03	B7	A3	01	28
7244	04	BF	A4	01	10
7244	05	BF	A5	01	18
7244	06	BF	A6	01	20
7244	07	BF	A7	01	28
7244	08	C7	A8	01	10
7244	09	C7	A9	01	18
7244	0A	C7	AA	01	20
7244	0B	C7	AB	01	28
7244	0C	CF	AC	01	10
7244	0D	CF	AD	01	18
7244	0E	CF	AE	01	20
7244	0F	CF	AF	01	28
7245	00	B7	A0	01	10
7245	01	B7	A1	01	18
7245	02	B7	A2	01	20
7245	03	B7	A3	01	28
7245	04	BF	A4	01	10
7245	05	BF	A5	01	18
7245	06	BF	A6	01	20
7245	07	BF	A7	01	28
7245	08	C7	A8	01	10
7245	09	C7	A9	01	18
7245	0A	C7	AA	01	20
7245	0B	C7	AB	01	28
7245	0C	CF	AC	01	10
7245	0D	CF	AD	01	18
7245	0E	CF	AE	01	20
7245	0F	CF	AF	01	28
7246	00	B7	A0	01	10
7246	01	B7	A1	01	18
7246	02	B7	A2	01	20
7246	03	B7	A3	01	28
7246	04	BF	A4	01	10
7246	05	BF	A5	01	18
7246	06	BF	A6	01	20
7246	07	BF	A7	01	28
7246	08	C7	A8	01	10
7246	09	C7	A9	01	18
7246	0A	C7	AA	01	20
7246	0B	C7	AB	01	28
7246	0C	CF	AC	01	10
7246	0D	CF	AD	01	18
7246	0E	CF	AE	01	20
7246	0F	CF	AF	01	28
7247	00	B7	A0	01	10
7247	01	B7	A1	01	18
7247	02	B7	A2	01	20
7247	03	B7	A3	01	28
7247	04	BF	A4	01	10
7247	05	BF	A5	01	18
7247	06	BF	A6	01	20
7247	07	BF	A7	01	28
7247	08	C7	A8	01	10
7247	09	C7	A9	01	18
7247	0A	C7	AA	01	20
7247	0B	C7	AB	01	28
7247	0C	CF	AC	01	10
7247	0D	CF	AD	01	18
7247	0E	CF	AE	01	20
7247	0F	CF	AF	01	28
7248	00	B7	A0	01	10
7248	01	B7	A1	01	18
7248	02	B7	A2	01	20
7248	03	B7	A3	01	28
7248	04	BF	A4	01	10
7248	05	BF	A5	01	18
7248	06	BF	A6	01	20
7248	07	BF	A7	01	28
7248	08	C7	A8	01	10
7248	09	C7	A9	01	18
7248	0A	C7	AA	01	20
7248	0B	C7	AB	01	28
7248	0C	CF	AC	01	10
7248	0D	CF	AD	01	18
7248	0E	CF	AE	01	20
7248	0F	CF	AF	01	28
7249	00	B7	A0	01	10
7249	01	B7	A1	01	18
7249	02	B7	A2	01	20
7249	03	B7	A3	01	28
7249	04	BF	A4	01	10
7249	05	BF	A5	01	18
7249	06	BF	A6	01	20
7249	07	BF	A7	01	28
7249	08	C7	A8	01	10
7249	09	C7	A9	01	18
7249	0A	C7	AA	01	20
7249	0B	C7	AB	01	28
7249	0C	CF	AC	01	10
7249	0D	CF	AD	01	18
7249	0E	CF	AE	01	20
7249	0F	CF	AF	01	28
7250	00	B7	A0	01	10
7250	01	B7	A1	01	18
7250	02	B7	A2	01	20
7250	03	B7	A3	01	28
7250	04	BF	A4	01	10
7250	05	BF	A5	01	18
7250	06	BF	A6	01	20
7250	07	BF	A7	01	28
7250	08	C7	A8	01	10
7250	09	C7	A9	01	18
7250	0A	C7	AA	01	20
7250	0B	C7	AB	01	28
7250	0C	CF	AC	01	10
7250	0D	CF	AD	01	18
7250	0E	CF	AE	01	20
7250	0F	CF	AF	01	28
