frame	crossing	04D9	03BC_03C5	03C6_03CF
6750	10	E2	FC FC 08 00 00 00 00 00 00 00	E2 0A 00 00 00 00 00 00 00 00
6751	10	E2	FC FC 08 00 00 00 00 00 00 00	E2 0A 00 00 00 00 00 00 00 00
6752	10	E2	FC FC 08 00 00 00 00 00 00 00	E2 0A 00 00 00 00 00 00 00 00
6753	10	E2	FC FC 08 00 00 00 00 00 00 00	E2 0A 00 00 00 00 00 00 00 00
6754	10	E2	FC FC 08 00 00 00 00 00 00 00	E2 0A 00 00 00 00 00 00 00 00
6755	10	E2	FC FC 08 00 00 00 00 00 00 00	E2 0A 00 00 00 00 00 00 00 00
6756	10	E2	FC FC 08 00 00 00 00 00 00 00	E2 0A 00 00 00 00 00 00 00 00
6757	10	E2	FC FC 08 00 00 00 00 00 00 00	E2 0A 00 00 00 00 00 00 00 00
6758	10	E2	FC FC 08 00 00 00 00 00 00 00	E2 0A 00 00 00 00 00 00 00 00
6759	10	E2	FC FC 08 00 00 00 00 00 00 00	E2 0A 00 00 00 00 00 00 00 00
6760	10	E2	FC FC 08 00 00 00 00 00 00 00	E2 0A 00 00 00 00 00 00 00 00
6761	10	E2	FC FC 08 00 00 00 00 00 00 00	E2 0A 00 00 00 00 00 00 00 00
6762	10	E2	FC FC 08 00 00 00 00 00 00 00	E2 0A 00 00 00 00 00 00 00 00
6763	10	E2	FC FC 08 00 00 00 00 00 00 00	E2 0A 00 00 00 00 00 00 00 00
6764	10	E2	FC FC 08 00 00 00 00 00 00 00	E2 0A 00 00 00 00 00 00 00 00
6765	10	E2	FC FC 08 00 00 00 00 00 00 00	E2 0A 00 00 00 00 00 00 00 00
6766	10	E2	FC FC 08 00 00 00 00 00 00 00	E2 0A 00 00 00 00 00 00 00 00
6767	10	E2	FC FC 08 00 00 00 00 00 00 00	E2 0A 00 00 00 00 00 00 00 00
6768	10	E2	FC FC 08 00 00 00 00 00 00 00	E2 0A 00 00 00 00 00 00 00 00
6769	10	E2	FC FC 08 00 00 00 00 00 00 00	E2 0A 00 00 00 00 00 00 00 00
6770	10	E2	FC FC 08 00 00 00 00 00 00 00	E2 0A 00 00 00 00 00 00 00 00
6771	10	E2	FC FC 08 00 00 00 00 00 00 00	E2 0A 00 00 00 00 00 00 00 00
6772	10	E2	FC FC 08 00 00 00 00 00 00 00	E2 0A 00 00 00 00 00 00 00 00
6773	10	E2	FC FC 08 00 00 00 00 00 00 00	E2 0A 00 00 00 00 00 00 00 00
6774	10	E2	FC FC 08 00 00 00 00 00 00 00	E2 0A 00 00 00 00 00 00 00 00
6775	10	E2	FC FC 08 00 00 00 00 00 00 00	E2 0A 00 00 00 00 00 00 00 00
6776	10	E2	FC FC 08 00 00 00 00 00 00 00	E2 0A 00 00 00 00 00 00 00 00
6777	10	E2	FC FC 08 00 00 00 00 00 00 00	E2 0A 00 00 00 00 00 00 00 00
6778	10	E2	FC FC 08 00 00 00 00 00 00 00	E2 0A 00 00 00 00 00 00 00 00
6779	10	E2	FC FC 08 00 00 00 00 00 00 00	E2 0A 00 00 00 00 00 00 00 00
6780	10	E2	FC FC 08 00 00 00 00 00 00 00	E2 0A 00 00 00 00 00 00 00 00
6781	10	E2	FC FC 08 00 00 00 00 00 00 00	E2 0A 00 00 00 00 00 00 00 00
6782	10	E2	FC FC 08 00 00 00 00 00 00 00	E2 0A 00 00 00 00 00 00 00 00
6783	10	E2	FC FC 08 00 00 00 00 00 00 00	E2 0A 00 00 00 00 00 00 00 00
6784	10	E2	FC FC 08 00 00 00 00 00 00 00	E2 0A 00 00 00 00 00 00 00 00
6785	10	E2	FC FC 08 00 00 00 00 00 00 00	E2 0A 00 00 00 00 00 00 00 00
6786	10	E2	FC FC 08 00 00 00 00 00 00 00	E2 0A 00 00 00 00 00 00 00 00
6787	10	E2	FC FC 08 00 00 00 00 00 00 00	E2 0A 00 00 00 00 00 00 00 00
6788	10	E2	FC FC 08 00 00 00 00 00 00 00	E2 0A 00 00 00 00 00 00 00 00
6789	16	E2	FC FC 08 00 00 00 00 00 00 00	E2 0A 00 00 00 00 00 00 00 00
6790	16	E2	FC FC 08 00 00 00 00 00 00 00	E2 0A 00 00 00 00 00 00 00 00
6791	16	E2	FC FC 08 00 00 00 00 00 00 00	E2 0A 00 00 00 00 00 00 00 00
6792	16	E2	FC FC 08 00 00 00 00 00 00 00	E2 0A 00 00 00 00 00 00 00 00
6793	16	E2	FC FC 08 00 00 00 00 00 00 00	E2 0A 00 00 00 00 00 00 00 00
6794	16	E2	FC FC 08 00 00 00 00 00 00 00	E2 0A 00 00 00 00 00 00 00 00
6795	16	E2	FC FC 08 00 00 00 00 00 00 00	E2 0A 00 00 00 00 00 00 00 00
6796	16	E2	FC FC 08 00 00 00 00 00 00 00	E2 0A 00 00 00 00 00 00 00 00
6797	16	E2	FC FC 08 00 00 00 00 00 00 00	E2 0A 00 00 00 00 00 00 00 00
6798	16	E2	FC FC 08 00 00 00 00 00 00 00	E2 0A 00 00 00 00 00 00 00 00
6799	16	E2	FC FC 08 00 00 00 00 00 00 00	E2 0A 00 00 00 00 00 00 00 00
6800	16	E2	FC FC 08 00 00 00 00 00 00 00	E2 0A 00 00 00 00 00 00 00 00
6801	16	E2	FC FC 08 00 00 00 00 00 00 00	E2 0A 00 00 00 00 00 00 00 00
6802	16	E2	FC FC 08 00 00 00 00 00 00 00	E2 0A 00 00 00 00 00 00 00 00
6803	16	E2	FC FC 08 00 00 00 00 00 00 00	E2 0A 00 00 00 00 00 00 00 00
6804	16	E2	FC FC 08 00 00 00 00 00 00 00	E2 0A 00 00 00 00 00 00 00 00
6805	16	E2	FC FC 08 00 00 00 00 00 00 00	E2 0A 00 00 00 00 00 00 00 00
6806	16	E2	FC FC 08 00 00 00 00 00 00 00	E2 0A 00 00 00 00 00 00 00 00
6807	16	E2	FC FC 08 00 00 00 00 00 00 00	E2 0A 00 00 00 00 00 00 00 00
6808	16	E2	FC FC 08 00 00 00 00 00 00 00	E2 0A 00 00 00 00 00 00 00 00
6809	16	E2	FC FC 08 00 00 00 00 00 00 00	E2 0A 00 00 00 00 00 00 00 00
6810	16	E2	FC FC 08 00 00 00 00 00 00 00	E2 0A 00 00 00 00 00 00 00 00
6811	16	E2	FC FC 08 00 00 00 00 00 00 00	E2 0A 00 00 00 00 00 00 00 00
6812	16	E2	FC FC 08 00 00 00 00 00 00 00	E2 0A 00 00 00 00 00 00 00 00
6813	16	E2	FC FC 08 00 00 00 00 00 00 00	E2 0A 00 00 00 00 00 00 00 00
6814	16	E2	FC FC 08 00 00 00 00 00 00 00	E2 0A 00 00 00 00 00 00 00 00
6815	16	E2	FC FC 08 00 00 00 00 00 00 00	E2 0A 00 00 00 00 00 00 00 00
6816	16	E2	FC FC 08 00 00 00 00 00 00 00	E2 0A 00 00 00 00 00 00 00 00
6817	16	E2	FC FC 08 00 00 00 00 00 00 00	E2 0A 00 00 00 00 00 00 00 00
6818	16	E2	FC FC 08 00 00 00 00 00 00 00	E2 0A 00 00 00 00 00 00 00 00
6819	16	E2	FC FC 08 00 00 00 00 00 00 00	E2 0A 00 00 00 00 00 00 00 00
6820	16	E2	FC FC 08 00 00 00 00 00 00 00	E2 0A 00 00 00 00 00 00 00 00
6821	16	E2	FC FC 08 00 00 00 00 00 00 00	E2 0A 00 00 00 00 00 00 00 00
6822	16	E2	FC FC 08 00 00 00 00 00 00 00	E2 0A 00 00 00 00 00 00 00 00
6823	16	E2	FC FC 08 00 00 00 00 00 00 00	E2 0A 00 00 00 00 00 00 00 00
6824	16	E2	FC FC 08 00 00 00 00 00 00 00	E2 0A 00 00 00 00 00 00 00 00
6825	16	E2	FC FC 08 00 00 00 00 00 00 00	E2 0A 00 00 00 00 00 00 00 00
6826	16	E2	FC FC 08 00 00 00 00 00 00 00	E2 0A 00 00 00 00 00 00 00 00
6827	16	E2	FC FC 08 00 00 00 00 00 00 00	E2 0A 00 00 00 00 00 00 00 00
6828	16	E2	FC FC 08 00 00 00 00 00 00 00	E2 0A 00 00 00 00 00 00 00 00
6829	16	E2	FC FC 08 00 00 00 00 00 00 00	E2 0A 00 00 00 00 00 00 00 00
6830	16	E2	FC FC 08 00 00 00 00 00 00 00	E2 0A 00 00 00 00 00 00 00 00
6831	16	E2	FC FC 08 00 00 00 00 00 00 00	E2 0A 00 00 00 00 00 00 00 00
6832	16	E2	FC FC 08 00 00 00 00 00 00 00	E2 0A 00 00 00 00 00 00 00 00
6833	16	E2	FC FC 08 00 00 00 00 00 00 00	E2 0A 00 00 00 00 00 00 00 00
6834	16	E2	FC FC 08 00 00 00 00 00 00 00	E2 0A 00 00 00 00 00 00 00 00
6835	16	E2	FC FC 08 00 00 00 00 00 00 00	E2 0A 00 00 00 00 00 00 00 00
6836	16	E2	FC FC 08 00 00 00 00 00 00 00	E2 0A 00 00 00 00 00 00 00 00
6837	16	E2	FC FC 08 00 00 00 00 00 00 00	E2 0A 00 00 00 00 00 00 00 00
6838	16	E2	FC FC 08 00 00 00 00 00 00 00	E2 0A 00 00 00 00 00 00 00 00
6839	16	E2	FC FC 08 00 00 00 00 00 00 00	E2 0A 00 00 00 00 00 00 00 00
6840	16	E2	FC FC 08 00 00 00 00 00 00 00	E2 0A 00 00 00 00 00 00 00 00
6841	16	E2	FC FC 08 00 00 00 00 00 00 00	E2 0A 00 00 00 00 00 00 00 00
6842	16	E2	FC FC 08 00 00 00 00 00 00 00	E2 0A 00 00 00 00 00 00 00 00
6843	16	E2	FC FC 08 00 00 00 00 00 00 00	E2 0A 00 00 00 00 00 00 00 00
6844	16	E2	FC FC 08 00 00 00 00 00 00 00	E2 0A 00 00 00 00 00 00 00 00
6845	16	E2	FC FC 08 00 00 00 00 00 00 00	E2 0A 00 00 00 00 00 00 00 00
6846	16	E2	FC FC 08 00 00 00 00 00 00 00	E2 0A 00 00 00 00 00 00 00 00
6847	16	E2	FC FC 08 00 00 00 00 00 00 00	E2 0A 00 00 00 00 00 00 00 00
6848	16	E2	FC FC 08 00 00 00 00 00 00 00	E2 0A 00 00 00 00 00 00 00 00
6849	16	E2	FC FC 08 00 00 00 00 00 00 00	E2 0A 00 00 00 00 00 00 00 00
6850	16	E2	FC FC 08 00 00 00 00 00 00 00	E2 0A 00 00 00 00 00 00 00 00
6851	16	E2	FC FC 08 00 00 00 00 00 00 00	E2 0A 00 00 00 00 00 00 00 00
6852	16	E2	FC FC 08 00 00 00 00 00 00 00	E2 0A 00 00 00 00 00 00 00 00
6853	16	E2	FC FC 08 00 00 00 00 00 00 00	E2 0A 00 00 00 00 00 00 00 00
6854	16	E2	FC FC 08 00 00 00 00 00 00 00	E2 0A 00 00 00 00 00 00 00 00
6855	16	E2	FC FC 08 00 00 00 00 00 00 00	E2 0A 00 00 00 00 00 00 00 00
6856	16	E2	FC FC 08 00 00 00 00 00 00 00	E2 0A 00 00 00 00 00 00 00 00
6857	16	E2	FC FC 08 00 00 00 00 00 00 00	E2 0A 00 00 00 00 00 00 00 00
6858	16	E2	FC FC 08 00 00 00 00 00 00 00	E2 0A 00 00 00 00 00 00 00 00
6859	16	E2	FC FC 08 00 00 00 00 00 00 00	14 14 00 00 00 00 00 00 00 00
6860	16	E2	FC FC 08 00 00 00 00 00 00 00	14 14 00 00 00 00 00 00 00 00
6861	16	E2	FC FC 08 00 00 00 00 00 00 00	14 14 00 00 00 00 00 00 00 00
6862	16	E2	FC FC 08 00 00 00 00 00 00 00	14 14 00 00 00 00 00 00 00 00
6863	16	E2	FC FC 08 00 00 00 00 00 00 00	14 14 00 00 00 00 00 00 00 00
6864	16	E2	FC FC 08 00 00 00 00 00 00 00	14 14 00 00 00 00 00 00 00 00
6865	16	E2	FC FC 08 00 00 00 00 00 00 00	14 14 00 00 00 00 00 00 00 00
6866	16	E2	FC FC 08 00 00 00 00 00 00 00	14 14 00 00 00 00 00 00 00 00
6867	0	E2	FC FC 08 00 00 00 00 00 00 00	14 14 00 00 00 00 00 00 00 00
6868	0	E2	FC FC 08 00 00 00 00 00 00 00	14 14 00 00 00 00 00 00 00 00
6869	0	E2	FC FC 08 00 00 00 00 00 00 00	14 14 00 00 00 00 00 00 00 00
6870	0	E2	FC FC 08 00 00 00 00 00 00 00	14 14 00 00 00 00 00 00 00 00
6871	0	E2	FC FC 08 00 00 00 00 00 00 00	14 14 00 00 00 00 00 00 00 00
6872	0	E2	FC FC 08 00 00 00 00 00 00 00	14 14 00 00 00 00 00 00 00 00
6873	0	E2	FC FC 08 00 00 00 00 00 00 00	14 14 00 00 00 00 00 00 00 00
6874	0	E2	FC FC 08 00 00 00 00 00 00 00	14 14 00 00 00 00 00 00 00 00
6875	0	E2	FC FC 08 00 00 00 00 00 00 00	14 14 00 00 00 00 00 00 00 00
6876	0	E2	FC FC 08 00 00 00 00 00 00 00	14 14 00 00 00 00 00 00 00 00
6877	0	E2	FC FC 08 00 00 00 00 00 00 00	14 14 00 00 00 00 00 00 00 00
6878	0	E2	FC FC 08 00 00 00 00 00 00 00	14 14 00 00 00 00 00 00 00 00
6879	0	E2	FC FC 08 00 00 00 00 00 00 00	14 14 00 00 00 00 00 00 00 00
6880	0	E2	FC FC 08 00 00 00 00 00 00 00	14 14 00 00 00 00 00 00 00 00
6881	0	E2	FC FC 08 00 00 00 00 00 00 00	14 14 00 00 00 00 00 00 00 00
6882	0	E2	FC FC 08 00 00 00 00 00 00 00	14 14 00 00 00 00 00 00 00 00
6883	0	E2	FC FC 08 00 00 00 00 00 00 00	14 14 00 00 00 00 00 00 00 00
6884	0	E2	FC FC 08 00 00 00 00 00 00 00	14 14 00 00 00 00 00 00 00 00
6885	0	E2	FC FC 08 00 00 00 00 00 00 00	14 14 00 00 00 00 00 00 00 00
6886	0	E2	FC FC 08 00 00 00 00 00 00 00	14 14 00 00 00 00 00 00 00 00
6887	0	E2	FC FC 08 00 00 00 00 00 00 00	14 14 00 00 00 00 00 00 00 00
6888	0	E2	FC FC 08 00 00 00 00 00 00 00	14 14 00 00 00 00 00 00 00 00
6889	0	E2	FC FC 08 00 00 00 00 00 00 00	14 14 00 00 00 00 00 00 00 00
6890	0	E2	FC FC 08 00 00 00 00 00 00 00	14 14 00 00 00 00 00 00 00 00
6891	0	E2	FC FC 08 00 00 00 00 00 00 00	14 14 00 00 00 00 00 00 00 00
6892	0	E2	FC FC 08 00 00 00 00 00 00 00	14 14 00 00 00 00 00 00 00 00
6893	0	E2	FC FC 08 00 00 00 00 00 00 00	14 14 00 00 00 00 00 00 00 00
6894	0	E2	FC FC 08 00 00 00 00 00 00 00	14 14 00 00 00 00 00 00 00 00
6895	0	E2	FC FC 08 00 00 00 00 00 00 00	14 14 00 00 00 00 00 00 00 00
6896	0	E2	FC FC 08 00 00 00 00 00 00 00	14 14 00 00 00 00 00 00 00 00
6897	0	E2	FC FC 08 00 00 00 00 00 00 00	14 14 00 00 00 00 00 00 00 00
6898	0	E2	FC FC 08 00 00 00 00 00 00 00	14 14 00 00 00 00 00 00 00 00
6899	0	E2	FC FC 08 00 00 00 00 00 00 00	14 14 00 00 00 00 00 00 00 00
6900	0	E2	FC FC 08 00 00 00 00 00 00 00	14 14 00 00 00 00 00 00 00 00
6901	0	E2	FC FC 08 00 00 00 00 00 00 00	14 14 00 00 00 00 00 00 00 00
6902	0	E2	FC FC 08 00 00 00 00 00 00 00	14 14 00 00 00 00 00 00 00 00
6903	0	E2	FC FC 08 00 00 00 00 00 00 00	14 14 00 00 00 00 00 00 00 00
6904	0	E2	FC FC 08 00 00 00 00 00 00 00	14 14 00 00 00 00 00 00 00 00
6905	0	E2	FC FC 08 00 00 00 00 00 00 00	14 14 00 00 00 00 00 00 00 00
6906	0	E2	FC FC 08 00 00 00 00 00 00 00	14 14 00 00 00 00 00 00 00 00
6907	0	E2	FC FC 08 00 00 00 00 00 00 00	14 14 00 00 00 00 00 00 00 00
6908	0	E2	FC FC 08 00 00 00 00 00 00 00	14 14 00 00 00 00 00 00 00 00
6909	0	E2	FC FC 08 00 00 00 00 00 00 00	14 14 00 00 00 00 00 00 00 00
6910	0	E2	FC FC 08 00 00 00 00 00 00 00	14 14 00 00 00 00 00 00 00 00
6911	0	E2	FC FC 08 00 00 00 00 00 00 00	14 14 00 00 00 00 00 00 00 00
6912	0	E2	FC FC 08 00 00 00 00 00 00 00	14 14 00 00 00 00 00 00 00 00
6913	0	E2	FC FC 08 00 00 00 00 00 00 00	14 14 00 00 00 00 00 00 00 00
6914	0	E2	FC FC 08 00 00 00 00 00 00 00	14 14 00 00 00 00 00 00 00 00
6915	0	E2	FC FC 08 00 00 00 00 00 00 00	14 14 00 00 00 00 00 00 00 00
6916	0	E2	FC FC 08 00 00 00 00 00 00 00	14 14 00 00 00 00 00 00 00 00
6917	0	E2	FC FC 08 00 00 00 00 00 00 00	14 14 00 00 00 00 00 00 00 00
6918	0	E2	FC FC 08 00 00 00 00 00 00 00	14 14 00 00 00 00 00 00 00 00
6919	0	E2	FC FC 08 00 00 00 00 00 00 00	14 14 00 00 00 00 00 00 00 00
6920	0	E2	FC FC 08 00 00 00 00 00 00 00	14 14 00 00 00 00 00 00 00 00
6921	0	E2	FC FC 08 00 00 00 00 00 00 00	14 14 00 00 00 00 00 00 00 00
6922	0	E2	FC FC 08 00 00 00 00 00 00 00	14 14 00 00 00 00 00 00 00 00
6923	0	E2	FC FC 08 00 00 00 00 00 00 00	14 14 00 00 00 00 00 00 00 00
6924	0	E2	FC FC 08 00 00 00 00 00 00 00	14 14 00 00 00 00 00 00 00 00
6925	0	E2	FC FC 08 00 00 00 00 00 00 00	14 14 00 00 00 00 00 00 00 00
6926	0	E2	FC FC 08 00 00 00 00 00 00 00	14 14 00 00 00 00 00 00 00 00
6927	0	E2	FC FC 08 00 00 00 00 00 00 00	14 14 00 00 00 00 00 00 00 00
6928	0	E2	FC FC 08 00 00 00 00 00 00 00	14 14 00 00 00 00 00 00 00 00
6929	0	E2	FC FC 08 00 00 00 00 00 00 00	14 14 00 00 00 00 00 00 00 00
6930	0	E2	FC FC 08 00 00 00 00 00 00 00	14 14 00 00 00 00 00 00 00 00
6931	0	E2	FC FC 08 00 00 00 00 00 00 00	14 14 00 00 00 00 00 00 00 00
6932	0	E2	FC FC 08 00 00 00 00 00 00 00	14 14 00 00 00 00 00 00 00 00
6933	0	E2	FC FC 08 00 00 00 00 00 00 00	14 14 00 00 00 00 00 00 00 00
6934	0	E2	FC FC 08 00 00 00 00 00 00 00	14 14 00 00 00 00 00 00 00 00
6935	0	E2	FC FC 08 00 00 00 00 00 00 00	14 14 00 00 00 00 00 00 00 00
6936	0	E2	FC FC 08 00 00 00 00 00 00 00	14 14 00 00 00 00 00 00 00 00
6937	0	E2	FC FC 08 00 00 00 00 00 00 00	14 14 00 00 00 00 00 00 00 00
6938	0	E2	FC FC 08 00 00 00 00 00 00 00	14 14 00 00 00 00 00 00 00 00
6939	0	E2	FC FC 08 00 00 00 00 00 00 00	14 14 00 00 00 00 00 00 00 00
6940	0	E2	FC FC 08 00 00 00 00 00 00 00	14 14 00 00 00 00 00 00 00 00
6941	0	E2	FC FC 08 00 00 00 00 00 00 00	14 14 00 00 00 00 00 00 00 00
6942	0	E2	FC FC 08 00 00 00 00 00 00 00	14 14 00 00 00 00 00 00 00 00
6943	0	E2	FC FC 08 00 00 00 00 00 00 00	14 14 00 00 00 00 00 00 00 00
6944	0	E2	FC FC 08 00 00 00 00 00 00 00	14 14 00 00 00 00 00 00 00 00
6945	0	E2	FC FC 08 00 00 00 00 00 00 00	14 14 00 00 00 00 00 00 00 00
6946	0	E2	FC FC 08 00 00 00 00 00 00 00	14 14 00 00 00 00 00 00 00 00
6947	0	E2	FC FC 08 00 00 00 00 00 00 00	14 14 00 00 00 00 00 00 00 00
6948	0	E2	FC FC 08 00 00 00 00 00 00 00	14 14 00 00 00 00 00 00 00 00
6949	0	E2	FC FC 08 00 00 00 00 00 00 00	14 14 00 00 00 00 00 00 00 00
6950	0	E2	FC FC 08 00 00 00 00 00 00 00	14 14 00 00 00 00 00 00 00 00
6951	0	E2	FC FC 08 00 00 00 00 00 00 00	14 14 00 00 00 00 00 00 00 00
6952	0	E2	FC FC 08 00 00 00 00 00 00 00	14 14 00 00 00 00 00 00 00 00
6953	0	E2	FC FC 08 00 00 00 00 00 00 00	14 14 00 00 00 00 00 00 00 00
6954	0	E2	FC FC 08 00 00 00 00 00 00 00	14 14 00 00 00 00 00 00 00 00
6955	0	E2	FC FC 08 00 00 00 00 00 00 00	14 14 00 00 00 00 00 00 00 00
6956	0	E2	FC FC 08 00 00 00 00 00 00 00	14 14 00 00 00 00 00 00 00 00
6957	0	E2	FC FC 08 00 00 00 00 00 00 00	14 14 00 00 00 00 00 00 00 00
6958	0	E2	FC FC 08 00 00 00 00 00 00 00	14 14 00 00 00 00 00 00 00 00
6959	0	E2	FC FC 08 00 00 00 00 00 00 00	14 14 00 00 00 00 00 00 00 00
6960	0	E2	FC FC 08 00 00 00 00 00 00 00	14 14 00 00 00 00 00 00 00 00
6961	0	E2	FC FC 08 00 00 00 00 00 00 00	14 14 00 00 00 00 00 00 00 00
6962	0	E2	FC FC 08 00 00 00 00 00 00 00	14 14 00 00 00 00 00 00 00 00
6963	0	E2	FC FC 08 00 00 00 00 00 00 00	14 14 00 00 00 00 00 00 00 00
6964	0	E2	FC FC 08 00 00 00 00 00 00 00	14 14 00 00 00 00 00 00 00 00
6965	0	E2	FC FC 08 00 00 00 00 00 00 00	14 14 00 00 00 00 00 00 00 00
6966	0	E2	FC FC 08 00 00 00 00 00 00 00	14 14 00 00 00 00 00 00 00 00
6967	0	E2	FC FC 08 00 00 00 00 00 00 00	14 14 00 00 00 00 00 00 00 00
6968	0	E2	FC FC 08 00 00 00 00 00 00 00	14 14 00 00 00 00 00 00 00 00
6969	0	E2	FC FC 08 00 00 00 00 00 00 00	14 14 00 00 00 00 00 00 00 00
6970	0	E2	FC FC 08 00 00 00 00 00 00 00	14 14 00 00 00 00 00 00 00 00
6971	0	E2	FC FC 08 00 00 00 00 00 00 00	14 14 00 00 00 00 00 00 00 00
6972	0	E2	FC FC 08 00 00 00 00 00 00 00	14 14 00 00 00 00 00 00 00 00
6973	0	E2	FC FC 08 00 00 00 00 00 00 00	14 14 00 00 00 00 00 00 00 00
6974	0	E2	FC FC 08 00 00 00 00 00 00 00	14 14 00 00 00 00 00 00 00 00
6975	0	E2	FC FC 08 00 00 00 00 00 00 00	14 14 00 00 00 00 00 00 00 00
6976	0	E2	FC FC 08 00 00 00 00 00 00 00	14 14 00 00 00 00 00 00 00 00
6977	0	E2	FC FC 08 00 00 00 00 00 00 00	14 14 00 00 00 00 00 00 00 00
6978	0	E2	FC FC 08 00 00 00 00 00 00 00	14 14 00 00 00 00 00 00 00 00
6979	0	E2	FC FC 08 00 00 00 00 00 00 00	14 14 00 00 00 00 00 00 00 00
6980	0	E2	FC FC 08 00 00 00 00 00 00 00	14 14 00 00 00 00 00 00 00 00
6981	0	E2	FC FC 08 00 00 00 00 00 00 00	14 14 00 00 00 00 00 00 00 00
6982	0	E2	FC FC 08 00 00 00 00 00 00 00	14 14 00 00 00 00 00 00 00 00
6983	0	E2	FC FC 08 00 00 00 00 00 00 00	14 14 00 00 00 00 00 00 00 00
6984	0	E2	FC FC 08 00 00 00 00 00 00 00	14 14 00 00 00 00 00 00 00 00
6985	0	E2	FC FC 08 00 00 00 00 00 00 00	14 14 00 00 00 00 00 00 00 00
6986	0	E2	FC FC 08 00 00 00 00 00 00 00	14 14 00 00 00 00 00 00 00 00
6987	0	E2	FC FC 08 00 00 00 00 00 00 00	14 14 00 00 00 00 00 00 00 00
6988	0	E2	FC FC 08 00 00 00 00 00 00 00	14 14 00 00 00 00 00 00 00 00
6989	0	E2	FC FC 08 00 00 00 00 00 00 00	14 14 00 00 00 00 00 00 00 00
6990	0	E2	FC FC 08 00 00 00 00 00 00 00	14 14 00 00 00 00 00 00 00 00
6991	0	E2	FC FC 08 00 00 00 00 00 00 00	14 14 00 00 00 00 00 00 00 00
6992	0	E2	FC FC 08 00 00 00 00 00 00 00	14 14 00 00 00 00 00 00 00 00
6993	0	E2	FC FC 08 00 00 00 00 00 00 00	14 14 00 00 00 00 00 00 00 00
6994	0	E2	FC FC 08 00 00 00 00 00 00 00	14 14 00 00 00 00 00 00 00 00
6995	0	E2	FC FC 08 00 00 00 00 00 00 00	14 14 00 00 00 00 00 00 00 00
6996	0	E2	FC FC 08 00 00 00 00 00 00 00	14 14 00 00 00 00 00 00 00 00
6997	0	E2	FC FC 08 00 00 00 00 00 00 00	14 14 00 00 00 00 00 00 00 00
6998	0	E2	FC FC 08 00 00 00 00 00 00 00	14 14 00 00 00 00 00 00 00 00
6999	0	E2	FC FC 08 00 00 00 00 00 00 00	14 14 00 00 00 00 00 00 00 00
7000	0	E2	FC FC 08 00 00 00 00 00 00 00	14 14 00 00 00 00 00 00 00 00
7001	0	E2	FC FC 08 00 00 00 00 00 00 00	14 14 00 00 00 00 00 00 00 00
7002	0	E2	FC FC 08 00 00 00 00 00 00 00	14 14 00 00 00 00 00 00 00 00
7003	0	E2	FC FC 08 00 00 00 00 00 00 00	14 14 00 00 00 00 00 00 00 00
7004	0	E2	FC FC 08 00 00 00 00 00 00 00	14 14 00 00 00 00 00 00 00 00
7005	0	E2	FC FC 08 00 00 00 00 00 00 00	14 14 00 00 00 00 00 00 00 00
7006	0	E2	FC FC 08 00 00 00 00 00 00 00	14 14 00 00 00 00 00 00 00 00
7007	0	E2	FC FC 08 00 00 00 00 00 00 00	14 14 00 00 00 00 00 00 00 00
7008	0	E2	FC FC 08 00 00 00 00 00 00 00	14 14 00 00 00 00 00 00 00 00
7009	0	E2	FC FC 08 00 00 00 00 00 00 00	14 14 00 00 00 00 00 00 00 00
7010	0	E2	FC FC 08 00 00 00 00 00 00 00	14 14 00 00 00 00 00 00 00 00
7011	0	E2	FC FC 08 00 00 00 00 00 00 00	14 14 00 00 00 00 00 00 00 00
7012	0	E2	FC FC 08 00 00 00 00 00 00 00	14 14 00 00 00 00 00 00 00 00
7013	0	E2	FC FC 08 00 00 00 00 00 00 00	14 14 00 00 00 00 00 00 00 00
7014	0	E2	FC FC 08 00 00 00 00 00 00 00	14 14 00 00 00 00 00 00 00 00
7015	0	E2	FC FC 08 00 00 00 00 00 00 00	14 14 00 00 00 00 00 00 00 00
7016	0	E2	FC FC 08 00 00 00 00 00 00 00	14 14 00 00 00 00 00 00 00 00
7017	0	E2	FC FC 08 00 00 00 00 00 00 00	14 14 00 00 00 00 00 00 00 00
7018	0	E2	FC FC 08 00 00 00 00 00 00 00	14 14 00 00 00 00 00 00 00 00
7019	0	E2	FC FC 08 00 00 00 00 00 00 00	14 14 00 00 00 00 00 00 00 00
7020	0	E2	FC FC 08 00 00 00 00 00 00 00	14 14 00 00 00 00 00 00 00 00
7021	0	E2	FC FC 08 00 00 00 00 00 00 00	14 14 00 00 00 00 00 00 00 00
7022	0	E2	FC FC 08 00 00 00 00 00 00 00	14 14 00 00 00 00 00 00 00 00
7023	0	E2	FC FC 08 00 00 00 00 00 00 00	14 14 00 00 00 00 00 00 00 00
7024	0	E2	FC FC 08 00 00 00 00 00 00 00	14 14 00 00 00 00 00 00 00 00
7025	0	E2	FC FC 08 00 00 00 00 00 00 00	14 14 00 00 00 00 00 00 00 00
7026	0	E2	FC FC 08 00 00 00 00 00 00 00	14 14 00 00 00 00 00 00 00 00
7027	0	E2	FC FC 08 00 00 00 00 00 00 00	14 14 00 00 00 00 00 00 00 00
7028	0	E2	FC FC 08 00 00 00 00 00 00 00	14 14 00 00 00 00 00 00 00 00
7029	0	E2	FC FC 08 00 00 00 00 00 00 00	14 14 00 00 00 00 00 00 00 00
7030	0	E2	FC FC 08 00 00 00 00 00 00 00	14 14 00 00 00 00 00 00 00 00
7031	0	E2	FC FC 08 00 00 00 00 00 00 00	14 14 00 00 00 00 00 00 00 00
7032	0	E2	FC FC 08 00 00 00 00 00 00 00	14 14 00 00 00 00 00 00 00 00
7033	0	E2	FC FC 08 00 00 00 00 00 00 00	14 14 00 00 00 00 00 00 00 00
7034	0	E2	FC FC 08 00 00 00 00 00 00 00	14 14 00 00 00 00 00 00 00 00
7035	0	E2	FC FC 08 00 00 00 00 00 00 00	14 14 00 00 00 00 00 00 00 00
7036	0	E2	FC FC 08 00 00 00 00 00 00 00	14 14 00 00 00 00 00 00 00 00
7037	0	E2	FC FC 08 00 00 00 00 00 00 00	14 14 00 00 00 00 00 00 00 00
7038	0	E2	FC FC 08 00 00 00 00 00 00 00	14 14 00 00 00 00 00 00 00 00
7039	0	E2	FC FC 08 00 00 00 00 00 00 00	14 14 00 00 00 00 00 00 00 00
7040	0	E2	FC FC 08 00 00 00 00 00 00 00	14 14 00 00 00 00 00 00 00 00
7041	0	E2	FC FC 08 00 00 00 00 00 00 00	14 14 00 00 00 00 00 00 00 00
7042	0	E2	FC FC 08 00 00 00 00 00 00 00	14 14 00 00 00 00 00 00 00 00
7043	0	E2	FC FC 08 00 00 00 00 00 00 00	14 14 00 00 00 00 00 00 00 00
7044	0	E2	FC FC 08 00 00 00 00 00 00 00	14 14 00 00 00 00 00 00 00 00
7045	0	E2	FC FC 08 00 00 00 00 00 00 00	14 14 00 00 00 00 00 00 00 00
7046	0	E2	FC FC 08 00 00 00 00 00 00 00	14 14 00 00 00 00 00 00 00 00
7047	0	E2	FC FC 08 00 00 00 00 00 00 00	14 14 00 00 00 00 00 00 00 00
7048	0	E2	FC FC 08 00 00 00 00 00 00 00	14 14 00 00 00 00 00 00 00 00
7049	0	E2	FC FC 08 00 00 00 00 00 00 00	14 14 00 00 00 00 00 00 00 00
7050	0	E2	FC FC 08 00 00 00 00 00 00 00	14 14 00 00 00 00 00 00 00 00
7051	0	E2	FC FC 08 00 00 00 00 00 00 00	14 14 00 00 00 00 00 00 00 00
7052	0	E2	FC FC 08 00 00 00 00 00 00 00	14 14 00 00 00 00 00 00 00 00
7053	0	E2	FC FC 08 00 00 00 00 00 00 00	14 14 00 00 00 00 00 00 00 00
7054	0	E2	FC FC 08 00 00 00 00 00 00 00	14 14 00 00 00 00 00 00 00 00
7055	0	E2	FC FC 08 00 00 00 00 00 00 00	14 14 00 00 00 00 00 00 00 00
7056	0	E2	FC FC 08 00 00 00 00 00 00 00	14 14 00 00 00 00 00 00 00 00
7057	0	E2	FC FC 08 00 00 00 00 00 00 00	14 14 00 00 00 00 00 00 00 00
7058	0	E2	FC FC 08 00 00 00 00 00 00 00	14 14 00 00 00 00 00 00 00 00
7059	0	E2	FC FC 08 00 00 00 00 00 00 00	14 14 00 00 00 00 00 00 00 00
7060	0	E2	FC FC 08 00 00 00 00 00 00 00	14 14 00 00 00 00 00 00 00 00
7061	0	E2	FC FC 08 00 00 00 00 00 00 00	14 14 00 00 00 00 00 00 00 00
7062	0	E2	FC FC 08 00 00 00 00 00 00 00	14 14 00 00 00 00 00 00 00 00
7063	0	E2	FC FC 08 00 00 00 00 00 00 00	14 14 00 00 00 00 00 00 00 00
7064	0	E2	FC FC 08 00 00 00 00 00 00 00	14 14 00 00 00 00 00 00 00 00
7065	0	E2	FC FC 08 00 00 00 00 00 00 00	14 14 00 00 00 00 00 00 00 00
7066	0	E2	FC FC 08 00 00 00 00 00 00 00	14 14 00 00 00 00 00 00 00 00
7067	0	E2	FC FC 08 00 00 00 00 00 00 00	14 14 00 00 00 00 00 00 00 00
7068	0	E2	FC FC 08 00 00 00 00 00 00 00	14 14 00 00 00 00 00 00 00 00
7069	0	E2	FC FC 08 00 00 00 00 00 00 00	14 14 00 00 00 00 00 00 00 00
7070	0	E2	FC FC 08 00 00 00 00 00 00 00	14 14 00 00 00 00 00 00 00 00
7071	0	E2	FC FC 08 00 00 00 00 00 00 00	14 14 00 00 00 00 00 00 00 00
7072	0	E2	FC FC 08 00 00 00 00 00 00 00	14 14 00 00 00 00 00 00 00 00
7073	0	E2	FC FC 08 00 00 00 00 00 00 00	14 14 00 00 00 00 00 00 00 00
7074	0	E2	FC FC 08 00 00 00 00 00 00 00	14 14 00 00 00 00 00 00 00 00
7075	0	E2	FC FC 08 00 00 00 00 00 00 00	14 14 00 00 00 00 00 00 00 00
7076	0	E2	FC FC 08 00 00 00 00 00 00 00	14 14 00 00 00 00 00 00 00 00
7077	0	E2	FC FC 08 00 00 00 00 00 00 00	14 14 00 00 00 00 00 00 00 00
7078	0	E2	FC FC 08 00 00 00 00 00 00 00	14 14 00 00 00 00 00 00 00 00
7079	0	E2	FC FC 08 00 00 00 00 00 00 00	14 14 00 00 00 00 00 00 00 00
7080	0	E2	FC FC 08 00 00 00 00 00 00 00	14 14 00 00 00 00 00 00 00 00
7081	0	E2	FC FC 08 00 00 00 00 00 00 00	14 14 00 00 00 00 00 00 00 00
7082	0	E2	FC FC 08 00 00 00 00 00 00 00	14 14 00 00 00 00 00 00 00 00
7083	0	E2	FC FC 08 00 00 00 00 00 00 00	14 14 00 00 00 00 00 00 00 00
7084	0	E2	FC FC 08 00 00 00 00 00 00 00	14 14 00 00 00 00 00 00 00 00
7085	0	E2	FC FC 08 00 00 00 00 00 00 00	14 14 00 00 00 00 00 00 00 00
7086	0	E2	FC FC 08 00 00 00 00 00 00 00	14 14 00 00 00 00 00 00 00 00
7087	0	E2	FC FC 08 00 00 00 00 00 00 00	14 14 00 00 00 00 00 00 00 00
7088	0	E2	FC FC 08 00 00 00 00 00 00 00	14 14 00 00 00 00 00 00 00 00
7089	0	E2	FC FC 08 00 00 00 00 00 00 00	14 14 00 00 00 00 00 00 00 00
7090	0	E2	FC FC 08 00 00 00 00 00 00 00	14 14 00 00 00 00 00 00 00 00
7091	0	E2	FC FC 08 00 00 00 00 00 00 00	14 14 00 00 00 00 00 00 00 00
7092	0	E2	FC FC 08 00 00 00 00 00 00 00	14 14 00 00 00 00 00 00 00 00
7093	0	E2	FC FC 08 00 00 00 00 00 00 00	14 14 00 00 00 00 00 00 00 00
7094	0	E2	FC FC 08 00 00 00 00 00 00 00	14 14 00 00 00 00 00 00 00 00
7095	0	E2	FC FC 08 00 00 00 00 00 00 00	14 14 00 00 00 00 00 00 00 00
7096	0	E2	FC FC 08 00 00 00 00 00 00 00	14 14 00 00 00 00 00 00 00 00
7097	0	E2	FC FC 08 00 00 00 00 00 00 00	14 14 00 00 00 00 00 00 00 00
7098	0	E2	FC FC 08 00 00 00 00 00 00 00	14 14 00 00 00 00 00 00 00 00
7099	0	E2	FC FC 08 00 00 00 00 00 00 00	14 14 00 00 00 00 00 00 00 00
7100	0	E2	FC FC 08 00 00 00 00 00 00 00	14 14 00 00 00 00 00 00 00 00
7101	0	E2	FC FC 08 00 00 00 00 00 00 00	14 14 00 00 00 00 00 00 00 00
7102	0	E2	FC FC 08 00 00 00 00 00 00 00	14 14 00 00 00 00 00 00 00 00
7103	0	E2	FC FC 08 00 00 00 00 00 00 00	14 14 00 00 00 00 00 00 00 00
7104	0	E2	FC FC 08 00 00 00 00 00 00 00	14 14 00 00 00 00 00 00 00 00
7105	0	E2	FC FC 08 00 00 00 00 00 00 00	14 14 00 00 00 00 00 00 00 00
7106	0	E2	FC FC 08 00 00 00 00 00 00 00	14 14 00 00 00 00 00 00 00 00
7107	0	E2	FC FC 08 00 00 00 00 00 00 00	14 14 00 00 00 00 00 00 00 00
7108	0	E2	FC FC 08 00 00 00 00 00 00 00	14 14 00 00 00 00 00 00 00 00
7109	0	E2	FC FC 08 00 00 00 00 00 00 00	14 14 00 00 00 00 00 00 00 00
7110	0	E2	FC FC 08 00 00 00 00 00 00 00	14 14 00 00 00 00 00 00 00 00
7111	0	E2	FC FC 08 00 00 00 00 00 00 00	14 14 00 00 00 00 00 00 00 00
7112	0	E2	FC FC 08 00 00 00 00 00 00 00	14 14 00 00 00 00 00 00 00 00
7113	0	E2	FC FC 08 00 00 00 00 00 00 00	14 14 00 00 00 00 00 00 00 00
7114	0	E2	FC FC 08 00 00 00 00 00 00 00	14 14 00 00 00 00 00 00 00 00
7115	0	E2	FC FC 08 00 00 00 00 00 00 00	14 14 00 00 00 00 00 00 00 00
7116	0	E2	FC FC 08 00 00 00 00 00 00 00	14 14 00 00 00 00 00 00 00 00
7117	0	E2	FC FC 08 00 00 00 00 00 00 00	14 14 00 00 00 00 00 00 00 00
7118	3	E2	FC FC 08 00 00 00 00 00 00 00	14 14 00 00 00 00 00 00 00 00
7119	3	E2	FC FC 08 00 00 00 00 00 00 00	14 14 00 00 00 00 00 00 00 00
7120	3	E2	FC FC 08 00 00 00 00 00 00 00	14 14 00 00 00 00 00 00 00 00
7121	3	E2	FC FC 08 00 00 00 00 00 00 00	14 14 00 00 00 00 00 00 00 00
7122	3	E2	FC FC 08 00 00 00 00 00 00 00	14 14 00 00 00 00 00 00 00 00
7123	3	E2	FC FC 08 00 00 00 00 00 00 00	14 14 00 00 00 00 00 00 00 00
7124	0	E2	FC FC 08 00 00 00 00 00 00 00	14 14 00 00 00 00 00 00 00 00
7125	0	E2	FC FC 08 00 00 00 00 00 00 00	14 14 00 00 00 00 00 00 00 00
7126	0	E2	FC FC 08 00 00 00 00 00 00 00	14 14 00 00 00 00 00 00 00 00
7127	0	E2	FC FC 08 00 00 00 00 00 00 00	14 14 00 00 00 00 00 00 00 00
7128	0	E2	FC FC 08 00 00 00 00 00 00 00	14 14 00 00 00 00 00 00 00 00
7129	0	E2	FC FC 08 00 00 00 00 00 00 00	14 14 00 00 00 00 00 00 00 00
7130	3	E2	FC FC 08 00 00 00 00 00 00 00	14 14 00 00 00 00 00 00 00 00
7131	3	E2	FC FC 08 00 00 00 00 00 00 00	14 14 00 00 00 00 00 00 00 00
7132	3	E2	FC FC 08 00 00 00 00 00 00 00	14 14 00 00 00 00 00 00 00 00
7133	3	E2	FC FC 08 00 00 00 00 00 00 00	14 14 00 00 00 00 00 00 00 00
7134	3	E2	FC FC 08 00 00 00 00 00 00 00	14 14 00 00 00 00 00 00 00 00
7135	3	E2	FC FC 08 00 00 00 00 00 00 00	14 14 00 00 00 00 00 00 00 00
7136	0	E2	FC FC 08 00 00 00 00 00 00 00	14 14 00 00 00 00 00 00 00 00
7137	0	E2	FC FC 08 00 00 00 00 00 00 00	14 14 00 00 00 00 00 00 00 00
7138	0	E2	FC FC 08 00 00 00 00 00 00 00	14 14 00 00 00 00 00 00 00 00
7139	0	E2	FC FC 08 00 00 00 00 00 00 00	14 14 00 00 00 00 00 00 00 00
7140	0	E2	FC FC 08 00 00 00 00 00 00 00	14 14 00 00 00 00 00 00 00 00
7141	0	E2	FC FC 08 00 00 00 00 00 00 00	14 14 00 00 00 00 00 00 00 00
7142	0	E2	FC FC 08 00 00 00 00 00 00 00	14 14 00 00 00 00 00 00 00 00
7143	0	E2	FC FC 08 00 00 00 00 00 00 00	14 14 00 00 00 00 00 00 00 00
7144	0	E2	FC FC 08 00 00 00 00 00 00 00	14 14 00 00 00 00 00 00 00 00
7145	0	E2	FC FC 08 00 00 00 00 00 00 00	14 14 00 00 00 00 00 00 00 00
7146	0	E2	FC FC 08 00 00 00 00 00 00 00	14 14 00 00 00 00 00 00 00 00
7147	0	E2	FC FC 08 00 00 00 00 00 00 00	14 14 00 00 00 00 00 00 00 00
7148	0	E2	FC FC 08 00 00 00 00 00 00 00	14 14 00 00 00 00 00 00 00 00
7149	0	E2	FC FC 08 00 00 00 00 00 00 00	14 14 00 00 00 00 00 00 00 00
7150	0	E2	FC FC 08 00 00 00 00 00 00 00	14 14 00 00 00 00 00 00 00 00
7151	0	E2	FC FC 08 00 00 00 00 00 00 00	14 14 00 00 00 00 00 00 00 00
7152	0	E2	FC FC 08 00 00 00 00 00 00 00	14 14 00 00 00 00 00 00 00 00
7153	0	E2	FC FC 08 00 00 00 00 00 00 00	14 14 00 00 00 00 00 00 00 00
7154	0	E2	FC FC 08 00 00 00 00 00 00 00	14 14 00 00 00 00 00 00 00 00
7155	0	E2	FC FC 08 00 00 00 00 00 00 00	14 14 00 00 00 00 00 00 00 00
7156	0	E2	FC FC 08 00 00 00 00 00 00 00	14 14 00 00 00 00 00 00 00 00
7157	0	E2	FC FC 08 00 00 00 00 00 00 00	14 14 00 00 00 00 00 00 00 00
7158	0	E2	FC FC 08 00 00 00 00 00 00 00	14 14 00 00 00 00 00 00 00 00
7159	0	E2	FC FC 08 00 00 00 00 00 00 00	14 14 00 00 00 00 00 00 00 00
7160	0	E2	FC FC 08 00 00 00 00 00 00 00	14 14 00 00 00 00 00 00 00 00
7161	0	E2	FC FC 08 00 00 00 00 00 00 00	14 14 00 00 00 00 00 00 00 00
7162	0	E2	FC FC 08 00 00 00 00 00 00 00	14 14 00 00 00 00 00 00 00 00
7163	0	E2	FC FC 08 00 00 00 00 00 00 00	14 14 00 00 00 00 00 00 00 00
7164	0	E2	FC FC 08 00 00 00 00 00 00 00	14 14 00 00 00 00 00 00 00 00
7165	0	E2	FC FC 08 00 00 00 00 00 00 00	14 14 00 00 00 00 00 00 00 00
7166	0	E2	FC FC 08 00 00 00 00 00 00 00	14 14 00 00 00 00 00 00 00 00
7167	0	E2	FC FC 08 00 00 00 00 00 00 00	14 14 00 00 00 00 00 00 00 00
7168	0	E2	FC FC 08 00 00 00 00 00 00 00	14 14 00 00 00 00 00 00 00 00
7169	0	E2	FC FC 08 00 00 00 00 00 00 00	14 14 00 00 00 00 00 00 00 00
7170	0	E2	FC FC 08 00 00 00 00 00 00 00	14 14 00 00 00 00 00 00 00 00
7171	0	E2	FC FC 08 00 00 00 00 00 00 00	14 14 00 00 00 00 00 00 00 00
7172	0	E2	FC FC 08 00 00 00 00 00 00 00	14 14 00 00 00 00 00 00 00 00
7173	0	E2	FC FC 08 00 00 00 00 00 00 00	14 14 00 00 00 00 00 00 00 00
7174	0	E2	FC FC 08 00 00 00 00 00 00 00	14 14 00 00 00 00 00 00 00 00
7175	0	E2	FC FC 08 00 00 00 00 00 00 00	14 14 00 00 00 00 00 00 00 00
7176	0	E2	FC FC 08 00 00 00 00 00 00 00	14 14 00 00 00 00 00 00 00 00
7177	0	E2	FC FC 08 00 00 00 00 00 00 00	14 14 00 00 00 00 00 00 00 00
7178	0	E2	FC FC 08 00 00 00 00 00 00 00	14 14 00 00 00 00 00 00 00 00
7179	0	E2	FC FC 08 00 00 00 00 00 00 00	14 14 00 00 00 00 00 00 00 00
7180	0	E2	FC FC 08 00 00 00 00 00 00 00	14 14 00 00 00 00 00 00 00 00
7181	0	E2	FC FC 08 00 00 00 00 00 00 00	14 14 00 00 00 00 00 00 00 00
7182	0	E2	FC FC 08 00 00 00 00 00 00 00	14 14 00 00 00 00 00 00 00 00
7183	0	E2	FC FC 08 00 00 00 00 00 00 00	14 14 00 00 00 00 00 00 00 00
7184	0	E2	FC FC 08 00 00 00 00 00 00 00	14 14 00 00 00 00 00 00 00 00
7185	0	E2	FC FC 08 00 00 00 00 00 00 00	14 14 00 00 00 00 00 00 00 00
7186	0	E2	FC FC 08 00 00 00 00 00 00 00	14 14 00 00 00 00 00 00 00 00
7187	0	E2	FC FC 08 00 00 00 00 00 00 00	14 14 00 00 00 00 00 00 00 00
7188	0	E2	FC FC 08 00 00 00 00 00 00 00	0A 0A 00 00 00 00 00 00 00 00
7189	0	E2	FC FC 08 00 00 00 00 00 00 00	0A 0A 00 00 00 00 00 00 00 00
7190	0	E2	FC FC 08 00 00 00 00 00 00 00	0A 0A 00 00 00 00 00 00 00 00
7191	0	E2	FC FC 08 00 00 00 00 00 00 00	0A 0A 00 00 00 00 00 00 00 00
7192	0	E2	FC FC 08 00 00 00 00 00 00 00	0A 0A 00 00 00 00 00 00 00 00
7193	0	E2	FC FC 08 00 00 00 00 00 00 00	0A 0A 00 00 00 00 00 00 00 00
7194	0	E2	FC FC 08 00 00 00 00 00 00 00	0A 0A 00 00 00 00 00 00 00 00
7195	0	E2	FC FC 08 00 00 00 00 00 00 00	0A 0A 00 00 00 00 00 00 00 00
7196	0	E2	FC FC 08 00 00 00 00 00 00 00	0A 0A 00 00 00 00 00 00 00 00
7197	0	E2	FC FC 08 00 00 00 00 00 00 00	0A 0A 00 00 00 00 00 00 00 00
7198	0	E2	FC FC 08 00 00 00 00 00 00 00	0A 0A 00 00 00 00 00 00 00 00
7199	0	E2	FC FC 08 00 00 00 00 00 00 00	0A 0A 00 00 00 00 00 00 00 00
7200	0	E2	FC FC 08 00 00 00 00 00 00 00	0A 0A 00 00 00 00 00 00 00 00
7201	0	E2	FC FC 08 00 00 00 00 00 00 00	0A 0A 00 00 00 00 00 00 00 00
7202	0	E2	FC FC 08 00 00 00 00 00 00 00	0A 0A 00 00 00 00 00 00 00 00
7203	0	E2	FC FC 08 00 00 00 00 00 00 00	0A 0A 00 00 00 00 00 00 00 00
7204	0	E2	FC FC 08 00 00 00 00 00 00 00	0A 0A 00 00 00 00 00 00 00 00
7205	0	E2	FC FC 08 00 00 00 00 00 00 00	0A 0A 00 00 00 00 00 00 00 00
7206	0	E2	FC FC 08 00 00 00 00 00 00 00	0A 0A 00 00 00 00 00 00 00 00
7207	0	E2	FC FC 08 00 00 00 00 00 00 00	0A 0A 00 00 00 00 00 00 00 00
7208	0	E2	FC FC 08 00 00 00 00 00 00 00	0A 0A 00 00 00 00 00 00 00 00
7209	0	E2	FC FC 08 00 00 00 00 00 00 00	0A 0A 00 00 00 00 00 00 00 00
7210	0	E2	FC FC 08 00 00 00 00 00 00 00	0A 0A 00 00 00 00 00 00 00 00
7211	0	E2	FC FC 08 00 00 00 00 00 00 00	0A 0A 00 00 00 00 00 00 00 00
7212	0	E2	FC FC 08 00 00 00 00 00 00 00	0A 0A 00 00 00 00 00 00 00 00
7213	0	E2	FC FC 08 00 00 00 00 00 00 00	0A 0A 00 00 00 00 00 00 00 00
7214	0	E2	FC FC 08 00 00 00 00 00 00 00	0A 0A 00 00 00 00 00 00 00 00
7215	0	E2	FC FC 08 00 00 00 00 00 00 00	0A 0A 00 00 00 00 00 00 00 00
7216	0	E2	FC FC 08 00 00 00 00 00 00 00	0A 0A 00 00 00 00 00 00 00 00
7217	0	E2	FC FC 08 00 00 00 00 00 00 00	0A 0A 00 00 00 00 00 00 00 00
7218	0	E2	FC FC 08 00 00 00 00 00 00 00	0A 0A 00 00 00 00 00 00 00 00
7219	0	E2	FC FC 08 00 00 00 00 00 00 00	0A 0A 00 00 00 00 00 00 00 00
7220	0	E2	FC FC 08 00 00 00 00 00 00 00	0A 0A 00 00 00 00 00 00 00 00
7221	0	E2	FC FC 08 00 00 00 00 00 00 00	0A 0A 00 00 00 00 00 00 00 00
7222	0	E2	FC FC 08 00 00 00 00 00 00 00	0A 0A 00 00 00 00 00 00 00 00
7223	0	E2	FC FC 08 00 00 00 00 00 00 00	0A 0A 00 00 00 00 00 00 00 00
7224	0	E2	FC FC 08 00 00 00 00 00 00 00	0A 0A 00 00 00 00 00 00 00 00
7225	0	E2	FC FC 08 00 00 00 00 00 00 00	0A 0A 00 00 00 00 00 00 00 00
7226	0	E2	FC FC 08 00 00 00 00 00 00 00	0A 0A 00 00 00 00 00 00 00 00
7227	0	E2	FC FC 08 00 00 00 00 00 00 00	0A 0A 00 00 00 00 00 00 00 00
7228	0	E2	FC FC 08 00 00 00 00 00 00 00	0A 0A 00 00 00 00 00 00 00 00
7229	0	E2	FC FC 08 00 00 00 00 00 00 00	0A 0A 00 00 00 00 00 00 00 00
7230	0	E2	FC FC 08 00 00 00 00 00 00 00	0A 0A 00 00 00 00 00 00 00 00
7231	0	E2	FC FC 08 00 00 00 00 00 00 00	0A 0A 00 00 00 00 00 00 00 00
7232	0	E2	FC FC 08 00 00 00 00 00 00 00	0A 0A 00 00 00 00 00 00 00 00
7233	0	E2	FC FC 08 00 00 00 00 00 00 00	0A 0A 00 00 00 00 00 00 00 00
7234	0	E2	FC FC 08 00 00 00 00 00 00 00	0A 0A 00 00 00 00 00 00 00 00
7235	0	E2	FC FC 08 00 00 00 00 00 00 00	0A 0A 00 00 00 00 00 00 00 00
7236	0	E2	FC FC 08 00 00 00 00 00 00 00	0A 0A 00 00 00 00 00 00 00 00
7237	0	E2	FC FC 08 00 00 00 00 00 00 00	0A 0A 00 00 00 00 00 00 00 00
7238	0	E2	FC FC 08 00 00 00 00 00 00 00	0A 0A 00 00 00 00 00 00 00 00
7239	0	E2	FC FC 08 00 00 00 00 00 00 00	0A 0A 00 00 00 00 00 00 00 00
7240	0	E2	FC FC 08 00 00 00 00 00 00 00	0A 0A 00 00 00 00 00 00 00 00
7241	0	E2	FC FC 08 00 00 00 00 00 00 00	0A 0A 00 00 00 00 00 00 00 00
7242	0	E2	FC FC 08 00 00 00 00 00 00 00	0A 0A 00 00 00 00 00 00 00 00
7243	0	E2	FC FC 08 00 00 00 00 00 00 00	0A 0A 00 00 00 00 00 00 00 00
7244	0	E2	FC FC 08 00 00 00 00 00 00 00	0A 0A 00 00 00 00 00 00 00 00
7245	0	E2	FC FC 08 00 00 00 00 00 00 00	0A 0A 00 00 00 00 00 00 00 00
7246	0	E2	FC FC 08 00 00 00 00 00 00 00	0A 0A 00 00 00 00 00 00 00 00
7247	0	E2	FC FC 08 00 00 00 00 00 00 00	0A 0A 00 00 00 00 00 00 00 00
7248	0	E2	FC FC 08 00 00 00 00 00 00 00	0A 0A 00 00 00 00 00 00 00 00
7249	0	E2	FC FC 08 00 00 00 00 00 00 00	0A 0A 00 00 00 00 00 00 00 00
7250	0	E2	FC FC 08 00 00 00 00 00 00 00	0A 0A 00 00 00 00 00 00 00 00
7251	0	E2	FC FC 08 00 00 00 00 00 00 00	0A 0A 00 00 00 00 00 00 00 00
7252	0	E2	FC FC 08 00 00 00 00 00 00 00	0A 0A 00 00 00 00 00 00 00 00
7253	0	E2	FC FC 08 00 00 00 00 00 00 00	0A 0A 00 00 00 00 00 00 00 00
7254	0	E2	FC FC 08 00 00 00 00 00 00 00	0A 0A 00 00 00 00 00 00 00 00
7255	0	E2	FC FC 08 00 00 00 00 00 00 00	0A 0A 00 00 00 00 00 00 00 00
7256	0	E2	FC FC 08 00 00 00 00 00 00 00	0A 0A 00 00 00 00 00 00 00 00
7257	0	E2	FC FC 08 00 00 00 00 00 00 00	0A 0A 00 00 00 00 00 00 00 00
7258	0	E2	FC FC 08 00 00 00 00 00 00 00	0A 0A 00 00 00 00 00 00 00 00
7259	0	E2	FC FC 08 00 00 00 00 00 00 00	0A 0A 00 00 00 00 00 00 00 00
7260	0	E2	FC FC 08 00 00 00 00 00 00 00	0A 0A 00 00 00 00 00 00 00 00
7261	0	E2	FC FC 08 00 00 00 00 00 00 00	0A 0A 00 00 00 00 00 00 00 00
7262	0	E2	FC FC 08 00 00 00 00 00 00 00	0A 0A 00 00 00 00 00 00 00 00
7263	0	E2	FC FC 08 00 00 00 00 00 00 00	0A 0A 00 00 00 00 00 00 00 00
7264	0	E2	FC FC 08 00 00 00 00 00 00 00	0A 0A 00 00 00 00 00 00 00 00
7265	0	E2	FC FC 08 00 00 00 00 00 00 00	0A 0A 00 00 00 00 00 00 00 00
7266	0	E2	FC FC 08 00 00 00 00 00 00 00	0A 0A 00 00 00 00 00 00 00 00
7267	0	E2	FC FC 08 00 00 00 00 00 00 00	0A 0A 00 00 00 00 00 00 00 00
7268	0	E2	FC FC 08 00 00 00 00 00 00 00	0A 0A 00 00 00 00 00 00 00 00
7269	0	E2	FC FC 08 00 00 00 00 00 00 00	0A 0A 00 00 00 00 00 00 00 00
7270	0	E2	FC FC 08 00 00 00 00 00 00 00	0A 0A 00 00 00 00 00 00 00 00
7271	0	E2	FC FC 08 00 00 00 00 00 00 00	0A 0A 00 00 00 00 00 00 00 00
7272	0	E2	FC FC 08 00 00 00 00 00 00 00	0A 0A 00 00 00 00 00 00 00 00
7273	0	E2	FC FC 08 00 00 00 00 00 00 00	0A 0A 00 00 00 00 00 00 00 00
7274	0	E2	FC FC 08 00 00 00 00 00 00 00	0A 0A 00 00 00 00 00 00 00 00
7275	0	E2	FC FC 08 00 00 00 00 00 00 00	0A 0A 00 00 00 00 00 00 00 00
7276	0	E2	FC FC 08 00 00 00 00 00 00 00	0A 0A 00 00 00 00 00 00 00 00
7277	0	E2	FC FC 08 00 00 00 00 00 00 00	0A 0A 00 00 00 00 00 00 00 00
7278	0	E2	FC FC 08 00 00 00 00 00 00 00	0A 0A 00 00 00 00 00 00 00 00
7279	0	E2	FC FC 08 00 00 00 00 00 00 00	0A 0A 00 00 00 00 00 00 00 00
7280	0	E2	FC FC 08 00 00 00 00 00 00 00	0A 0A 00 00 00 00 00 00 00 00
7281	0	E2	FC FC 08 00 00 00 00 00 00 00	0A 0A 00 00 00 00 00 00 00 00
7282	0	E2	FC FC 08 00 00 00 00 00 00 00	0A 0A 00 00 00 00 00 00 00 00
7283	0	E2	FC FC 08 00 00 00 00 00 00 00	0A 0A 00 00 00 00 00 00 00 00
7284	0	E2	FC FC 08 00 00 00 00 00 00 00	0A 0A 00 00 00 00 00 00 00 00
7285	0	E2	FC FC 08 00 00 00 00 00 00 00	0A 0A 00 00 00 00 00 00 00 00
7286	0	E2	FC FC 08 00 00 00 00 00 00 00	0A 0A 00 00 00 00 00 00 00 00
7287	0	E2	FC FC 08 00 00 00 00 00 00 00	0A 0A 00 00 00 00 00 00 00 00
7288	0	E2	FC FC 08 00 00 00 00 00 00 00	0A 0A 00 00 00 00 00 00 00 00
7289	0	E2	FC FC 08 00 00 00 00 00 00 00	0A 0A 00 00 00 00 00 00 00 00
7290	0	E2	FC FC 08 00 00 00 00 00 00 00	0A 0A 00 00 00 00 00 00 00 00
7291	0	E2	FC FC 08 00 00 00 00 00 00 00	0A 0A 00 00 00 00 00 00 00 00
7292	0	E2	FC FC 08 00 00 00 00 00 00 00	0A 0A 00 00 00 00 00 00 00 00
7293	0	E2	FC FC 08 00 00 00 00 00 00 00	0A 0A 00 00 00 00 00 00 00 00
7294	0	E2	FC FC 08 00 00 00 00 00 00 00	0A 0A 00 00 00 00 00 00 00 00
7295	0	E2	FC FC 08 00 00 00 00 00 00 00	0A 0A 00 00 00 00 00 00 00 00
7296	0	E2	FC FC 08 00 00 00 00 00 00 00	0A 0A 00 00 00 00 00 00 00 00
7297	0	E2	FC FC 08 00 00 00 00 00 00 00	0A 0A 00 00 00 00 00 00 00 00
7298	0	E2	FC FC 08 00 00 00 00 00 00 00	0A 0A 00 00 00 00 00 00 00 00
7299	0	E2	FC FC 08 00 00 00 00 00 00 00	0A 0A 00 00 00 00 00 00 00 00
7300	0	E2	FC FC 08 00 00 00 00 00 00 00	0A 0A 00 00 00 00 00 00 00 00
7301	0	E2	FC FC 08 00 00 00 00 00 00 00	0A 0A 00 00 00 00 00 00 00 00
7302	0	E2	FC FC 08 00 00 00 00 00 00 00	0A 0A 00 00 00 00 00 00 00 00
7303	0	E2	FC FC 08 00 00 00 00 00 00 00	0A 0A 00 00 00 00 00 00 00 00
7304	0	E2	FC FC 08 00 00 00 00 00 00 00	0A 0A 00 00 00 00 00 00 00 00
7305	0	E2	FC FC 08 00 00 00 00 00 00 00	0A 0A 00 00 00 00 00 00 00 00
7306	0	E2	FC FC 08 00 00 00 00 00 00 00	0A 0A 00 00 00 00 00 00 00 00
7307	0	E2	FC FC 08 00 00 00 00 00 00 00	0A 0A 00 00 00 00 00 00 00 00
7308	0	E2	FC FC 08 00 00 00 00 00 00 00	0A 0A 00 00 00 00 00 00 00 00
7309	0	E2	FC FC 08 00 00 00 00 00 00 00	0A 0A 00 00 00 00 00 00 00 00
7310	0	E2	FC FC 08 00 00 00 00 00 00 00	0A 0A 00 00 00 00 00 00 00 00
7311	0	E2	FC FC 08 00 00 00 00 00 00 00	0A 0A 00 00 00 00 00 00 00 00
7312	0	E2	FC FC 08 00 00 00 00 00 00 00	0A 0A 00 00 00 00 00 00 00 00
7313	0	E2	FC FC 08 00 00 00 00 00 00 00	0A 0A 00 00 00 00 00 00 00 00
7314	0	E2	FC FC 08 00 00 00 00 00 00 00	0A 0A 00 00 00 00 00 00 00 00
7315	0	E2	FC FC 08 00 00 00 00 00 00 00	0A 0A 00 00 00 00 00 00 00 00
7316	0	E2	FC FC 08 00 00 00 00 00 00 00	0A 0A 00 00 00 00 00 00 00 00
7317	0	E2	FC FC 08 00 00 00 00 00 00 00	0A 0A 00 00 00 00 00 00 00 00
7318	0	E2	FC FC 08 00 00 00 00 00 00 00	0A 0A 00 00 00 00 00 00 00 00
7319	0	E2	FC FC 08 00 00 00 00 00 00 00	0A 0A 00 00 00 00 00 00 00 00
7320	0	E2	FC FC 08 00 00 00 00 00 00 00	0A 0A 00 00 00 00 00 00 00 00
7321	0	E2	FC FC 08 00 00 00 00 00 00 00	0A 0A 00 00 00 00 00 00 00 00
7322	0	E2	FC FC 08 00 00 00 00 00 00 00	0A 0A 00 00 00 00 00 00 00 00
7323	0	E2	FC FC 08 00 00 00 00 00 00 00	0A 0A 00 00 00 00 00 00 00 00
7324	0	E2	FC FC 08 00 00 00 00 00 00 00	0A 0A 00 00 00 00 00 00 00 00
7325	0	E2	FC FC 08 00 00 00 00 00 00 00	0A 0A 00 00 00 00 00 00 00 00
7326	0	E2	FC FC 08 00 00 00 00 00 00 00	0A 0A 00 00 00 00 00 00 00 00
7327	0	E2	FC FC 08 00 00 00 00 00 00 00	0A 0A 00 00 00 00 00 00 00 00
7328	0	E2	FC FC 08 00 00 00 00 00 00 00	0A 0A 00 00 00 00 00 00 00 00
7329	0	E2	FC FC 08 00 00 00 00 00 00 00	0A 0A 00 00 00 00 00 00 00 00
7330	0	E2	FC FC 08 00 00 00 00 00 00 00	0A 0A 00 00 00 00 00 00 00 00
7331	0	E2	FC FC 08 00 00 00 00 00 00 00	0A 0A 00 00 00 00 00 00 00 00
7332	0	E2	FC FC 08 00 00 00 00 00 00 00	0A 0A 00 00 00 00 00 00 00 00
7333	0	E2	FC FC 08 00 00 00 00 00 00 00	0A 0A 00 00 00 00 00 00 00 00
7334	0	E2	FC FC 08 00 00 00 00 00 00 00	0A 0A 00 00 00 00 00 00 00 00
7335	0	E2	FC FC 08 00 00 00 00 00 00 00	0A 0A 00 00 00 00 00 00 00 00
7336	0	E2	FC FC 08 00 00 00 00 00 00 00	0A 0A 00 00 00 00 00 00 00 00
7337	0	E2	FC FC 08 00 00 00 00 00 00 00	0A 0A 00 00 00 00 00 00 00 00
7338	0	E2	FC FC 08 00 00 00 00 00 00 00	0A 0A 00 00 00 00 00 00 00 00
7339	0	E2	FC FC 08 00 00 00 00 00 00 00	0A 0A 00 00 00 00 00 00 00 00
7340	0	E2	FC FC 08 00 00 00 00 00 00 00	0A 0A 00 00 00 00 00 00 00 00
7341	0	E2	FC FC 08 00 00 00 00 00 00 00	0A 0A 00 00 00 00 00 00 00 00
7342	0	E2	FC FC 08 00 00 00 00 00 00 00	0A 0A 00 00 00 00 00 00 00 00
7343	0	E2	FC FC 08 00 00 00 00 00 00 00	0A 0A 00 00 00 00 00 00 00 00
7344	0	E2	FC FC 08 00 00 00 00 00 00 00	0A 0A 00 00 00 00 00 00 00 00
7345	0	E2	FC FC 08 00 00 00 00 00 00 00	0A 0A 00 00 00 00 00 00 00 00
7346	0	E2	FC FC 08 00 00 00 00 00 00 00	0A 0A 00 00 00 00 00 00 00 00
7347	0	E2	FC FC 08 00 00 00 00 00 00 00	0A 0A 00 00 00 00 00 00 00 00
7348	0	E2	FC FC 08 00 00 00 00 00 00 00	0A 0A 00 00 00 00 00 00 00 00
7349	0	E2	FC FC 08 00 00 00 00 00 00 00	0A 0A 00 00 00 00 00 00 00 00
7350	0	E2	FC FC 08 00 00 00 00 00 00 00	0A 0A 00 00 00 00 00 00 00 00
7351	0	E2	FC FC 08 00 00 00 00 00 00 00	0A 0A 00 00 00 00 00 00 00 00
7352	0	E2	FC FC 08 00 00 00 00 00 00 00	0A 0A 00 00 00 00 00 00 00 00
7353	0	E2	FC FC 08 00 00 00 00 00 00 00	0A 0A 00 00 00 00 00 00 00 00
7354	0	E2	FC FC 08 00 00 00 00 00 00 00	0A 0A 00 00 00 00 00 00 00 00
7355	0	E2	FC FC 08 00 00 00 00 00 00 00	0A 0A 00 00 00 00 00 00 00 00
7356	0	E2	FC FC 08 00 00 00 00 00 00 00	0A 0A 00 00 00 00 00 00 00 00
7357	0	E2	FC FC 08 00 00 00 00 00 00 00	0A 0A 00 00 00 00 00 00 00 00
7358	0	E2	FC FC 08 00 00 00 00 00 00 00	0A 0A 00 00 00 00 00 00 00 00
7359	0	E2	FC FC 08 00 00 00 00 00 00 00	0A 0A 00 00 00 00 00 00 00 00
7360	0	E2	FC FC 08 00 00 00 00 00 00 00	0A 0A 00 00 00 00 00 00 00 00
7361	0	E2	FC FC 08 00 00 00 00 00 00 00	0A 0A 00 00 00 00 00 00 00 00
7362	0	E2	FC FC 08 00 00 00 00 00 00 00	0A 0A 00 00 00 00 00 00 00 00
7363	0	E2	FC FC 08 00 00 00 00 00 00 00	0A 0A 00 00 00 00 00 00 00 00
7364	0	E2	FC FC 08 00 00 00 00 00 00 00	0A 0A 00 00 00 00 00 00 00 00
7365	0	E2	FC FC 08 00 00 00 00 00 00 00	0A 0A 00 00 00 00 00 00 00 00
7366	0	E2	FC FC 08 00 00 00 00 00 00 00	0A 0A 00 00 00 00 00 00 00 00
7367	0	E2	FC FC 08 00 00 00 00 00 00 00	0A 0A 00 00 00 00 00 00 00 00
7368	0	E2	FC FC 08 00 00 00 00 00 00 00	0A 0A 00 00 00 00 00 00 00 00
7369	0	E2	FC FC 08 00 00 00 00 00 00 00	0A 0A 00 00 00 00 00 00 00 00
7370	0	E2	FC FC 08 00 00 00 00 00 00 00	0A 0A 00 00 00 00 00 00 00 00
7371	0	E2	FC FC 08 00 00 00 00 00 00 00	0A 0A 00 00 00 00 00 00 00 00
7372	0	E2	FC FC 08 00 00 00 00 00 00 00	0A 0A 00 00 00 00 00 00 00 00
7373	0	E2	FC FC 08 00 00 00 00 00 00 00	0A 0A 00 00 00 00 00 00 00 00
7374	0	E2	FC FC 08 00 00 00 00 00 00 00	0A 0A 00 00 00 00 00 00 00 00
7375	0	E2	FC FC 08 00 00 00 00 00 00 00	0A 0A 00 00 00 00 00 00 00 00
7376	0	E2	FC FC 08 00 00 00 00 00 00 00	0A 0A 00 00 00 00 00 00 00 00
7377	0	E2	FC FC 08 00 00 00 00 00 00 00	0A 0A 00 00 00 00 00 00 00 00
7378	0	E2	FC FC 08 00 00 00 00 00 00 00	0A 0A 00 00 00 00 00 00 00 00
7379	0	E2	FC FC 08 00 00 00 00 00 00 00	0A 0A 00 00 00 00 00 00 00 00
7380	0	E2	FC FC 08 00 00 00 00 00 00 00	0A 0A 00 00 00 00 00 00 00 00
7381	0	E2	FC FC 08 00 00 00 00 00 00 00	0A 0A 00 00 00 00 00 00 00 00
7382	0	E2	FC FC 08 00 00 00 00 00 00 00	0A 0A 00 00 00 00 00 00 00 00
7383	0	E2	FC FC 08 00 00 00 00 00 00 00	0A 0A 00 00 00 00 00 00 00 00
7384	0	E2	FC FC 08 00 00 00 00 00 00 00	0A 0A 00 00 00 00 00 00 00 00
7385	0	E2	FC FC 08 00 00 00 00 00 00 00	0A 0A 00 00 00 00 00 00 00 00
7386	0	E2	FC FC 08 00 00 00 00 00 00 00	0A 0A 00 00 00 00 00 00 00 00
7387	0	E2	FC FC 08 00 00 00 00 00 00 00	0A 0A 00 00 00 00 00 00 00 00
7388	0	E2	FC FC 08 00 00 00 00 00 00 00	0A 0A 00 00 00 00 00 00 00 00
7389	0	E2	FC FC 08 00 00 00 00 00 00 00	0A 0A 00 00 00 00 00 00 00 00
7390	0	E2	FC FC 08 00 00 00 00 00 00 00	0A 0A 00 00 00 00 00 00 00 00
7391	0	E2	FC FC 08 00 00 00 00 00 00 00	0A 0A 00 00 00 00 00 00 00 00
7392	0	E2	FC FC 08 00 00 00 00 00 00 00	0A 0A 00 00 00 00 00 00 00 00
7393	0	E2	FC FC 08 00 00 00 00 00 00 00	0A 0A 00 00 00 00 00 00 00 00
7394	0	E2	FC FC 08 00 00 00 00 00 00 00	0A 0A 00 00 00 00 00 00 00 00
7395	0	E2	FC FC 08 00 00 00 00 00 00 00	0A 0A 00 00 00 00 00 00 00 00
7396	0	E2	FC FC 08 00 00 00 00 00 00 00	0A 0A 00 00 00 00 00 00 00 00
7397	0	E2	FC FC 08 00 00 00 00 00 00 00	0A 0A 00 00 00 00 00 00 00 00
7398	0	E2	FC FC 08 00 00 00 00 00 00 00	0A 0A 00 00 00 00 00 00 00 00
7399	0	E2	FC FC 08 00 00 00 00 00 00 00	0A 0A 00 00 00 00 00 00 00 00
7400	0	E2	FC FC 08 00 00 00 00 00 00 00	0A 0A 00 00 00 00 00 00 00 00
