frame	crossing	top_r1	split_r1
3800	16	E2	FF
3801	16	E2	FF
3802	16	E2	FF
3803	16	E2	FF
3804	16	E2	FF
3805	16	E2	FF
3806	16	E2	FF
3807	16	E2	FF
3808	16	E2	FF
3809	16	E2	FF
3810	16	E2	FF
3811	16	E2	FF
3812	16	E2	FF
3813	16	E2	FF
3814	16	E2	FF
3815	16	E2	FF
3816	16	E2	FF
3817	16	E2	FF
3818	16	E2	FF
3819	16	E2	FF
3820	16	E2	FF
3821	16	E2	FF
3822	16	E2	FF
3823	16	E2	FF
3824	16	E2	FF
3825	16	E2	FF
3826	16	E2	FF
3827	16	E2	FF
3828	16	E2	FF
3829	16	E2	FF
3830	16	E2	FF
3831	16	E2	FF
3832	16	E2	FF
3833	16	E2	FF
3834	16	E2	FF
3835	16	E2	FF
3836	16	E2	FF
3837	16	E2	FF
3838	16	E2	FF
3839	16	E2	FF
3840	16	E2	FF
3841	16	E2	FF
3842	16	E2	FF
3843	16	E2	FF
3844	16	E2	FF
3845	16	E2	FF
3846	16	E2	FF
3847	16	E2	FF
3848	16	E2	FF
3849	16	E2	FF
3850	16	E2	FF
3851	16	E2	FF
3852	16	E2	FF
3853	16	E2	FF
3854	16	E2	FF
3855	16	E2	FF
3856	16	E2	FF
3857	16	E2	FF
3858	16	E2	FF
3859	16	E2	FF
3860	16	E2	FF
3861	16	E2	FF
3862	16	E2	FF
3863	16	E2	FF
3864	16	E2	FF
3865	16	E2	FF
3866	16	E2	FF
3867	16	E2	FF
3868	16	E2	FF
3869	16	E2	FF
3870	16	E2	FF
3871	16	E2	FF
3872	16	E2	FF
3873	16	E2	FF
3874	16	E2	FF
3875	16	E2	FF
3876	16	E2	FF
3877	16	E2	FF
3878	16	E2	FF
3879	16	E2	FF
3880	16	E2	FF
3881	16	E2	FF
3882	16	E2	FF
3883	16	E2	FF
3884	16	E2	FF
3885	16	E2	FF
3886	16	E2	FF
3887	16	E2	FF
3888	16	E2	FF
3889	16	E2	FF
3890	16	E2	FF
3891	16	E2	FF
3892	16	E2	FF
3893	16	E2	FF
3894	16	E2	FF
3895	16	E2	FF
3896	16	E2	FF
3897	16	E2	FF
3898	16	E2	FF
3899	16	E2	FF
3900	16	E2	FF
3901	16	E2	FF
3902	16	E2	FF
3903	16	E2	FF
3904	16	E2	FF
3905	16	E2	FF
3906	16	E2	FF
3907	16	E2	FF
3908	16	E2	FF
3909	16	E2	FF
3910	16	E2	FF
3911	16	E2	FF
3912	16	E2	FF
3913	16	E2	FF
3914	16	E2	FF
3915	16	E2	FF
3916	16	E2	FF
3917	16	E2	FF
3918	16	E2	FF
3919	16	E2	FF
3920	16	E2	FF
3921	16	E2	FF
3922	16	E2	FF
3923	16	E2	FF
3924	16	E2	FF
3925	16	E2	FF
3926	16	E2	FF
3927	16	E2	FF
3928	16	E2	FF
3929	16	E2	FF
3930	16	E2	FF
3931	16	E2	FF
3932	16	E2	FF
3933	16	E2	FF
3934	16	E2	FF
3935	16	E2	FF
3936	16	E2	FF
3937	16	E2	FF
3938	16	E2	FF
3939	16	E2	FF
3940	16	E2	FF
3941	16	E2	FF
3942	16	E2	FF
3943	16	E2	FF
3944	16	E2	FF
3945	16	E2	FF
3946	16	E2	FF
3947	16	E2	FF
3948	16	E2	FF
3949	16	E2	FF
3950	16	E2	FF
3951	16	E2	FF
3952	16	E2	FF
3953	16	E2	FF
3954	16	E2	FF
3955	16	E2	FF
3956	16	E2	FF
3957	16	E2	FF
3958	16	E2	FF
3959	16	E2	FF
3960	16	E2	FF
3961	16	E2	FF
3962	16	E2	FF
3963	16	E2	FF
3964	16	E2	FF
3965	16	E2	FF
3966	16	E2	FF
3967	16	E2	FF
3968	16	E2	FF
3969	16	E2	FF
3970	16	E2	FF
3971	16	E2	FF
3972	16	E2	FF
3973	16	E2	FF
3974	16	E2	FF
3975	16	E2	FF
3976	16	E2	FF
3977	16	E2	FF
3978	16	E2	FF
3979	16	E2	FF
3980	16	E2	FF
3981	16	E2	FF
3982	16	E2	FF
3983	16	E2	FF
3984	16	E2	FF
3985	16	E2	FF
3986	16	E2	FF
3987	16	E2	FF
3988	16	E2	FF
3989	16	E2	FF
3990	16	E2	FF
3991	16	E2	FF
3992	16	E2	FF
3993	16	E2	FF
3994	16	E2	FF
3995	16	E2	FF
3996	16	E2	FF
3997	16	E2	FF
3998	16	E2	FF
3999	16	E2	FF
4000	16	E2	FF
4001	16	E2	FF
4002	16	E2	FF
4003	16	E2	FF
4004	16	E2	FF
4005	16	E2	FF
4006	16	E2	FF
4007	16	E2	FF
4008	16	E2	FF
4009	16	E2	FF
4010	16	E2	FF
4011	16	E2	FF
4012	16	E2	FF
4013	16	E2	FF
4014	16	E2	FF
4015	16	E2	FF
4016	16	E2	FF
4017	16	E2	FF
4018	16	E2	FF
4019	16	E2	FF
4020	16	E2	FF
4021	16	E2	FF
4022	16	E2	FF
4023	16	E2	FF
4024	16	E2	FF
4025	16	E2	FF
4026	16	E2	FF
4027	16	E2	FF
4028	16	E2	FF
4029	16	E2	FF
4030	16	E2	FF
4031	16	E2	FF
4032	16	E2	FF
4033	16	E2	FF
4034	16	E2	FF
4035	16	E2	FF
4036	16	E2	FF
4037	16	E2	FF
4038	16	E2	FF
4039	16	E2	FF
4040	16	E2	FF
4041	16	E2	FF
4042	16	E2	FF
4043	16	E2	FF
4044	16	E2	FF
4045	16	E2	FF
4046	16	E2	FF
4047	16	E2	FF
4048	16	E2	FF
4049	16	E2	FF
4050	16	E2	FF
4051	16	E2	FF
4052	16	E2	FF
4053	16	E2	FF
4054	16	E2	FF
4055	16	E2	FF
4056	16	E2	FF
4057	16	E2	FF
4058	16	E2	FF
4059	16	E2	FF
4060	16	E2	FF
4061	16	E2	FF
4062	16	E2	FF
4063	16	E2	FF
4064	16	E2	FF
4065	16	E2	FF
4066	16	E2	FF
4067	16	E2	FF
4068	16	E2	FF
4069	16	E2	FF
4070	16	E2	FF
4071	16	E2	FF
4072	16	E2	FF
4073	16	E2	FF
4074	16	E2	FF
4075	16	E2	FF
4076	16	E2	FF
4077	16	E2	FF
4078	16	E2	FF
4079	16	E2	FF
4080	16	E2	FF
4081	16	E2	FF
4082	16	E2	FF
4083	16	E2	FF
4084	16	E2	FF
4085	16	E2	FF
4086	16	E2	FF
4087	16	E2	FF
4088	16	E2	FF
4089	16	E2	FF
4090	16	E2	FF
4091	16	E2	FF
4092	16	E2	FF
4093	16	E2	FF
4094	16	E2	FF
4095	16	E2	FF
4096	16	E2	FF
4097	16	E2	FF
4098	16	E2	FF
4099	16	E2	FF
4100	16	E2	FF
4101	16	E2	FF
4102	16	E2	FF
4103	16	E2	FF
4104	16	E2	FF
4105	16	E2	FF
4106	16	E2	FF
4107	16	E2	FF
4108	16	E2	FF
4109	16	E2	FF
4110	16	E2	FF
4111	16	E2	FF
4112	16	E2	FF
4113	16	E2	FF
4114	16	E2	FF
4115	16	E2	FF
4116	16	E2	FF
4117	16	E2	FF
4118	16	E2	FF
4119	16	E2	FF
4120	16	E2	FF
4121	16	E2	FF
4122	16	E2	FF
4123	16	E2	FF
4124	16	E2	FF
4125	16	E2	FF
4126	16	E2	FF
4127	16	E2	FF
4128	16	E2	FF
4129	16	E2	FF
4130	16	E2	FF
4131	16	E2	FF
4132	16	E2	FF
4133	16	E2	FF
4134	16	E2	FF
4135	16	E2	FF
4136	16	E2	FF
4137	16	E2	FF
4138	16	E2	FF
4139	16	E2	FF
4140	16	E2	FF
4141	16	E2	FF
4142	16	E2	FF
4143	16	E2	FF
4144	16	E2	FF
4145	16	E2	FF
4146	16	E2	FF
4147	16	E2	FF
4148	16	E2	FF
4149	16	E2	FF
4150	16	E2	FF
4151	16	E2	FF
4152	16	E2	FF
4153	16	E2	FF
4154	16	E2	FF
4155	16	E2	FF
4156	16	E2	FF
4157	16	E2	FF
4158	16	E2	FF
4159	16	E2	FF
4160	16	E2	FF
4161	16	E2	FF
4162	16	E2	FF
4163	16	E2	FF
4164	16	E2	FF
4165	16	E2	FF
4166	16	E2	FF
4167	16	E2	FF
4168	16	E2	FF
4169	16	E2	FF
4170	16	E2	FF
4171	16	E2	FF
4172	16	E2	FF
4173	16	E2	FF
4174	16	E2	FF
4175	16	E2	FF
4176	16	E2	FF
4177	16	E2	FF
4178	16	E2	FF
4179	16	E2	FF
4180	16	E2	FF
4181	16	E2	FF
4182	16	E2	FF
4183	16	E2	FF
4184	16	E2	FF
4185	16	E2	FF
4186	16	E2	FF
4187	16	E2	FF
4188	16	E2	FF
4189	16	E2	FF
4190	16	E2	FF
4191	16	E2	FF
4192	16	E2	FF
4193	16	E2	FF
4194	16	E2	FF
4195	16	E2	FF
4196	16	E2	FF
4197	16	E2	FF
4198	16	E2	FF
4199	16	E2	FF
4200	16	E2	FF
4201	16	E2	FF
4202	16	E2	FF
4203	16	E2	FF
4204	16	E2	FF
4205	16	E2	FF
4206	16	E2	FF
4207	16	E2	FF
4208	16	E2	FF
4209	16	E2	FF
4210	16	E2	FF
4211	16	E2	FF
4212	16	E2	FF
4213	16	E2	FF
4214	16	E2	FF
4215	16	E2	FF
4216	16	E2	FF
4217	16	E2	FF
4218	16	E2	FF
4219	16	E2	FF
4220	16	E2	FF
4221	16	E2	FF
4222	16	E2	FF
4223	16	E2	FF
4224	16	E2	FF
4225	16	E2	FF
4226	16	E2	FF
4227	16	E2	FF
4228	16	E2	FF
4229	16	E2	FF
4230	16	E2	FF
4231	16	E2	FF
4232	16	E2	FF
4233	16	E2	FF
4234	16	E2	FF
4235	16	E2	FF
4236	16	E2	FF
4237	16	E2	FF
4238	16	E2	FF
4239	16	E2	FF
4240	16	E2	FF
4241	16	E2	FF
4242	16	E2	FF
4243	16	E2	FF
4244	16	E2	FF
4245	16	E2	FF
4246	16	E2	FF
4247	16	E2	FF
4248	16	E2	FF
4249	16	E2	FF
4250	16	E2	FF
4251	16	E2	FF
4252	16	E2	FF
4253	16	E2	FF
4254	16	E2	FF
4255	16	E2	FF
4256	16	E2	FF
4257	16	E2	FF
4258	16	E2	FF
4259	16	E2	FF
4260	16	E2	FF
4261	16	E2	FF
4262	16	E2	FF
4263	16	E2	FF
4264	16	E2	FF
4265	16	E2	FF
4266	16	E2	FF
4267	16	E2	FF
4268	16	E2	FF
4269	16	E2	FF
4270	16	E2	FF
4271	16	E2	FF
4272	16	E2	FF
4273	16	E2	FF
4274	16	E2	FF
4275	16	E2	FF
4276	16	E2	FF
4277	16	E2	FF
4278	16	E2	FF
4279	16	E2	FF
4280	16	E2	FF
4281	16	E2	FF
4282	16	E2	FF
4283	16	E2	FF
4284	16	E2	FF
4285	16	E2	FF
4286	16	E2	FF
4287	16	E2	FF
4288	16	E2	FF
4289	16	E2	FF
4290	16	E2	FF
4291	16	E2	FF
4292	16	E2	FF
4293	16	E2	FF
4294	16	E2	FF
4295	16	E2	FF
4296	16	E2	FF
4297	16	E2	FF
4298	16	E2	FF
4299	16	E2	FF
4300	16	E2	FF
4301	16	E2	FF
4302	16	E2	FF
4303	16	E2	FF
4304	16	E2	FF
4305	16	E2	FF
4306	16	E2	FF
4307	16	E2	FF
4308	16	E2	FF
4309	16	E2	FF
4310	16	E2	FF
4311	16	E2	FF
4312	16	E2	FF
4313	16	E2	FF
4314	16	E2	FF
4315	16	E2	FF
4316	16	E2	FF
4317	16	E2	FF
4318	16	E2	FF
4319	16	E2	FF
4320	16	E2	FF
4321	16	E2	FF
4322	16	E2	FF
4323	16	E2	FF
4324	16	E2	FF
4325	16	E2	FF
4326	16	E2	FF
4327	16	E2	FF
4328	16	E2	FF
4329	16	E2	FF
4330	16	E2	FF
4331	16	E2	FF
4332	16	E2	FF
4333	16	E2	FF
4334	16	E2	FF
4335	16	E2	FF
4336	16	E2	FF
4337	16	E2	FF
4338	16	E2	FF
4339	16	E2	FF
4340	16	E2	FF
4341	16	E2	FF
4342	16	E2	FF
4343	16	E2	FF
4344	16	E2	FF
4345	16	E2	FF
4346	16	E2	FF
4347	16	E2	FF
4348	16	E2	FF
4349	16	E2	FF
4350	16	E2	FF
4351	16	E2	FF
4352	16	E2	FF
4353	16	E2	FF
4354	16	E2	FF
4355	16	E2	FF
4356	16	E2	FF
4357	16	E2	FF
4358	16	E2	FF
4359	16	E2	FF
4360	16	E2	FF
4361	16	E2	FF
4362	16	E2	FF
4363	16	E2	FF
4364	16	E2	FF
4365	16	E2	FF
4366	16	E2	FF
4367	16	E2	FF
4368	16	E2	FF
4369	16	E2	FF
4370	16	E2	FF
4371	16	E2	FF
4372	16	E2	FF
4373	16	E2	FF
4374	16	E2	FF
4375	16	E2	FF
4376	16	E2	FF
4377	16	E2	FF
4378	16	E2	FF
4379	16	E2	FF
4380	16	E2	FF
4381	16	E2	FF
4382	16	E2	FF
4383	16	E2	FF
4384	16	E2	FF
4385	16	E2	FF
4386	16	E2	FF
4387	16	E2	FF
4388	16	E2	FF
4389	16	E2	FF
4390	16	E2	FF
4391	16	E2	FF
4392	16	E2	FF
4393	16	E2	FF
4394	16	E2	FF
4395	16	E2	FF
4396	16	E2	FF
4397	16	E2	FF
4398	16	E2	FF
4399	16	E2	FF
4400	16	E2	FF
4401	16	E2	FF
4402	16	E2	FF
4403	16	E2	FF
4404	16	E2	FF
4405	16	E2	FF
4406	16	E2	FF
4407	16	E2	FF
4408	16	E2	FF
4409	16	E2	FF
4410	16	E2	FF
4411	16	E2	FF
4412	16	E2	FF
4413	16	E2	FF
4414	16	E2	FF
4415	16	E2	FF
4416	16	E2	FF
4417	16	E2	FF
4418	16	E2	FF
4419	16	E2	FF
4420	16	E2	FF
4421	16	E2	FF
4422	16	E2	FF
4423	16	E2	FF
4424	16	E2	FF
4425	16	E2	FF
4426	16	E2	FF
4427	16	E2	FF
4428	16	E2	FF
4429	16	E2	FF
4430	16	E2	FF
4431	16	E2	FF
4432	16	E2	FF
4433	16	E2	FF
4434	16	E2	FF
4435	16	E2	FF
4436	16	E2	FF
4437	16	E2	FF
4438	16	E2	FF
4439	16	E2	FF
4440	16	E2	FF
4441	16	E2	FF
4442	16	E2	FF
4443	16	E2	FF
4444	16	E2	FF
4445	16	E2	FF
4446	16	E2	FF
4447	16	E2	FF
4448	16	E2	FF
4449	16	E2	FF
4450	16	E2	FF
4451	16	E2	FF
4452	16	E2	FF
4453	16	E2	FF
4454	16	E2	FF
4455	16	E2	FF
4456	16	E2	FF
4457	16	E2	FF
4458	16	E2	FF
4459	16	E2	FF
4460	16	E2	FF
4461	16	E2	FF
4462	16	E2	FF
4463	16	E2	FF
4464	16	E2	FF
4465	16	E2	FF
4466	16	E2	FF
4467	16	E2	FF
4468	16	E2	FF
4469	16	E2	FF
4470	16	E2	FF
4471	16	E2	FF
4472	16	E2	FF
4473	16	E2	FF
4474	16	E2	FF
4475	16	E2	FF
4476	16	E2	FF
4477	16	E2	FF
4478	16	E2	FF
4479	16	E2	FF
4480	16	E2	FF
4481	16	E2	FF
4482	16	E2	FF
4483	16	E2	FF
4484	16	E2	FF
4485	16	E2	FF
4486	16	E2	FF
4487	16	E2	FF
4488	16	E2	FF
4489	16	E2	FF
4490	16	E2	FF
4491	16	E2	FF
4492	16	E2	FF
4493	16	E2	FF
4494	16	E2	FF
4495	16	E2	FF
4496	16	E2	FF
4497	16	E2	FF
4498	16	E2	FF
4499	16	E2	FF
4500	16	E2	FF
4501	16	E2	FF
4502	16	E2	FF
4503	16	E2	FF
4504	16	E2	FF
4505	16	E2	FF
4506	16	E2	FF
4507	16	E2	FF
4508	16	E2	FF
4509	16	E2	FF
4510	16	E2	FF
4511	16	E2	FF
4512	16	E2	FF
4513	16	E2	FF
4514	16	E2	FF
4515	16	E2	FF
4516	16	E2	FF
4517	16	E2	FF
4518	16	E2	FF
4519	16	E2	FF
4520	16	E2	FF
4521	16	E2	FF
4522	16	E2	FF
4523	16	E2	FF
4524	16	E2	FF
4525	16	E2	FF
4526	16	E2	FF
4527	16	E2	FF
4528	16	E2	FF
4529	16	E2	FF
4530	16	E2	FF
4531	16	E2	FF
4532	16	E2	FF
4533	16	E2	FF
4534	16	E2	FF
4535	16	E2	FF
4536	16	E2	FF
4537	16	E2	FF
4538	16	E2	FF
4539	16	E2	FF
4540	16	E2	FF
4541	16	E2	FF
4542	16	E2	FF
4543	16	E2	FF
4544	16	E2	FF
4545	16	E2	FF
4546	16	E2	FF
4547	16	E2	FF
4548	16	E2	FF
4549	16	E2	FF
4550	16	E2	FF
4551	16	E2	FF
4552	16	E2	FF
4553	16	E2	FF
4554	16	E2	FF
4555	16	E2	FF
4556	16	E2	FF
4557	16	E2	FF
4558	16	E2	FF
4559	16	E2	FF
4560	16	E2	FF
4561	16	E2	FF
4562	16	E2	FF
4563	16	E2	FF
4564	16	E2	FF
4565	16	E2	FF
4566	16	E2	FF
4567	16	E2	FF
4568	16	E2	FF
4569	16	E2	FF
4570	16	E2	FF
4571	16	E2	FF
4572	16	E2	FF
4573	16	E2	FF
4574	16	E2	FF
4575	16	E2	FF
4576	16	E2	FF
4577	16	E2	FF
4578	16	E2	FF
4579	16	E2	FF
4580	16	E2	FF
4581	16	E2	FF
4582	16	E2	FF
4583	16	E2	FF
4584	16	E2	FF
4585	16	E2	FF
4586	16	E2	FF
4587	16	E2	FF
4588	16	E2	FF
4589	16	E2	FF
4590	16	E2	FF
4591	16	E2	FF
4592	16	E2	FF
4593	16	E2	FF
4594	16	E2	FF
4595	16	E2	FF
4596	16	E2	FF
4597	16	E2	FF
4598	16	E2	FF
4599	16	E2	FF
4600	16	E2	FF
4601	16	E2	FF
4602	16	E2	FF
4603	16	E2	FF
4604	0	0A	FF
4605	0	0A	FF
4606	0	0A	FF
4607	0	0A	FF
4608	0	0A	FF
4609	0	0A	FF
4610	0	0A	FF
4611	0	0A	FF
4612	0	0A	FF
4613	0	0A	FF
4614	0	0A	FF
4615	0	0A	FF
4616	0	0A	FF
4617	0	0A	FF
4618	0	0A	FF
4619	0	0A	FF
4620	0	0A	FF
4621	0	0A	FF
4622	0	0A	FF
4623	0	0A	FF
4624	0	0A	FF
4625	0	0A	FF
4626	0	0A	FF
4627	0	0A	FF
4628	0	0A	FF
4629	0	0A	FF
4630	0	38	FF
4631	0	38	FF
4632	0	38	FF
4633	0	38	FF
4634	0	38	FF
4635	0	38	FF
4636	0	38	FF
4637	0	38	FF
4638	0	38	FF
4639	0	38	FF
4640	0	38	FF
4641	0	38	FF
4642	0	38	FF
4643	0	38	FF
4644	0	38	FF
4645	0	38	FF
4646	0	38	FF
4647	0	38	FF
4648	0	38	FF
4649	0	38	FF
4650	0	38	FF
4651	0	38	FF
4652	0	38	FF
4653	0	38	FF
4654	0	38	FF
4655	0	38	FF
4656	0	38	FF
4657	0	38	FF
4658	0	38	FF
4659	0	38	FF
4660	0	38	FF
4661	0	38	FF
4662	0	38	FF
4663	0	38	FF
4664	0	38	FF
4665	0	38	FF
4666	0	38	FF
4667	0	38	FF
4668	0	38	FF
4669	0	38	FF
4670	0	38	FF
4671	0	38	FF
4672	0	38	FF
4673	0	38	FF
4674	0	38	FF
4675	0	38	FF
4676	2	38	FF
4677	2	38	FF
4678	4	38	FF
4679	2	38	FF
4680	3	38	FF
4681	3	38	FF
4682	3	38	FF
4683	3	38	FF
4684	3	38	FF
4685	3	38	FF
4686	2	38	FF
4687	4	38	FF
4688	4	38	FF
4689	4	38	FF
4690	3	38	FF
4691	4	38	FF
4692	4	38	FF
4693	4	38	FF
4694	2	38	FF
4695	3	38	FF
4696	3	38	FF
4697	3	38	FF
4698	3	38	FF
4699	3	38	FF
4700	3	38	FF
4701	2	38	FF
4702	4	38	FF
4703	4	38	FF
4704	4	38	FF
4705	3	38	FF
4706	4	38	FF
4707	4	38	FF
4708	4	38	FF
4709	2	38	FF
4710	3	38	FF
4711	3	38	FF
4712	3	38	FF
4713	3	38	FF
4714	3	38	FF
4715	3	38	FF
4716	3	38	FF
4717	0	38	FF
4718	0	0A	FF
4719	0	0A	FF
4720	0	0A	FF
4721	0	0A	FF
4722	0	0A	FF
4723	0	0A	FF
4724	0	0A	FF
4725	0	0A	FF
4726	0	0A	FF
4727	0	0A	FF
4728	0	0A	FF
4729	0	0A	FF
4730	0	0A	FF
4731	0	0A	FF
4732	0	0A	FF
4733	0	0A	FF
4734	0	0A	FF
4735	0	0A	FF
4736	0	0A	FF
4737	0	0A	FF
4738	0	0A	FF
4739	0	0A	FF
4740	0	0A	FF
4741	0	0A	FF
4742	0	0A	FF
4743	0	0A	FF
4744	0	0A	FF
4745	0	0A	FF
4746	0	0A	FF
4747	0	0A	FF
4748	0	0A	FF
4749	0	0A	FF
4750	0	0A	FF
4751	0	E2	FF
4752	0	E2	FF
4753	0	E2	FF
4754	0	E2	FF
4755	0	E2	FF
4756	0	E2	FF
4757	0	E2	FF
4758	0	E2	FF
4759	0	E2	FF
4760	0	E2	FF
4761	0	E2	FF
4762	0	E2	FF
4763	0	E2	FF
4764	0	E2	FF
4765	0	E2	FF
4766	0	E2	FF
4767	0	E2	FF
4768	0	E2	FF
4769	0	E2	FF
4770	0	E2	FF
4771	0	E2	FF
4772	0	E2	FF
4773	0	E2	FF
4774	0	E2	FF
4775	0	E2	FF
4776	0	E2	FF
4777	0	E2	FF
4778	0	E2	FF
4779	0	E2	FF
4780	16	E2	FF
4781	16	E2	FF
4782	16	E2	FF
4783	16	E2	FF
4784	16	E2	FF
4785	16	E2	FF
4786	16	E2	FF
4787	16	E2	FF
4788	16	E2	FF
4789	16	E2	FF
4790	16	E2	FF
4791	16	E2	FF
4792	16	E2	FF
4793	16	E2	FF
4794	16	E2	FF
4795	16	E2	FF
4796	16	E2	FF
4797	16	E2	FF
4798	16	E2	FF
4799	16	E2	FF
4800	16	E2	FF
4801	16	E2	FF
4802	16	E2	FF
4803	16	E2	FF
4804	16	E2	FF
4805	16	E2	FF
4806	16	E2	FF
4807	16	E2	FF
4808	16	E2	FF
4809	16	E2	FF
4810	16	E2	FF
4811	16	E2	FF
4812	16	E2	FF
4813	16	E2	FF
4814	16	E2	FF
4815	16	E2	FF
4816	16	E2	FF
4817	16	E2	FF
4818	16	E2	FF
4819	16	E2	FF
4820	16	E2	FF
4821	16	E2	FF
4822	16	E2	FF
4823	16	E2	FF
4824	16	E2	FF
4825	16	E2	FF
4826	16	E2	FF
4827	16	E2	FF
4828	16	E2	FF
4829	16	E2	FF
4830	16	E2	FF
4831	16	E2	FF
4832	16	E2	FF
4833	16	E2	FF
4834	16	E2	FF
4835	16	E2	FF
4836	16	E2	FF
4837	16	E2	FF
4838	16	E2	FF
4839	16	E2	FF
4840	16	E2	FF
4841	16	E2	FF
4842	16	E2	FF
4843	16	E2	FF
4844	16	E2	FF
4845	16	E2	FF
4846	16	E2	FF
4847	16	E2	FF
4848	16	E2	FF
4849	16	E2	FF
4850	16	E2	FF
4851	16	E2	FF
4852	16	E2	FF
4853	16	E2	FF
4854	16	E2	FF
4855	16	E2	FF
4856	16	E2	FF
4857	16	E2	FF
4858	16	E2	FF
4859	16	E2	FF
4860	16	E2	FF
4861	16	E2	FF
4862	16	E2	FF
4863	16	E2	FF
4864	16	E2	FF
4865	16	E2	FF
4866	16	E2	FF
4867	16	E2	FF
4868	16	E2	FF
4869	16	E2	FF
4870	16	E2	FF
4871	16	E2	FF
4872	16	E2	FF
4873	16	E2	FF
4874	16	E2	FF
4875	16	E2	FF
4876	16	E2	FF
4877	16	E2	FF
4878	16	E2	FF
4879	16	E2	FF
4880	16	E2	FF
4881	16	E2	FF
4882	16	E2	FF
4883	16	E2	FF
4884	16	E2	FF
4885	16	E2	FF
4886	16	E2	FF
4887	16	E2	FF
4888	16	E2	FF
4889	16	E2	FF
4890	16	E2	FF
4891	16	E2	FF
4892	16	E2	FF
4893	16	E2	FF
4894	16	E2	FF
4895	16	E2	FF
4896	16	E2	FF
4897	16	E2	FF
4898	16	E2	FF
4899	16	E2	FF
4900	16	E2	FF
4901	16	E2	FF
4902	16	E2	FF
4903	16	E2	FF
4904	16	E2	FF
4905	16	E2	FF
4906	16	E2	FF
4907	16	E2	FF
4908	16	E2	FF
4909	16	E2	FF
4910	16	E2	FF
4911	16	E2	FF
4912	16	E2	FF
4913	16	E2	FF
4914	16	E2	FF
4915	16	E2	FF
4916	16	E2	FF
4917	16	E2	FF
4918	16	E2	FF
4919	16	E2	FF
4920	16	E2	FF
4921	16	E2	FF
4922	16	E2	FF
4923	16	E2	FF
4924	16	E2	FF
4925	16	E2	FF
4926	16	E2	FF
4927	16	E2	FF
4928	16	E2	FF
4929	16	E2	FF
4930	16	E2	FF
4931	16	E2	FF
4932	16	E2	FF
4933	16	E2	FF
4934	16	E2	FF
4935	16	E2	FF
4936	16	E2	FF
4937	16	E2	FF
4938	16	E2	FF
4939	16	E2	FF
4940	16	E2	FF
4941	16	E2	FF
4942	16	E2	FF
4943	16	E2	FF
4944	16	E2	FF
4945	16	E2	FF
4946	16	E2	FF
4947	16	E2	FF
4948	16	E2	FF
4949	16	E2	FF
4950	16	E2	FF
4951	16	E2	FF
4952	16	E2	FF
4953	16	E2	FF
4954	16	E2	FF
4955	16	E2	FF
4956	16	E2	FF
4957	16	E2	FF
4958	16	E2	FF
4959	16	E2	FF
4960	16	E2	FF
4961	16	E2	FF
4962	16	E2	FF
4963	16	E2	FF
4964	16	E2	FF
4965	16	E2	FF
4966	16	E2	FF
4967	16	E2	FF
4968	16	E2	FF
4969	16	E2	FF
4970	16	E2	FF
4971	16	E2	FF
4972	16	E2	FF
4973	16	E2	FF
4974	16	E2	FF
4975	16	E2	FF
4976	16	E2	FF
4977	16	E2	FF
4978	16	E2	FF
4979	16	E2	FF
4980	16	E2	FF
4981	16	E2	FF
4982	16	E2	FF
4983	16	E2	FF
4984	16	E2	FF
4985	16	E2	FF
4986	16	E2	FF
4987	16	E2	FF
4988	16	E2	FF
4989	16	E2	FF
4990	16	E2	FF
4991	16	E2	FF
4992	16	E2	FF
4993	16	E2	FF
4994	16	E2	FF
4995	16	E2	FF
4996	16	E2	FF
4997	16	E2	FF
4998	16	E2	FF
4999	16	E2	FF
5000	16	E2	FF
5001	16	E2	FF
5002	16	E2	FF
5003	16	E2	FF
5004	16	E2	FF
5005	16	E2	FF
5006	16	E2	FF
5007	16	E2	FF
5008	16	E2	FF
5009	16	E2	FF
5010	16	E2	FF
5011	16	E2	FF
5012	16	E2	FF
5013	16	E2	FF
5014	16	E2	FF
5015	16	E2	FF
5016	16	E2	FF
5017	16	E2	FF
5018	16	E2	FF
5019	16	E2	FF
5020	16	E2	FF
5021	16	E2	FF
5022	16	E2	FF
5023	16	E2	FF
5024	16	E2	FF
5025	16	E2	FF
5026	16	E2	FF
5027	16	E2	FF
5028	16	E2	FF
5029	16	E2	FF
5030	16	E2	FF
5031	16	E2	FF
5032	16	E2	FF
5033	16	E2	FF
5034	16	E2	FF
5035	16	E2	FF
5036	16	E2	FF
5037	16	E2	FF
5038	16	E2	FF
5039	16	E2	FF
5040	16	E2	FF
5041	16	E2	FF
5042	16	E2	FF
5043	16	E2	FF
5044	16	E2	FF
5045	16	E2	FF
5046	16	E2	FF
5047	16	E2	FF
5048	16	E2	FF
5049	16	E2	FF
5050	16	E2	FF
5051	16	E2	FF
5052	16	E2	FF
5053	16	E2	FF
5054	16	E2	FF
5055	16	E2	FF
5056	16	E2	FF
5057	16	E2	FF
5058	16	E2	FF
5059	16	E2	FF
5060	16	E2	FF
5061	16	E2	FF
5062	16	E2	FF
5063	16	E2	FF
5064	16	E2	FF
5065	16	E2	FF
5066	16	E2	FF
5067	16	E2	FF
5068	16	E2	FF
5069	16	E2	FF
5070	16	E2	FF
5071	16	E2	FF
5072	16	E2	FF
5073	16	E2	FF
5074	16	E2	FF
5075	16	E2	FF
5076	16	E2	FF
5077	16	E2	FF
5078	16	E2	FF
5079	16	E2	FF
5080	16	E2	FF
5081	16	E2	FF
5082	16	E2	FF
5083	16	E2	FF
5084	16	E2	FF
5085	16	E2	FF
5086	16	E2	FF
5087	16	E2	FF
5088	16	E2	FF
5089	16	E2	FF
5090	16	E2	FF
5091	16	E2	FF
5092	16	E2	FF
5093	16	E2	FF
5094	16	E2	FF
5095	16	E2	FF
5096	16	E2	FF
5097	16	E2	FF
5098	16	E2	FF
5099	16	E2	FF
5100	16	E2	FF
5101	16	E2	FF
5102	16	E2	FF
5103	16	E2	FF
5104	16	E2	FF
5105	16	E2	FF
5106	16	E2	FF
5107	16	E2	FF
5108	16	E2	FF
5109	16	E2	FF
5110	16	E2	FF
5111	16	E2	FF
5112	16	E2	FF
5113	16	E2	FF
5114	16	E2	FF
5115	16	E2	FF
5116	16	E2	FF
5117	16	E2	FF
5118	16	E2	FF
5119	16	E2	FF
5120	16	E2	FF
5121	16	E2	FF
5122	16	E2	FF
5123	16	E2	FF
5124	16	E2	FF
5125	16	E2	FF
5126	16	E2	FF
5127	16	E2	FF
5128	16	E2	FF
5129	16	E2	FF
5130	16	E2	FF
5131	16	E2	FF
5132	16	E2	FF
5133	16	E2	FF
5134	16	E2	FF
5135	16	E2	FF
5136	16	E2	FF
5137	16	E2	FF
5138	16	E2	FF
5139	16	E2	FF
5140	16	E2	FF
5141	16	E2	FF
5142	16	E2	FF
5143	16	E2	FF
5144	16	E2	FF
5145	16	E2	FF
5146	16	E2	FF
5147	16	E2	FF
5148	16	E2	FF
5149	16	E2	FF
5150	16	E2	FF
5151	16	E2	FF
5152	16	E2	FF
5153	16	E2	FF
5154	16	E2	FF
5155	16	E2	FF
5156	16	E2	FF
5157	16	E2	FF
5158	16	E2	FF
5159	16	E2	FF
5160	16	E2	FF
5161	16	E2	FF
5162	16	E2	FF
5163	16	E2	FF
5164	16	E2	FF
5165	16	E2	FF
5166	16	E2	FF
5167	16	E2	FF
5168	16	E2	FF
5169	16	E2	FF
5170	16	E2	FF
5171	16	E2	FF
5172	16	E2	FF
5173	16	E2	FF
5174	16	E2	FF
5175	16	E2	FF
5176	16	E2	FF
5177	16	E2	FF
5178	16	E2	FF
5179	16	E2	FF
5180	16	E2	FF
5181	16	E2	FF
5182	16	E2	FF
5183	16	E2	FF
5184	16	E2	FF
5185	16	E2	FF
5186	16	E2	FF
5187	16	E2	FF
5188	16	E2	FF
5189	16	E2	FF
5190	16	E2	FF
5191	16	E2	FF
5192	16	E2	FF
5193	16	E2	FF
5194	16	E2	FF
5195	16	E2	FF
5196	16	E2	FF
5197	16	E2	FF
5198	16	E2	FF
5199	16	E2	FF
5200	16	E2	FF
5201	16	E2	FF
5202	16	E2	FF
5203	16	E2	FF
5204	16	E2	FF
5205	16	E2	FF
5206	16	E2	FF
5207	16	E2	FF
5208	16	E2	FF
5209	16	E2	FF
5210	16	E2	FF
5211	16	E2	FF
5212	16	E2	FF
5213	16	E2	FF
5214	16	E2	FF
5215	16	E2	FF
5216	16	E2	FF
5217	16	E2	FF
5218	16	E2	FF
5219	16	E2	FF
5220	16	E2	FF
5221	16	E2	FF
5222	16	E2	FF
5223	16	E2	FF
5224	16	E2	FF
5225	16	E2	FF
5226	16	E2	FF
5227	16	E2	FF
5228	16	E2	FF
5229	16	E2	FF
5230	16	E2	FF
5231	16	E2	FF
5232	16	E2	FF
5233	16	E2	FF
5234	16	E2	FF
5235	16	E2	FF
5236	16	E2	FF
5237	16	E2	FF
5238	16	E2	FF
5239	16	E2	FF
5240	16	E2	FF
5241	16	E2	FF
5242	16	E2	FF
5243	16	E2	FF
5244	16	E2	FF
5245	16	E2	FF
5246	16	E2	FF
5247	16	E2	FF
5248	16	E2	FF
5249	16	E2	FF
5250	16	E2	FF
5251	16	E2	FF
5252	16	E2	FF
5253	16	E2	FF
5254	16	E2	FF
5255	16	E2	FF
5256	16	E2	FF
5257	16	E2	FF
5258	16	E2	FF
5259	16	E2	FF
5260	16	E2	FF
5261	16	E2	FF
5262	16	E2	FF
5263	16	E2	FF
5264	16	E2	FF
5265	16	E2	FF
5266	16	E2	FF
5267	16	E2	FF
5268	16	E2	FF
5269	16	E2	FF
5270	16	E2	FF
5271	16	E2	FF
5272	16	E2	FF
5273	16	E2	FF
5274	16	E2	FF
5275	16	E2	FF
5276	16	E2	FF
5277	16	E2	FF
5278	16	E2	FF
5279	16	E2	FF
5280	16	E2	FF
5281	16	E2	FF
5282	16	E2	FF
5283	16	E2	FF
5284	16	E2	FF
5285	16	E2	FF
5286	16	E2	FF
5287	16	E2	FF
5288	16	E2	FF
5289	16	E2	FF
5290	16	E2	FF
5291	16	E2	FF
5292	16	E2	FF
5293	16	E2	FF
5294	16	E2	FF
5295	16	E2	FF
5296	16	E2	FF
5297	16	E2	FF
5298	16	E2	FF
5299	16	E2	FF
5300	16	E2	FF
5301	16	E2	FF
5302	16	E2	FF
5303	16	E2	FF
5304	16	E2	FF
5305	16	E2	FF
5306	16	E2	FF
5307	16	E2	FF
5308	16	E2	FF
5309	16	E2	FF
5310	16	E2	FF
5311	16	E2	FF
5312	16	E2	FF
5313	16	E2	FF
5314	16	E2	FF
5315	16	E2	FF
5316	16	E2	FF
5317	16	E2	FF
5318	16	E2	FF
5319	16	E2	FF
5320	16	E2	FF
5321	16	E2	FF
5322	16	E2	FF
5323	16	E2	FF
5324	16	E2	FF
5325	16	E2	FF
5326	16	E2	FF
5327	16	E2	FF
5328	16	E2	FF
5329	16	E2	FF
5330	16	E2	FF
5331	16	E2	FF
5332	16	E2	FF
5333	16	E2	FF
5334	16	E2	FF
5335	16	E2	FF
5336	16	E2	FF
5337	16	E2	FF
5338	16	E2	FF
5339	16	E2	FF
5340	16	E2	FF
5341	16	E2	FF
5342	16	E2	FF
5343	16	E2	FF
5344	16	E2	FF
5345	16	E2	FF
5346	16	E2	FF
5347	16	E2	FF
5348	16	E2	FF
5349	16	E2	FF
5350	16	E2	FF
5351	16	E2	FF
5352	16	E2	FF
5353	16	E2	FF
5354	16	E2	FF
5355	16	E2	FF
5356	16	E2	FF
5357	16	E2	FF
5358	16	E2	FF
5359	16	E2	FF
5360	16	E2	FF
5361	16	E2	FF
5362	16	E2	FF
5363	16	E2	FF
5364	16	E2	FF
5365	16	E2	FF
5366	16	E2	FF
5367	16	E2	FF
5368	16	E2	FF
5369	16	E2	FF
5370	16	E2	FF
5371	16	E2	FF
5372	16	E2	FF
5373	16	E2	FF
5374	16	E2	FF
5375	16	E2	FF
5376	16	E2	FF
5377	16	E2	FF
5378	16	E2	FF
5379	16	E2	FF
5380	16	E2	FF
5381	16	E2	FF
5382	16	E2	FF
5383	16	E2	FF
5384	16	E2	FF
5385	16	E2	FF
5386	16	E2	FF
5387	16	E2	FF
5388	16	E2	FF
5389	16	E2	FF
5390	16	E2	FF
5391	16	E2	FF
5392	16	E2	FF
5393	16	E2	FF
5394	16	E2	FF
5395	16	E2	FF
5396	16	E2	FF
5397	16	E2	FF
5398	16	E2	FF
5399	16	E2	FF
5400	16	E2	FF
5401	16	E2	FF
5402	16	E2	FF
5403	16	E2	FF
5404	16	E2	FF
5405	16	E2	FF
5406	16	E2	FF
5407	16	E2	FF
5408	16	E2	FF
5409	16	E2	FF
5410	16	E2	FF
5411	16	E2	FF
5412	16	E2	FF
5413	16	E2	FF
5414	16	E2	FF
5415	16	E2	FF
5416	16	E2	FF
5417	16	E2	FF
5418	16	E2	FF
5419	16	E2	FF
5420	16	E2	FF
5421	16	E2	FF
5422	16	E2	FF
5423	16	E2	FF
5424	16	E2	FF
5425	16	E2	FF
5426	16	E2	FF
5427	16	E2	FF
5428	16	E2	FF
5429	16	E2	FF
5430	16	E2	FF
5431	16	E2	FF
5432	16	E2	FF
5433	16	E2	FF
5434	16	E2	FF
5435	16	E2	FF
5436	16	E2	FF
5437	16	E2	FF
5438	16	E2	FF
5439	16	E2	FF
5440	16	E2	FF
5441	16	E2	FF
5442	16	E2	FF
5443	16	E2	FF
5444	16	E2	FF
5445	16	E2	FF
5446	16	E2	FF
5447	16	E2	FF
5448	16	E2	FF
5449	16	E2	FF
5450	16	E2	FF
5451	16	E2	FF
5452	16	E2	FF
5453	16	E2	FF
5454	16	E2	FF
5455	16	E2	FF
5456	16	E2	FF
5457	16	E2	FF
5458	16	E2	FF
5459	16	E2	FF
5460	16	E2	FF
5461	16	E2	FF
5462	16	E2	FF
5463	16	E2	FF
5464	16	E2	FF
5465	16	E2	FF
5466	16	E2	FF
5467	16	E2	FF
5468	16	E2	FF
5469	16	E2	FF
5470	16	E2	FF
5471	16	E2	FF
5472	16	E2	FF
5473	16	E2	FF
5474	16	E2	FF
5475	16	E2	FF
5476	16	E2	FF
5477	16	E2	FF
5478	16	E2	FF
5479	16	E2	FF
5480	16	E2	FF
5481	16	E2	FF
5482	16	E2	FF
5483	16	E2	FF
5484	16	E2	FF
5485	16	E2	FF
5486	16	E2	FF
5487	16	E2	FF
5488	16	E2	FF
5489	16	E2	FF
5490	16	E2	FF
5491	16	E2	FF
5492	16	E2	FF
5493	16	E2	FF
5494	16	E2	FF
5495	16	E2	FF
5496	16	E2	FF
5497	16	E2	FF
5498	16	E2	FF
5499	16	E2	FF
5500	16	E2	FF
5501	16	E2	FF
5502	16	E2	FF
5503	16	E2	FF
5504	16	E2	FF
5505	16	E2	FF
5506	16	E2	FF
5507	16	E2	FF
5508	16	E2	FF
5509	16	E2	FF
5510	16	E2	FF
5511	16	E2	FF
5512	16	E2	FF
5513	16	E2	FF
5514	16	E2	FF
5515	16	E2	FF
5516	16	E2	FF
5517	16	E2	FF
5518	16	E2	FF
5519	16	E2	FF
5520	16	E2	FF
5521	16	E2	FF
5522	16	E2	FF
5523	16	E2	FF
5524	16	E2	FF
5525	16	E2	FF
5526	16	E2	FF
5527	16	E2	FF
5528	16	E2	FF
5529	16	E2	FF
5530	16	E2	FF
5531	16	E2	FF
5532	16	E2	FF
5533	16	E2	FF
5534	16	E2	FF
5535	16	E2	FF
5536	16	E2	FF
5537	16	E2	FF
5538	16	E2	FF
5539	16	E2	FF
5540	16	E2	FF
5541	16	E2	FF
5542	16	E2	FF
5543	16	E2	FF
5544	16	E2	FF
5545	16	E2	FF
5546	16	E2	FF
5547	16	E2	FF
5548	16	E2	FF
5549	16	E2	FF
5550	16	E2	FF
5551	16	E2	FF
5552	16	E2	FF
5553	16	E2	FF
5554	16	E2	FF
5555	16	E2	FF
5556	16	E2	FF
5557	16	E2	FF
5558	16	E2	FF
5559	16	E2	FF
5560	16	E2	FF
5561	16	E2	FF
5562	16	E2	FF
5563	16	E2	FF
5564	16	E2	FF
5565	16	E2	FF
5566	16	E2	FF
5567	16	E2	FF
5568	16	E2	FF
5569	16	E2	FF
5570	16	E2	FF
5571	16	E2	FF
5572	16	E2	FF
5573	16	E2	FF
5574	16	E2	FF
5575	16	E2	FF
5576	16	E2	FF
5577	16	E2	FF
5578	16	E2	FF
5579	16	E2	FF
5580	16	E2	FF
5581	16	E2	FF
5582	16	E2	FF
5583	16	E2	FF
5584	16	E2	FF
5585	16	E2	FF
5586	16	E2	FF
5587	16	E2	FF
5588	16	E2	FF
5589	16	E2	FF
5590	16	E2	FF
5591	16	E2	FF
5592	16	E2	FF
5593	16	0A	FF
5594	0	0A	FF
5595	0	0A	FF
5596	0	0A	FF
5597	0	0A	FF
5598	0	0A	FF
5599	0	0A	FF
5600	0	0A	FF
5601	0	0A	FF
5602	0	0A	FF
5603	0	0A	FF
5604	0	0A	FF
5605	0	0A	FF
5606	0	0A	FF
5607	0	0A	FF
5608	0	0A	FF
5609	0	0A	FF
5610	0	0A	FF
5611	0	0A	FF
5612	0	0A	FF
5613	0	0A	FF
5614	0	0A	FF
5615	0	0A	FF
5616	0	0A	FF
5617	0	0A	FF
5618	0	0A	FF
5619	0	0A	FF
5620	0	0A	FF
5621	0	0A	FF
5622	0	0A	FF
5623	0	0A	FF
5624	0	0A	FF
5625	0	0A	FF
5626	0	0A	FF
5627	0	0A	FF
5628	0	0A	FF
5629	0	0A	FF
5630	0	0A	FF
5631	0	0A	FF
5632	2	38	FF
5633	1	38	FF
5634	1	38	FF
5635	2	38	FF
5636	2	38	FF
5637	2	38	FF
5638	2	38	FF
5639	2	38	FF
5640	2	38	FF
5641	2	38	FF
5642	2	38	FF
5643	2	38	FF
5644	2	38	FF
5645	2	38	FF
5646	2	38	FF
5647	2	38	FF
5648	1	38	FF
5649	1	38	FF
5650	2	38	FF
5651	2	38	FF
5652	1	38	FF
5653	1	38	FF
5654	2	38	FF
5655	1	38	FF
5656	2	38	FF
5657	2	38	FF
5658	2	38	FF
5659	2	38	FF
5660	2	38	FF
5661	2	38	FF
5662	2	38	FF
5663	2	38	FF
5664	3	38	FF
5665	3	38	FF
5666	3	38	FF
5667	3	38	FF
5668	3	38	FF
5669	3	38	FF
5670	2	38	FF
5671	4	38	FF
5672	4	38	FF
5673	4	38	FF
5674	3	38	FF
5675	4	38	FF
5676	4	38	FF
5677	4	38	FF
5678	2	38	FF
5679	3	38	FF
5680	3	38	FF
5681	3	38	FF
5682	3	38	FF
5683	3	38	FF
5684	3	38	FF
5685	2	38	FF
5686	4	38	FF
5687	4	38	FF
5688	4	38	FF
5689	3	38	FF
5690	4	38	FF
5691	4	38	FF
5692	4	38	FF
5693	2	38	FF
5694	3	38	FF
5695	3	38	FF
5696	3	38	FF
5697	3	38	FF
5698	3	38	FF
5699	3	38	FF
5700	3	38	FF
5701	4	38	FF
5702	4	38	FF
5703	4	38	FF
5704	3	38	FF
5705	4	38	FF
5706	4	38	FF
5707	4	38	FF
5708	3	38	FF
5709	4	38	FF
5710	4	38	FF
5711	4	38	FF
5712	3	38	FF
5713	3	38	FF
5714	3	38	FF
5715	3	38	FF
5716	3	38	FF
5717	3	38	FF
5718	0	38	FF
5719	0	0A	FF
5720	0	0A	FF
5721	0	0A	FF
5722	0	0A	FF
5723	0	0A	FF
5724	0	0A	FF
5725	0	0A	FF
5726	0	0A	FF
5727	0	0A	FF
5728	0	0A	FF
5729	0	0A	FF
5730	0	0A	FF
5731	0	0A	FF
5732	0	0A	FF
5733	0	0A	FF
5734	0	0A	FF
5735	0	0A	FF
5736	0	0A	FF
5737	0	0A	FF
5738	0	0A	FF
5739	0	0A	FF
5740	0	0A	FF
5741	0	0A	FF
5742	0	0A	FF
5743	0	0A	FF
5744	0	0A	FF
5745	0	0A	FF
5746	0	0A	FF
5747	0	0A	FF
5748	0	0A	FF
5749	0	0A	FF
5750	0	0A	FF
5751	0	0A	FF
5752	0	E2	FF
5753	0	E2	FF
5754	0	E2	FF
5755	0	E2	FF
5756	0	E2	FF
5757	0	E2	FF
5758	0	E2	FF
5759	0	E2	FF
5760	0	E2	FF
5761	0	E2	FF
5762	0	E2	FF
5763	0	E2	FF
5764	0	E2	FF
5765	0	E2	FF
5766	0	E2	FF
5767	0	E2	FF
5768	0	E2	FF
5769	0	E2	FF
5770	0	E2	FF
5771	0	E2	FF
5772	0	E2	FF
5773	0	E2	FF
5774	0	E2	FF
5775	0	E2	FF
5776	0	E2	FF
5777	0	E2	FF
5778	0	E2	FF
5779	0	E2	FF
5780	15	E2	FF
5781	15	E2	FF
5782	15	E2	FF
5783	15	E2	FF
5784	15	E2	FF
5785	15	E2	FF
5786	15	E2	FF
5787	15	E2	FF
5788	15	E2	FF
5789	15	E2	FF
5790	15	E2	FF
5791	15	E2	FF
5792	15	E2	FF
5793	15	E2	FF
5794	15	E2	FF
5795	15	E2	FF
5796	15	E2	FF
5797	15	E2	FF
5798	15	E2	FF
5799	15	E2	FF
5800	15	E2	FF
5801	15	E2	FF
5802	15	E2	FF
5803	15	E2	FF
5804	15	E2	FF
5805	15	E2	FF
5806	15	E2	FF
5807	15	E2	FF
5808	15	E2	FF
5809	15	E2	FF
5810	15	E2	FF
5811	15	E2	FF
5812	15	E2	FF
5813	15	E2	FF
5814	15	E2	FF
5815	15	E2	FF
5816	15	E2	FF
5817	15	E2	FF
5818	15	E2	FF
5819	15	E2	FF
5820	15	E2	FF
5821	15	E2	FF
5822	15	E2	FF
5823	15	E2	FF
5824	15	E2	FF
5825	15	E2	FF
5826	15	E2	FF
5827	15	E2	FF
5828	15	E2	FF
5829	15	E2	FF
5830	15	E2	FF
5831	15	E2	FF
5832	15	E2	FF
5833	15	E2	FF
5834	15	E2	FF
5835	15	E2	FF
5836	15	E2	FF
5837	15	E2	FF
5838	15	E2	FF
5839	15	E2	FF
5840	15	E2	FF
5841	15	E2	FF
5842	15	E2	FF
5843	15	E2	FF
5844	15	E2	FF
5845	15	E2	FF
5846	15	E2	FF
5847	15	E2	FF
5848	15	E2	FF
5849	15	E2	FF
5850	15	E2	FF
5851	15	E2	FF
5852	15	E2	FF
5853	15	E2	FF
5854	15	E2	FF
5855	15	E2	FF
5856	15	E2	FF
5857	15	E2	FF
5858	15	E2	FF
5859	15	E2	FF
5860	15	E2	FF
5861	15	E2	FF
5862	15	E2	FF
5863	15	E2	FF
5864	15	E2	FF
5865	15	E2	FF
5866	15	E2	FF
5867	15	E2	FF
5868	15	E2	FF
5869	15	E2	FF
5870	15	E2	FF
5871	15	E2	FF
5872	15	E2	FF
5873	15	E2	FF
5874	15	E2	FF
5875	15	E2	FF
5876	15	E2	FF
5877	15	E2	FF
5878	15	E2	FF
5879	15	E2	FF
5880	15	E2	FF
5881	15	E2	FF
5882	15	E2	FF
5883	15	E2	FF
5884	15	E2	FF
5885	15	E2	FF
5886	15	E2	FF
5887	15	E2	FF
5888	15	E2	FF
5889	15	E2	FF
5890	15	E2	FF
5891	15	E2	FF
5892	15	E2	FF
5893	15	E2	FF
5894	15	E2	FF
5895	15	E2	FF
5896	15	E2	FF
5897	15	E2	FF
5898	15	E2	FF
5899	15	E2	FF
5900	15	E2	FF
5901	15	E2	FF
5902	15	E2	FF
5903	15	E2	FF
5904	15	E2	FF
5905	15	E2	FF
5906	15	E2	FF
5907	15	E2	FF
5908	15	E2	FF
5909	15	E2	FF
5910	15	E2	FF
5911	15	E2	FF
5912	15	E2	FF
5913	15	E2	FF
5914	15	E2	FF
5915	15	E2	FF
5916	15	E2	FF
5917	15	E2	FF
5918	15	E2	FF
5919	15	E2	FF
5920	15	E2	FF
5921	15	E2	FF
5922	15	E2	FF
5923	15	E2	FF
5924	15	E2	FF
5925	15	E2	FF
5926	15	E2	FF
5927	15	E2	FF
5928	15	E2	FF
5929	15	E2	FF
5930	15	E2	FF
5931	15	E2	FF
5932	15	E2	FF
5933	15	E2	FF
5934	15	E2	FF
5935	15	E2	FF
5936	15	E2	FF
5937	15	E2	FF
5938	15	E2	FF
5939	15	E2	FF
5940	15	E2	FF
5941	15	E2	FF
5942	15	E2	FF
5943	15	E2	FF
5944	15	E2	FF
5945	15	E2	FF
5946	15	E2	FF
5947	15	E2	FF
5948	15	E2	FF
5949	15	E2	FF
5950	15	E2	FF
5951	15	E2	FF
5952	15	E2	FF
5953	15	E2	FF
5954	15	E2	FF
5955	15	E2	FF
5956	15	E2	FF
5957	15	E2	FF
5958	15	E2	FF
5959	15	E2	FF
5960	15	E2	FF
5961	15	E2	FF
5962	15	E2	FF
5963	15	E2	FF
5964	15	E2	FF
5965	15	E2	FF
5966	15	E2	FF
5967	15	E2	FF
5968	15	E2	FF
5969	15	E2	FF
5970	15	E2	FF
5971	15	E2	FF
5972	15	E2	FF
5973	15	E2	FF
5974	15	E2	FF
5975	15	E2	FF
5976	15	E2	FF
5977	15	E2	FF
5978	15	E2	FF
5979	15	E2	FF
5980	15	E2	FF
5981	15	E2	FF
5982	15	E2	FF
5983	15	E2	FF
5984	15	E2	FF
5985	15	E2	FF
5986	15	E2	FF
5987	15	E2	FF
5988	15	E2	FF
5989	15	E2	FF
5990	15	E2	FF
5991	15	E2	FF
5992	15	E2	FF
5993	15	E2	FF
5994	15	E2	FF
5995	15	E2	FF
5996	15	E2	FF
5997	15	E2	FF
5998	15	E2	FF
5999	15	E2	FF
6000	15	E2	FF
6001	15	E2	FF
6002	15	E2	FF
6003	15	E2	FF
6004	15	E2	FF
6005	15	E2	FF
6006	15	E2	FF
6007	15	E2	FF
6008	15	E2	FF
6009	15	E2	FF
6010	15	E2	FF
6011	15	E2	FF
6012	15	E2	FF
6013	15	E2	FF
6014	15	E2	FF
6015	15	E2	FF
6016	15	E2	FF
6017	15	E2	FF
6018	15	E2	FF
6019	15	E2	FF
6020	15	E2	FF
6021	15	E2	FF
6022	15	E2	FF
6023	15	E2	FF
6024	15	E2	FF
6025	15	E2	FF
6026	15	E2	FF
6027	15	E2	FF
6028	15	E2	FF
6029	15	E2	FF
6030	15	E2	FF
6031	15	E2	FF
6032	15	E2	FF
6033	15	E2	FF
6034	15	E2	FF
6035	15	E2	FF
6036	15	E2	FF
6037	15	E2	FF
6038	15	E2	FF
6039	15	E2	FF
6040	15	E2	FF
6041	15	E2	FF
6042	15	E2	FF
6043	15	E2	FF
6044	15	E2	FF
6045	15	E2	FF
6046	15	E2	FF
6047	15	E2	FF
6048	15	E2	FF
6049	15	E2	FF
6050	15	E2	FF
6051	15	E2	FF
6052	15	E2	FF
6053	15	E2	FF
6054	15	E2	FF
6055	15	E2	FF
6056	15	E2	FF
6057	15	E2	FF
6058	15	E2	FF
6059	15	E2	FF
6060	15	E2	FF
6061	15	E2	FF
6062	15	E2	FF
6063	15	E2	FF
6064	15	E2	FF
6065	15	E2	FF
6066	15	E2	FF
6067	15	E2	FF
6068	15	E2	FF
6069	15	E2	FF
6070	15	E2	FF
6071	15	E2	FF
6072	15	E2	FF
6073	15	E2	FF
6074	15	E2	FF
6075	15	E2	FF
6076	15	E2	FF
6077	15	E2	FF
6078	15	E2	FF
6079	15	E2	FF
6080	15	E2	FF
6081	15	E2	FF
6082	15	E2	FF
6083	15	E2	FF
6084	15	E2	FF
6085	15	E2	FF
6086	15	E2	FF
6087	15	E2	FF
6088	15	E2	FF
6089	15	E2	FF
6090	15	E2	FF
6091	15	E2	FF
6092	15	E2	FF
6093	15	E2	FF
6094	15	E2	FF
6095	15	E2	FF
6096	15	E2	FF
6097	15	E2	FF
6098	15	E2	FF
6099	15	E2	FF
6100	15	E2	FF
6101	15	E2	FF
6102	15	E2	FF
6103	15	E2	FF
6104	15	E2	FF
6105	15	E2	FF
6106	15	E2	FF
6107	15	E2	FF
6108	15	E2	FF
6109	15	E2	FF
6110	15	E2	FF
6111	15	E2	FF
6112	15	E2	FF
6113	15	E2	FF
6114	15	E2	FF
6115	15	E2	FF
6116	15	E2	FF
6117	15	E2	FF
6118	15	E2	FF
6119	15	E2	FF
6120	15	E2	FF
6121	15	E2	FF
6122	15	E2	FF
6123	15	E2	FF
6124	15	E2	FF
6125	15	E2	FF
6126	15	E2	FF
6127	15	E2	FF
6128	15	E2	FF
6129	15	E2	FF
6130	15	E2	FF
6131	15	E2	FF
6132	15	E2	FF
6133	15	E2	FF
6134	15	E2	FF
6135	15	E2	FF
6136	15	E2	FF
6137	15	E2	FF
6138	15	E2	FF
6139	15	E2	FF
6140	15	E2	FF
6141	15	E2	FF
6142	15	E2	FF
6143	15	E2	FF
6144	15	E2	FF
6145	15	E2	FF
6146	15	E2	FF
6147	15	E2	FF
6148	15	E2	FF
6149	15	E2	FF
6150	15	E2	FF
6151	15	E2	FF
6152	15	E2	FF
6153	15	E2	FF
6154	15	E2	FF
6155	15	E2	FF
6156	15	E2	FF
6157	15	E2	FF
6158	15	E2	FF
6159	15	E2	FF
6160	15	E2	FF
6161	15	E2	FF
6162	15	E2	FF
6163	15	E2	FF
6164	15	E2	FF
6165	15	E2	FF
6166	15	E2	FF
6167	15	E2	FF
6168	15	E2	FF
6169	15	E2	FF
6170	15	E2	FF
6171	15	E2	FF
6172	15	E2	FF
6173	15	E2	FF
6174	15	E2	FF
6175	15	E2	FF
6176	15	E2	FF
6177	15	E2	FF
6178	15	E2	FF
6179	15	E2	FF
6180	15	E2	FF
6181	15	E2	FF
6182	15	E2	FF
6183	15	E2	FF
6184	15	E2	FF
6185	15	E2	FF
6186	15	E2	FF
6187	15	E2	FF
6188	15	E2	FF
6189	15	E2	FF
6190	15	E2	FF
6191	15	E2	FF
6192	15	E2	FF
6193	15	E2	FF
6194	15	E2	FF
6195	15	E2	FF
6196	15	E2	FF
6197	15	E2	FF
6198	15	E2	FF
6199	15	E2	FF
6200	15	E2	FF
6201	15	E2	FF
6202	15	E2	FF
6203	15	E2	FF
6204	15	E2	FF
6205	15	E2	FF
6206	15	E2	FF
6207	15	E2	FF
6208	15	E2	FF
6209	15	E2	FF
6210	15	E2	FF
6211	15	E2	FF
6212	15	E2	FF
6213	15	E2	FF
6214	15	E2	FF
6215	15	E2	FF
6216	15	E2	FF
6217	15	E2	FF
6218	15	E2	FF
6219	15	E2	FF
6220	15	E2	FF
6221	15	E2	FF
6222	15	E2	FF
6223	15	E2	FF
6224	15	E2	FF
6225	15	E2	FF
6226	15	E2	FF
6227	15	E2	FF
6228	15	E2	FF
6229	15	E2	FF
6230	15	E2	FF
6231	15	E2	FF
6232	15	E2	FF
6233	15	E2	FF
6234	15	E2	FF
6235	15	E2	FF
6236	15	E2	FF
6237	15	E2	FF
6238	15	E2	FF
6239	15	E2	FF
6240	15	E2	FF
6241	15	E2	FF
6242	15	E2	FF
6243	15	E2	FF
6244	15	E2	FF
6245	15	E2	FF
6246	15	E2	FF
6247	15	E2	FF
6248	15	E2	FF
6249	15	E2	FF
6250	15	E2	FF
6251	15	E2	FF
6252	15	E2	FF
6253	15	E2	FF
6254	15	E2	FF
6255	15	E2	FF
6256	15	E2	FF
6257	15	E2	FF
6258	15	E2	FF
6259	15	E2	FF
6260	15	E2	FF
6261	15	E2	FF
6262	15	E2	FF
6263	15	E2	FF
6264	15	E2	FF
6265	15	E2	FF
6266	15	E2	FF
6267	15	E2	FF
6268	15	E2	FF
6269	15	E2	FF
6270	15	E2	FF
6271	15	E2	FF
6272	15	E2	FF
6273	15	E2	FF
6274	15	E2	FF
6275	15	E2	FF
6276	15	E2	FF
6277	15	E2	FF
6278	15	E2	FF
6279	15	E2	FF
6280	15	E2	FF
6281	15	E2	FF
6282	15	E2	FF
6283	15	E2	FF
6284	15	E2	FF
6285	15	E2	FF
6286	15	E2	FF
6287	15	E2	FF
6288	15	E2	FF
6289	15	E2	FF
6290	15	E2	FF
6291	15	E2	FF
6292	15	E2	FF
6293	15	E2	FF
6294	15	E2	FF
6295	15	E2	FF
6296	15	E2	FF
6297	15	E2	FF
6298	15	E2	FF
6299	15	E2	FF
6300	15	E2	FF
6301	15	E2	FF
6302	15	E2	FF
6303	15	E2	FF
6304	15	E2	FF
6305	15	E2	FF
6306	15	E2	FF
6307	15	E2	FF
6308	15	E2	FF
6309	15	E2	FF
6310	15	E2	FF
6311	15	E2	FF
6312	15	E2	FF
6313	15	E2	FF
6314	15	E2	FF
6315	15	E2	FF
6316	15	E2	FF
6317	15	E2	FF
6318	15	E2	FF
6319	15	E2	FF
6320	15	E2	FF
6321	15	E2	FF
6322	15	E2	FF
6323	15	E2	FF
6324	15	E2	FF
6325	15	E2	FF
6326	15	E2	FF
6327	15	E2	FF
6328	15	E2	FF
6329	15	E2	FF
6330	15	E2	FF
6331	15	E2	FF
6332	15	E2	FF
6333	15	E2	FF
6334	15	E2	FF
6335	15	E2	FF
6336	15	E2	FF
6337	15	E2	FF
6338	15	E2	FF
6339	15	E2	FF
6340	15	E2	FF
6341	15	E2	FF
6342	15	E2	FF
6343	15	E2	FF
6344	15	E2	FF
6345	15	E2	FF
6346	15	E2	FF
6347	15	E2	FF
6348	15	E2	FF
6349	15	E2	FF
6350	15	E2	FF
6351	15	E2	FF
6352	15	E2	FF
6353	15	E2	FF
6354	15	E2	FF
6355	15	E2	FF
6356	15	E2	FF
6357	15	E2	FF
6358	15	E2	FF
6359	15	E2	FF
6360	15	E2	FF
6361	15	E2	FF
6362	15	E2	FF
6363	15	E2	FF
6364	15	E2	FF
6365	15	E2	FF
6366	15	E2	FF
6367	15	E2	FF
6368	15	E2	FF
6369	15	E2	FF
6370	15	E2	FF
6371	15	E2	FF
6372	15	E2	FF
6373	15	E2	FF
6374	15	E2	FF
6375	15	E2	FF
6376	15	E2	FF
6377	15	E2	FF
6378	15	E2	FF
6379	15	E2	FF
6380	15	E2	FF
6381	15	E2	FF
6382	15	E2	FF
6383	15	E2	FF
6384	15	E2	FF
6385	15	E2	FF
6386	15	E2	FF
6387	15	E2	FF
6388	15	E2	FF
6389	15	E2	FF
6390	15	E2	FF
6391	15	E2	FF
6392	15	E2	FF
6393	15	E2	FF
6394	15	E2	FF
6395	15	E2	FF
6396	15	E2	FF
6397	15	E2	FF
6398	15	E2	FF
6399	15	E2	FF
6400	15	E2	FF
6401	15	E2	FF
6402	15	E2	FF
6403	15	E2	FF
6404	15	E2	FF
6405	15	E2	FF
6406	15	E2	FF
6407	15	E2	FF
6408	15	E2	FF
6409	15	E2	FF
6410	15	E2	FF
6411	15	E2	FF
6412	15	E2	FF
6413	15	E2	FF
6414	15	E2	FF
6415	15	E2	FF
6416	15	E2	FF
6417	15	E2	FF
6418	15	E2	FF
6419	15	E2	FF
6420	15	E2	FF
6421	15	E2	FF
6422	15	E2	FF
6423	15	E2	FF
6424	15	E2	FF
6425	15	E2	FF
6426	15	E2	FF
6427	15	E2	FF
6428	15	E2	FF
6429	15	E2	FF
6430	15	E2	FF
6431	15	E2	FF
6432	15	E2	FF
6433	15	E2	FF
6434	15	E2	FF
6435	15	E2	FF
6436	15	E2	FF
6437	15	E2	FF
6438	15	E2	FF
6439	15	E2	FF
6440	15	E2	FF
6441	15	E2	FF
6442	15	E2	FF
6443	15	E2	FF
6444	15	E2	FF
6445	15	E2	FF
6446	15	E2	FF
6447	15	E2	FF
6448	15	E2	FF
6449	15	E2	FF
6450	15	E2	FF
6451	15	E2	FF
6452	15	E2	FF
6453	15	E2	FF
6454	15	E2	FF
6455	15	E2	FF
6456	15	E2	FF
6457	15	E2	FF
6458	15	E2	FF
6459	15	E2	FF
6460	15	E2	FF
6461	15	E2	FF
6462	15	E2	FF
6463	15	E2	FF
6464	15	E2	FF
6465	15	E2	FF
6466	15	E2	FF
6467	15	E2	FF
6468	15	E2	FF
6469	15	E2	FF
6470	15	E2	FF
6471	15	E2	FF
6472	15	E2	FF
6473	15	E2	FF
6474	15	E2	FF
6475	15	E2	FF
6476	15	E2	FF
6477	15	E2	FF
6478	15	E2	FF
6479	15	E2	FF
6480	15	E2	FF
6481	15	E2	FF
6482	15	E2	FF
6483	15	E2	FF
6484	15	E2	FF
6485	15	E2	FF
6486	15	E2	FF
6487	15	E2	FF
6488	15	E2	FF
6489	15	E2	FF
6490	15	E2	FF
6491	15	E2	FF
6492	15	E2	FF
6493	15	E2	FF
6494	15	E2	FF
6495	15	E2	FF
6496	15	E2	FF
6497	15	E2	FF
6498	15	E2	FF
6499	15	E2	FF
6500	15	E2	FF
6501	15	E2	FF
6502	15	E2	FF
6503	15	E2	FF
6504	15	E2	FF
6505	15	E2	FF
6506	15	E2	FF
6507	15	E2	FF
6508	15	E2	FF
6509	15	E2	FF
6510	15	E2	FF
6511	15	E2	FF
6512	15	E2	FF
6513	15	E2	FF
6514	15	E2	FF
6515	15	E2	FF
6516	15	E2	FF
6517	15	E2	FF
6518	15	E2	FF
6519	15	E2	FF
6520	15	E2	FF
6521	15	E2	FF
6522	15	E2	FF
6523	15	E2	FF
6524	15	E2	FF
6525	15	E2	FF
6526	15	E2	FF
6527	15	E2	FF
6528	15	E2	FF
6529	15	E2	FF
6530	15	E2	FF
6531	15	E2	FF
6532	15	E2	FF
6533	15	E2	FF
6534	15	E2	FF
6535	15	E2	FF
6536	15	E2	FF
6537	15	E2	FF
6538	15	E2	FF
6539	15	E2	FF
6540	15	E2	FF
6541	15	E2	FF
6542	15	E2	FF
6543	15	E2	FF
6544	15	E2	FF
6545	15	E2	FF
6546	15	E2	FF
6547	15	E2	FF
6548	15	E2	FF
6549	15	E2	FF
6550	15	E2	FF
6551	15	E2	FF
6552	15	E2	FF
6553	15	E2	FF
6554	15	E2	FF
6555	15	E2	FF
6556	15	E2	FF
6557	15	E2	FF
6558	15	E2	FF
6559	15	E2	FF
6560	15	E2	FF
6561	15	E2	FF
6562	15	E2	FF
6563	15	E2	FF
6564	15	E2	FF
6565	15	E2	FF
6566	15	E2	FF
6567	15	E2	FF
6568	15	E2	FF
6569	15	E2	FF
6570	15	E2	FF
6571	15	E2	FF
6572	15	E2	FF
6573	15	E2	FF
6574	15	E2	FF
6575	15	E2	FF
6576	15	E2	FF
6577	15	E2	FF
6578	15	E2	FF
6579	15	E2	FF
6580	15	E2	FF
6581	15	E2	FF
6582	15	E2	FF
6583	15	E2	FF
6584	0	0A	FF
6585	0	0A	FF
6586	0	0A	FF
6587	0	0A	FF
6588	0	0A	FF
6589	0	0A	FF
6590	0	0A	FF
6591	0	0A	FF
6592	0	0A	FF
6593	0	0A	FF
6594	0	0A	FF
6595	0	0A	FF
6596	0	0A	FF
6597	0	0A	FF
6598	0	0A	FF
6599	0	0A	FF
6600	0	0A	FF
6601	0	0A	FF
6602	0	0A	FF
6603	0	0A	FF
6604	0	0A	FF
6605	0	0A	FF
6606	0	0A	FF
6607	0	0A	FF
6608	0	0A	FF
6609	0	0A	FF
6610	0	0A	FF
6611	0	0A	FF
6612	0	0A	FF
6613	0	0A	FF
6614	0	0A	FF
6615	0	0A	FF
6616	0	0A	FF
6617	0	0A	FF
6618	0	0A	FF
6619	0	0A	FF
6620	0	0A	FF
6621	0	0A	FF
6622	0	0A	FF
6623	0	0A	FF
6624	0	0A	FF
6625	0	0A	FF
6626	0	0A	FF
6627	0	0A	FF
6628	0	0A	FF
6629	0	0A	FF
6630	0	0A	FF
6631	0	0A	FF
6632	0	0A	FF
6633	0	0A	FF
6634	0	0A	FF
6635	0	0A	FF
6636	0	0A	FF
6637	0	0A	FF
6638	0	0A	FF
6639	0	0A	FF
6640	0	0A	FF
6641	0	0A	FF
6642	0	0A	FF
6643	0	0A	FF
6644	0	0A	FF
6645	0	0A	FF
6646	0	0A	FF
6647	0	0A	FF
6648	0	0A	FF
6649	0	0A	FF
6650	0	0A	FF
6651	0	0A	FF
6652	0	0A	FF
6653	0	0A	FF
6654	0	0A	FF
6655	0	0A	FF
6656	0	0A	FF
6657	0	0A	FF
6658	0	0A	FF
6659	0	0A	FF
6660	0	0A	FF
6661	0	0A	FF
6662	0	0A	FF
6663	0	0A	FF
6664	0	0A	FF
6665	0	0A	FF
6666	0	0A	FF
6667	0	0A	FF
6668	0	0A	FF
6669	0	0A	FF
6670	0	0A	FF
6671	0	0A	FF
6672	0	0A	FF
6673	0	0A	FF
6674	0	E2	FF
6675	0	E2	FF
6676	0	E2	FF
6677	0	E2	FF
6678	0	E2	FF
6679	0	E2	FF
6680	0	E2	FF
6681	0	E2	FF
6682	0	E2	FF
6683	0	E2	FF
6684	0	E2	FF
6685	0	E2	FF
6686	0	E2	FF
6687	0	E2	FF
6688	0	E2	FF
6689	0	E2	FF
6690	0	E2	FF
6691	0	E2	FF
6692	0	E2	FF
6693	0	E2	FF
6694	0	E2	FF
6695	0	E2	FF
6696	0	E2	FF
6697	0	E2	FF
6698	0	E2	FF
6699	0	E2	FF
6700	0	E2	FF
6701	0	E2	FF
6702	0	E2	FF
6703	0	E2	FF
6704	10	E2	FF
6705	10	E2	FF
6706	10	E2	FF
6707	10	E2	FF
6708	10	E2	FF
6709	10	E2	FF
6710	10	E2	FF
6711	10	E2	FF
6712	10	E2	FF
6713	10	E2	FF
6714	10	E2	FF
6715	10	E2	FF
6716	10	E2	FF
6717	10	E2	FF
6718	10	E2	FF
6719	10	E2	FF
6720	10	E2	FF
6721	10	E2	FF
6722	10	E2	FF
6723	10	E2	FF
6724	10	E2	FF
6725	10	E2	FF
6726	10	E2	FF
6727	10	E2	FF
6728	10	E2	FF
6729	10	E2	FF
6730	10	E2	FF
6731	10	E2	FF
6732	10	E2	FF
6733	10	E2	FF
6734	10	E2	FF
6735	10	E2	FF
6736	10	E2	FF
6737	10	E2	FF
6738	10	E2	FF
6739	10	E2	FF
6740	10	E2	FF
6741	10	E2	FF
6742	10	E2	FF
6743	10	E2	FF
6744	10	E2	FF
6745	10	E2	FF
6746	10	E2	FF
6747	10	E2	FF
6748	10	E2	FF
6749	10	E2	FF
6750	10	E2	FF
6751	10	E2	FF
6752	10	E2	FF
6753	10	E2	FF
6754	10	E2	FF
6755	10	E2	FF
6756	10	E2	FF
6757	10	E2	FF
6758	10	E2	FF
6759	10	E2	FF
6760	10	E2	FF
6761	10	E2	FF
6762	10	E2	FF
6763	10	E2	FF
6764	10	E2	FF
6765	10	E2	FF
6766	10	E2	FF
6767	10	E2	FF
6768	10	E2	FF
6769	10	E2	FF
6770	10	E2	FF
6771	10	E2	FF
6772	10	E2	FF
6773	10	E2	FF
6774	10	E2	FF
6775	10	E2	FF
6776	10	E2	FF
6777	10	E2	FF
6778	10	E2	FF
6779	10	E2	FF
6780	10	E2	FF
6781	10	E2	FF
6782	10	E2	FF
6783	10	E2	FF
6784	10	E2	FF
6785	10	E2	FF
6786	10	E2	FF
6787	10	E2	FF
6788	10	E2	FF
6789	16	E2	FF
6790	16	E2	FF
6791	16	E2	FF
6792	16	E2	FF
6793	16	E2	FF
6794	16	E2	FF
6795	16	E2	FF
6796	16	E2	FF
6797	16	E2	FF
6798	16	E2	FF
6799	16	E2	FF
6800	16	E2	FF
6801	16	E2	FF
6802	16	E2	FF
6803	16	E2	FF
6804	16	E2	FF
6805	16	E2	FF
6806	16	E2	FF
6807	16	E2	FF
6808	16	E2	FF
6809	16	E2	FF
6810	16	E2	FF
6811	16	E2	FF
6812	16	E2	FF
6813	16	E2	FF
6814	16	E2	FF
6815	16	E2	FF
6816	16	E2	FF
6817	16	E2	FF
6818	16	E2	FF
6819	16	E2	FF
6820	16	E2	FF
6821	16	E2	FF
6822	16	E2	FF
6823	16	E2	FF
6824	16	E2	FF
6825	16	E2	FF
6826	16	E2	FF
6827	16	E2	FF
6828	16	E2	FF
6829	16	E2	FF
6830	16	E2	FF
6831	16	E2	FF
6832	16	E2	FF
6833	16	E2	FF
6834	16	E2	FF
6835	16	E2	FF
6836	16	E2	FF
6837	16	E2	FF
6838	16	E2	FF
6839	16	E2	FF
6840	16	E2	FF
6841	16	E2	FF
6842	16	E2	FF
6843	16	E2	FF
6844	16	E2	FF
6845	16	E2	FF
6846	16	E2	FF
6847	16	E2	FF
6848	16	E2	FF
6849	16	E2	FF
6850	16	E2	FF
6851	16	E2	FF
6852	16	E2	FF
6853	16	E2	FF
6854	16	E2	FF
6855	16	E2	FF
6856	16	E2	FF
6857	16	E2	FF
6858	16	E2	FF
6859	16	E2	FF
6860	16	E2	FF
6861	16	E2	FF
6862	16	E2	FF
6863	16	E2	FF
6864	16	E2	FF
6865	16	E2	FF
6866	16	E2	FF
6867	0	E2	FF
6868	0	E2	FF
6869	0	E2	FF
6870	0	E2	FF
6871	0	E2	FF
6872	0	E2	FF
6873	0	E2	FF
6874	0	E2	FF
6875	0	E2	FF
6876	0	E2	FF
6877	0	E2	FF
6878	0	E2	FF
6879	0	E2	FF
6880	0	E2	FF
6881	0	E2	FF
6882	0	E2	FF
6883	0	E2	FF
6884	0	E2	FF
6885	0	E2	FF
6886	0	E2	FF
6887	0	E2	FF
6888	0	E2	FF
6889	0	E2	FF
6890	0	E2	FF
6891	0	E2	FF
6892	0	E2	FF
6893	0	E2	FF
6894	0	E2	FF
6895	0	E2	FF
6896	0	E2	FF
6897	0	E2	FF
6898	0	E2	FF
6899	0	E2	FF
6900	0	E2	FF
6901	0	E2	FF
6902	0	E2	FF
6903	0	E2	FF
6904	0	E2	FF
6905	0	E2	FF
6906	0	E2	FF
6907	0	E2	FF
6908	0	E2	FF
6909	0	E2	FF
6910	0	E2	FF
6911	0	E2	FF
6912	0	E2	FF
6913	0	E2	FF
6914	0	E2	FF
6915	0	E2	FF
6916	0	E2	FF
6917	0	E2	FF
6918	0	E2	FF
6919	0	E2	FF
6920	0	E2	FF
6921	0	E2	FF
6922	0	E2	FF
6923	0	E2	FF
6924	0	E2	FF
6925	0	E2	FF
6926	0	E2	FF
6927	0	E2	FF
6928	0	E2	FF
6929	0	E2	FF
6930	0	E2	FF
6931	0	E2	FF
6932	0	E2	FF
6933	0	E2	FF
6934	0	E2	FF
6935	0	E2	FF
6936	0	E2	FF
6937	0	E2	FF
6938	0	E2	FF
6939	0	E2	FF
6940	0	E2	FF
6941	0	E2	FF
6942	0	E2	FF
6943	0	E2	FF
6944	0	E2	FF
6945	0	E2	FF
6946	0	E2	FF
6947	0	E2	FF
6948	0	E2	FF
6949	0	E2	FF
6950	0	E2	FF
6951	0	E2	FF
6952	0	E2	FF
6953	0	E2	FF
6954	0	E2	FF
6955	0	E2	FF
6956	0	E2	FF
6957	0	E2	FF
6958	0	E2	FF
6959	0	E2	FF
6960	0	E2	FF
6961	0	E2	FF
6962	0	E2	FF
6963	0	E2	FF
6964	0	E2	FF
6965	0	E2	FF
6966	0	E2	FF
6967	0	E2	FF
6968	0	E2	FF
6969	0	E2	FF
6970	0	E2	FF
6971	0	E2	FF
6972	0	E2	FF
6973	0	E2	FF
6974	0	E2	FF
6975	0	E2	FF
6976	0	E2	FF
6977	0	E2	FF
6978	0	E2	FF
6979	0	E2	FF
6980	0	E2	FF
6981	0	E2	FF
6982	0	E2	FF
6983	0	E2	FF
6984	0	E2	FF
6985	0	E2	FF
6986	0	E2	FF
6987	0	E2	FF
6988	0	E2	FF
6989	0	E2	FF
6990	0	E2	FF
6991	0	E2	FF
6992	0	E2	FF
6993	0	E2	FF
6994	0	E2	FF
6995	0	E2	FF
6996	0	E2	FF
6997	0	E2	FF
6998	0	E2	FF
6999	0	E2	FF
7000	0	E2	FF
7001	0	E2	FF
7002	0	E2	FF
7003	0	E2	FF
7004	0	E2	FF
7005	0	E2	FF
7006	0	E2	FF
7007	0	E2	FF
7008	0	E2	FF
7009	0	E2	FF
7010	0	E2	FF
7011	0	E2	FF
7012	0	E2	FF
7013	0	E2	FF
7014	0	E2	FF
7015	0	E2	FF
7016	0	E2	FF
7017	0	E2	FF
7018	0	E2	FF
7019	0	E2	FF
7020	0	E2	FF
7021	0	E2	FF
7022	0	E2	FF
7023	0	E2	FF
7024	0	E2	FF
7025	0	E2	FF
7026	0	E2	FF
7027	0	E2	FF
7028	0	E2	FF
7029	0	E2	FF
7030	0	E2	FF
7031	0	E2	FF
7032	0	E2	FF
7033	0	E2	FF
7034	0	E2	FF
7035	0	E2	FF
7036	0	E2	FF
7037	0	E2	FF
7038	0	E2	FF
7039	0	E2	FF
7040	0	E2	FF
7041	0	E2	FF
7042	0	E2	FF
7043	0	E2	FF
7044	0	E2	FF
7045	0	E2	FF
7046	0	E2	FF
7047	0	E2	FF
7048	0	E2	FF
7049	0	E2	FF
7050	0	E2	FF
7051	0	E2	FF
7052	0	E2	FF
7053	0	E2	FF
7054	0	E2	FF
7055	0	E2	FF
7056	0	E2	FF
7057	0	E2	FF
7058	0	E2	FF
7059	0	E2	FF
7060	0	E2	FF
7061	0	E2	FF
7062	0	E2	FF
7063	0	E2	FF
7064	0	E2	FF
7065	0	E2	FF
7066	0	E2	FF
7067	0	E2	FF
7068	0	E2	FF
7069	0	E2	FF
7070	0	E2	FF
7071	0	E2	FF
7072	0	E2	FF
7073	0	E2	FF
7074	0	E2	FF
7075	0	E2	FF
7076	0	E2	FF
7077	0	E2	FF
7078	0	E2	FF
7079	0	E2	FF
7080	0	E2	FF
7081	0	E2	FF
7082	0	E2	FF
7083	0	E2	FF
7084	0	E2	FF
7085	0	E2	FF
7086	0	E2	FF
7087	0	E2	FF
7088	0	E2	FF
7089	0	E2	FF
7090	0	E2	FF
7091	0	E2	FF
7092	0	E2	FF
7093	0	E2	FF
7094	0	E2	FF
7095	0	E2	FF
7096	0	E2	FF
7097	0	E2	FF
7098	0	E2	FF
7099	0	E2	FF
7100	0	E2	FF
7101	0	E2	FF
7102	0	E2	FF
7103	0	E2	FF
7104	0	E2	FF
7105	0	E2	FF
7106	0	E2	FF
7107	0	E2	FF
7108	0	E2	FF
7109	0	E2	FF
7110	0	E2	FF
7111	0	E2	FF
7112	2	E2	FF
7113	2	E2	FF
7114	3	E2	FF
7115	3	E2	FF
7116	3	E2	FF
7117	3	E2	FF
7118	6	E2	FF
7119	6	E2	FF
7120	0	E2	FF
7121	0	E2	FF
7122	0	E2	FF
7123	0	E2	FF
7124	0	E2	FF
7125	0	E2	FF
7126	0	E2	FF
7127	0	E2	FF
7128	0	E2	FF
7129	0	E2	FF
7130	0	E2	FF
7131	0	E2	FF
7132	0	E2	FF
7133	0	E2	FF
7134	3	E2	FF
7135	3	E2	FF
7136	3	E2	FF
7137	3	E2	FF
7138	6	E2	FF
7139	6	E2	FF
7140	0	E2	FF
7141	0	E2	FF
7142	0	E2	FF
7143	0	E2	FF
7144	0	E2	FF
7145	0	E2	FF
7146	3	E2	FF
7147	3	E2	FF
7148	4	E2	FF
7149	4	E2	FF
7150	4	E2	FF
7151	4	E2	FF
7152	3	E2	FF
7153	3	E2	FF
7154	2	E2	FF
7155	2	E2	FF
7156	2	E2	FF
7157	2	E2	FF
7158	0	E2	FF
7159	0	E2	FF
7160	2	E2	FF
7161	2	E2	FF
7162	2	E2	FF
7163	2	E2	FF
7164	0	E2	FF
7165	0	E2	FF
7166	0	E2	FF
7167	0	E2	FF
7168	0	E2	FF
7169	0	E2	FF
7170	0	E2	FF
7171	0	E2	FF
7172	0	E2	FF
7173	0	E2	FF
7174	0	E2	FF
7175	0	E2	FF
7176	0	E2	FF
7177	0	E2	FF
7178	0	E2	FF
7179	0	E2	FF
7180	0	E2	FF
7181	0	E2	FF
7182	0	E2	FF
7183	0	E2	FF
7184	0	E2	FF
7185	0	E2	FF
7186	0	E2	FF
7187	0	E2	FF
7188	0	E2	FF
7189	0	E2	FF
7190	0	E2	FF
7191	0	E2	FF
7192	0	E2	FF
7193	0	E2	FF
7194	0	E2	FF
7195	0	E2	FF
7196	0	E2	FF
7197	0	E2	FF
7198	0	E2	FF
7199	0	E2	FF
7200	0	E2	FF
7201	0	E2	FF
7202	0	E2	FF
7203	0	E2	FF
7204	0	E2	FF
7205	0	E2	FF
7206	0	E2	FF
7207	0	E2	FF
7208	0	E2	FF
7209	0	E2	FF
7210	0	E2	FF
7211	0	E2	FF
7212	0	E2	FF
7213	0	E2	FF
7214	0	E2	FF
7215	0	E2	FF
7216	0	E2	FF
7217	0	E2	FF
7218	0	E2	FF
7219	0	E2	FF
7220	0	E2	FF
7221	0	E2	FF
7222	0	E2	FF
7223	0	E2	FF
7224	0	E2	FF
7225	0	E2	FF
7226	0	E2	FF
7227	0	E2	FF
7228	0	E2	FF
7229	0	E2	FF
7230	0	E2	FF
7231	0	E2	FF
7232	0	E2	FF
7233	0	E2	FF
7234	0	E2	FF
7235	0	E2	FF
7236	0	E2	FF
7237	0	E2	FF
7238	0	E2	FF
7239	0	E2	FF
7240	0	E2	FF
7241	0	E2	FF
7242	0	E2	FF
7243	0	E2	FF
7244	0	E2	FF
7245	0	E2	FF
7246	0	E2	FF
7247	0	E2	FF
7248	0	E2	FF
7249	0	E2	FF
7250	0	E2	FF
7251	0	E2	FF
7252	0	E2	FF
7253	0	E2	FF
7254	0	E2	FF
7255	0	E2	FF
7256	0	E2	FF
7257	0	E2	FF
7258	0	E2	FF
7259	0	E2	FF
7260	0	E2	FF
7261	0	E2	FF
7262	0	E2	FF
7263	0	E2	FF
7264	0	E2	FF
7265	0	E2	FF
7266	0	E2	FF
7267	0	E2	FF
7268	0	E2	FF
7269	0	E2	FF
7270	0	E2	FF
7271	0	E2	FF
7272	0	E2	FF
7273	0	E2	FF
7274	0	E2	FF
7275	0	E2	FF
7276	0	E2	FF
7277	0	E2	FF
7278	0	E2	FF
7279	0	E2	FF
7280	0	E2	FF
7281	0	E2	FF
7282	0	E2	FF
7283	0	E2	FF
7284	0	E2	FF
7285	0	E2	FF
7286	0	E2	FF
7287	0	E2	FF
7288	0	E2	FF
7289	0	E2	FF
7290	0	E2	FF
7291	0	E2	FF
7292	0	E2	FF
7293	0	E2	FF
7294	0	E2	FF
7295	0	E2	FF
7296	0	E2	FF
7297	0	E2	FF
7298	0	E2	FF
7299	0	E2	FF
7300	0	E2	FF
7301	0	E2	FF
7302	0	E2	FF
7303	0	E2	FF
7304	0	E2	FF
7305	0	E2	FF
7306	0	E2	FF
7307	0	E2	FF
7308	0	E2	FF
7309	0	E2	FF
7310	0	E2	FF
7311	0	E2	FF
7312	0	E2	FF
7313	0	E2	FF
7314	0	E2	FF
7315	0	E2	FF
7316	0	E2	FF
7317	0	E2	FF
7318	0	E2	FF
7319	0	E2	FF
7320	0	E2	FF
7321	0	E2	FF
7322	0	E2	FF
7323	0	E2	FF
7324	0	E2	FF
7325	0	E2	FF
7326	0	E2	FF
7327	0	E2	FF
7328	0	E2	FF
7329	0	E2	FF
7330	0	E2	FF
7331	0	E2	FF
7332	0	E2	FF
7333	0	E2	FF
7334	0	E2	FF
7335	0	E2	FF
7336	0	E2	FF
7337	0	E2	FF
7338	0	E2	FF
7339	0	E2	FF
7340	0	E2	FF
7341	0	E2	FF
7342	0	E2	FF
7343	0	E2	FF
7344	0	E2	FF
7345	0	E2	FF
7346	0	E2	FF
7347	0	E2	FF
7348	0	E2	FF
7349	0	E2	FF
7350	0	E2	FF
7351	0	E2	FF
7352	0	E2	FF
7353	0	E2	FF
7354	0	E2	FF
7355	0	E2	FF
7356	0	E2	FF
7357	0	E2	FF
7358	0	E2	FF
7359	0	E2	FF
7360	0	E2	FF
7361	0	E2	FF
7362	0	E2	FF
7363	0	E2	FF
7364	0	E2	FF
7365	0	E2	FF
7366	0	E2	FF
7367	0	E2	FF
7368	0	E2	FF
7369	0	E2	FF
7370	0	E2	FF
7371	0	E2	FF
7372	0	E2	FF
7373	0	E2	FF
7374	0	E2	FF
7375	0	E2	FF
7376	0	E2	FF
7377	0	E2	FF
7378	0	E2	FF
7379	0	E2	FF
7380	0	E2	FF
7381	0	E2	FF
7382	0	E2	FF
7383	0	E2	FF
7384	0	E2	FF
7385	0	E2	FF
7386	0	E2	FF
7387	0	E2	FF
7388	0	E2	FF
7389	0	E2	FF
7390	0	E2	FF
7391	0	E2	FF
7392	0	E2	FF
7393	0	0A	FF
7394	0	0A	FF
7395	0	0A	FF
7396	0	0A	FF
7397	0	0A	FF
7398	0	0A	FF
7399	0	0A	FF
7400	0	0A	FF
7401	0	0A	FF
7402	0	0A	FF
7403	0	0A	FF
7404	0	0A	FF
7405	0	0A	FF
7406	0	0A	FF
7407	0	0A	FF
7408	0	0A	FF
7409	0	0A	FF
7410	0	0A	FF
7411	0	0A	FF
7412	0	0A	FF
7413	0	0A	FF
7414	0	0A	FF
7415	0	0A	FF
7416	0	0A	FF
7417	0	0A	FF
7418	0	0A	FF
7419	0	0A	FF
7420	0	0A	FF
7421	0	0A	FF
7422	0	0A	FF
7423	0	0A	FF
7424	0	0A	FF
7425	0	0A	FF
7426	0	0A	FF
7427	0	0A	FF
7428	0	0A	FF
7429	0	0A	FF
7430	0	0A	FF
7431	0	0A	FF
7432	0	0A	FF
7433	0	0A	FF
7434	0	0A	FF
7435	0	0A	FF
7436	0	0A	FF
7437	0	0A	FF
7438	0	0A	FF
7439	0	0A	FF
7440	0	0A	FF
7441	0	0A	FF
7442	0	0A	FF
7443	0	0A	FF
7444	0	0A	FF
7445	0	0A	FF
7446	0	0A	FF
7447	0	0A	FF
7448	0	0A	FF
7449	0	0A	FF
7450	0	0A	FF
7451	0	0A	FF
7452	0	0A	FF
7453	0	0A	FF
7454	0	0A	FF
7455	0	0A	FF
7456	0	0A	FF
7457	0	0A	FF
7458	0	0A	FF
7459	0	0A	FF
7460	0	0A	FF
7461	0	0A	FF
7462	0	0A	FF
7463	0	0A	FF
7464	0	0A	FF
7465	0	0A	FF
7466	0	0A	FF
7467	0	0A	FF
7468	0	0A	FF
7469	0	0A	FF
7470	0	0A	FF
7471	0	0A	FF
7472	0	0A	FF
7473	0	0A	FF
7474	0	0A	FF
7475	0	0A	FF
7476	0	0A	FF
7477	0	0A	FF
7478	0	0A	FF
7479	0	0A	FF
7480	0	0A	FF
7481	0	0A	FF
7482	0	0A	FF
7483	0	0A	FF
7484	0	0A	FF
7485	0	0A	FF
7486	0	0A	FF
7487	0	0A	FF
7488	0	0A	FF
7489	0	0A	FF
7490	0	0A	FF
7491	0	0A	FF
7492	0	0A	FF
7493	0	0A	FF
7494	0	DC	FF
7495	0	DC	FF
7496	0	DC	FF
7497	0	DC	FF
7498	0	DC	FF
7499	0	DC	FF
7500	0	DC	FF
7501	0	DC	FF
7502	0	DC	FF
7503	0	DC	FF
7504	0	DC	FF
7505	0	DC	FF
7506	0	DC	FF
7507	0	DC	FF
7508	0	DC	FF
7509	0	DC	FF
7510	0	DC	FF
7511	0	DC	FF
7512	0	DC	FF
7513	0	DC	FF
7514	0	DC	FF
7515	0	DC	FF
7516	0	DC	FF
7517	0	DC	FF
7518	0	DC	FF
7519	0	DC	FF
7520	0	DC	FF
7521	0	DC	FF
7522	0	DC	FF
7523	1	DC	FF
7524	1	DC	FF
7525	1	DC	FF
7526	1	DC	FF
7527	1	DC	FF
7528	1	DC	FF
7529	1	DC	FF
7530	1	DC	FF
7531	1	DC	FF
7532	1	DC	FF
7533	1	DC	FF
7534	1	DC	FF
7535	1	DC	FF
7536	1	DC	FF
7537	1	DC	FF
7538	1	DC	FF
7539	1	DC	FF
7540	1	DC	FF
7541	1	DC	FF
7542	1	DC	FF
7543	1	DC	FF
7544	1	DC	FF
7545	1	DC	FF
7546	1	DC	FF
7547	1	DC	FF
7548	1	DC	FF
7549	1	DC	FF
7550	1	DC	FF
7551	1	DC	FF
7552	1	DC	FF
7553	1	DC	FF
7554	1	DC	FF
7555	1	DC	FF
7556	1	DC	FF
7557	1	DC	FF
7558	1	DC	FF
7559	1	DC	FF
7560	1	DC	FF
7561	1	DC	FF
7562	1	DC	FF
7563	1	DC	FF
7564	1	DC	FF
7565	1	DC	FF
7566	1	DC	FF
7567	1	DC	FF
7568	1	DC	FF
7569	1	DC	FF
7570	1	DC	FF
7571	1	DC	FF
7572	1	DC	FF
7573	1	DC	FF
7574	1	DC	FF
7575	1	DC	FF
7576	1	DC	FF
7577	1	DC	FF
7578	1	DC	FF
7579	1	DC	FF
7580	1	DC	FF
7581	1	DC	FF
7582	1	DC	FF
7583	1	DC	FF
7584	1	DC	FF
7585	1	DC	FF
7586	1	DC	FF
7587	1	DC	FF
7588	1	DC	FF
7589	1	DC	FF
7590	1	DC	FF
7591	1	DC	FF
7592	1	DC	FF
7593	1	DC	FF
7594	1	DC	FF
7595	1	DC	FF
7596	1	DC	FF
7597	1	DC	FF
7598	1	DC	FF
7599	0	DC	FF
7600	0	DC	FF
7601	0	DC	FF
7602	0	DC	FF
7603	0	DC	FF
7604	1	DC	FF
7605	2	DC	FF
7606	3	DC	FF
7607	5	DC	FF
7608	7	DC	FF
7609	12	DC	FF
7610	12	DC	FF
7611	16	DC	FF
7612	16	DC	FF
7613	16	DC	FF
7614	16	DC	FF
7615	16	DC	FF
7616	16	DC	FF
7617	16	DC	FF
7618	16	DC	FF
7619	16	DC	FF
7620	16	DC	FF
7621	16	DC	FF
7622	16	DC	FF
7623	16	DC	FF
7624	16	DC	FF
7625	16	DC	FF
7626	16	DC	FF
7627	16	DC	FF
7628	16	DC	FF
7629	16	DC	FF
7630	16	DC	FF
7631	16	DC	FF
7632	16	DC	FF
7633	16	DC	FF
7634	16	DC	FF
7635	16	DC	FF
7636	16	DC	FF
7637	16	DC	FF
7638	16	DC	FF
7639	16	DC	FF
7640	16	DC	FF
7641	16	DC	FF
7642	16	DC	FF
7643	16	DC	FF
7644	16	DC	FF
7645	16	DC	FF
7646	16	DC	FF
7647	16	DC	FF
7648	16	DC	FF
7649	16	DC	FF
7650	16	DC	FF
7651	16	DC	FF
7652	16	DC	FF
7653	16	DC	FF
7654	16	DC	FF
7655	16	DC	FF
7656	16	DC	FF
7657	16	DC	FF
7658	16	DC	FF
7659	16	DC	FF
7660	16	DC	FF
7661	16	DC	FF
7662	16	DC	FF
7663	16	DC	FF
7664	16	DC	FF
7665	16	DC	FF
7666	16	DC	FF
7667	16	DC	FF
7668	16	DC	FF
7669	16	DC	FF
7670	16	DC	FF
7671	16	DC	FF
7672	16	DC	FF
7673	16	DC	FF
7674	16	DC	FF
7675	16	DC	FF
7676	16	DC	FF
7677	16	DC	FF
7678	16	DC	FF
7679	16	DC	FF
7680	16	DC	FF
7681	16	DC	FF
7682	16	DC	FF
7683	16	DC	FF
7684	16	DC	FF
7685	16	DC	FF
7686	16	DC	FF
7687	16	DC	FF
7688	16	DC	FF
7689	16	DC	FF
7690	16	DC	FF
7691	16	DC	FF
7692	16	DC	FF
7693	16	DC	FF
7694	16	DC	FF
7695	16	DC	FF
7696	16	DC	FF
7697	16	DC	FF
7698	16	DC	FF
7699	16	DC	FF
7700	16	DC	FF
7701	16	DC	FF
7702	16	DC	FF
7703	16	DC	FF
7704	16	DC	FF
7705	16	DC	FF
7706	16	DC	FF
7707	16	DC	FF
7708	16	DC	FF
7709	16	DC	FF
7710	16	DC	FF
7711	16	DC	FF
7712	16	DC	FF
7713	16	DC	FF
7714	16	DC	FF
7715	16	DC	FF
7716	16	DC	FF
7717	16	DC	FF
7718	16	DC	FF
7719	16	DC	FF
7720	16	DC	FF
7721	16	DC	FF
7722	16	DC	FF
7723	16	DC	FF
7724	16	DC	FF
7725	16	DC	FF
7726	16	DC	FF
7727	16	DC	FF
7728	16	DC	FF
7729	16	DC	FF
7730	16	DC	FF
7731	16	DC	FF
7732	16	DC	FF
7733	16	DC	FF
7734	16	DC	FF
7735	16	DC	FF
7736	16	DC	FF
7737	16	DC	FF
7738	16	DC	FF
7739	16	DC	FF
7740	16	DC	FF
7741	16	DC	FF
7742	16	DC	FF
7743	16	DC	FF
7744	16	DC	FF
7745	16	DC	FF
7746	16	DC	FF
7747	16	DC	FF
7748	16	DC	FF
7749	16	DC	FF
7750	16	DC	FF
7751	16	DC	FF
7752	16	DC	FF
7753	16	DC	FF
7754	16	DC	FF
7755	16	DC	FF
7756	16	DC	FF
7757	16	DC	FF
7758	16	DC	FF
7759	16	DC	FF
7760	16	DC	FF
7761	16	DC	FF
7762	16	DC	FF
7763	16	DC	FF
7764	16	DC	FF
7765	16	DC	FF
7766	16	DC	FF
7767	16	DC	FF
7768	16	DC	FF
7769	16	DC	FF
7770	16	DC	FF
7771	16	DC	FF
7772	16	DC	FF
7773	16	DC	FF
7774	16	DC	FF
7775	16	DC	FF
7776	16	DC	FF
7777	16	DC	FF
7778	16	DC	FF
7779	16	DC	FF
7780	0	DC	FF
7781	0	DC	FF
7782	0	DC	FF
7783	0	DC	FF
7784	0	DC	FF
7785	0	DC	FF
7786	0	DC	FF
7787	0	DC	FF
7788	0	DC	FF
7789	0	DC	FF
7790	0	DC	FF
7791	0	DC	FF
7792	0	DC	FF
7793	0	DC	FF
7794	0	DC	FF
7795	0	DC	FF
7796	0	DC	FF
7797	0	DC	FF
7798	0	DC	FF
7799	0	DC	FF
7800	0	DC	FF
7801	0	DC	FF
7802	0	DC	FF
7803	0	DC	FF
7804	0	DC	FF
7805	0	DC	FF
7806	0	DC	FF
7807	0	DC	FF
7808	0	DC	FF
7809	0	DC	FF
7810	0	DC	FF
7811	0	DC	FF
7812	0	DC	FF
7813	0	DC	FF
7814	0	DC	FF
7815	0	DC	FF
7816	0	DC	FF
7817	0	DC	FF
7818	0	DC	FF
7819	0	DC	FF
7820	0	DC	FF
7821	0	DC	FF
7822	0	DC	FF
7823	0	DC	FF
7824	0	DC	FF
7825	0	DC	FF
7826	0	DC	FF
7827	0	DC	FF
7828	0	DC	FF
7829	0	DC	FF
7830	0	DC	FF
7831	0	DC	FF
7832	0	DC	FF
7833	0	DC	FF
7834	0	DC	FF
7835	0	DC	FF
7836	0	DC	FF
7837	0	DC	FF
7838	0	DC	FF
7839	0	DC	FF
7840	0	DC	FF
7841	0	DC	FF
7842	0	DC	FF
7843	0	DC	FF
7844	0	DC	FF
7845	0	DC	FF
7846	0	DC	FF
7847	0	DC	FF
7848	0	DC	FF
7849	0	DC	FF
7850	0	DC	FF
7851	0	DC	FF
7852	0	DC	FF
7853	0	DC	FF
7854	0	DC	FF
7855	0	DC	FF
7856	0	DC	FF
7857	0	DC	FF
7858	0	DC	FF
7859	0	DC	FF
7860	0	DC	FF
7861	0	DC	FF
7862	0	DC	FF
7863	0	DC	FF
7864	0	DC	FF
7865	0	DC	FF
7866	0	DC	FF
7867	0	DC	FF
7868	0	DC	FF
7869	0	DC	FF
7870	0	DC	FF
7871	0	DC	FF
7872	0	DC	FF
7873	0	DC	FF
7874	0	DC	FF
7875	0	DC	FF
7876	0	DC	FF
7877	0	DC	FF
7878	0	DC	FF
7879	0	DC	FF
7880	0	DC	FF
7881	0	DC	FF
7882	0	DC	FF
7883	0	DC	FF
7884	0	DC	FF
7885	0	DC	FF
7886	0	DC	FF
7887	0	DC	FF
7888	0	DC	FF
7889	0	DC	FF
7890	0	DC	FF
7891	0	DC	FF
7892	0	DC	FF
7893	0	DC	FF
7894	0	DC	FF
7895	0	DC	FF
7896	0	DC	FF
7897	0	DC	FF
7898	0	DC	FF
7899	0	DC	FF
7900	0	DC	FF
7901	0	DC	FF
7902	0	DC	FF
7903	0	DC	FF
7904	0	DC	FF
7905	0	DC	FF
7906	0	DC	FF
7907	0	DC	FF
7908	0	DC	FF
7909	0	DC	FF
7910	0	DC	FF
7911	0	DC	FF
7912	0	DC	FF
7913	0	DC	FF
7914	0	DC	FF
7915	0	DC	FF
7916	0	DC	FF
7917	0	DC	FF
7918	0	DC	FF
7919	0	DC	FF
7920	0	DC	FF
7921	0	DC	FF
7922	0	DC	FF
7923	0	DC	FF
7924	0	DC	FF
7925	0	DC	FF
7926	0	DC	FF
7927	0	DC	FF
7928	0	DC	FF
7929	0	DC	FF
7930	0	DC	FF
7931	0	DC	FF
7932	0	DC	FF
7933	0	DC	FF
7934	0	DC	FF
7935	0	DC	FF
7936	0	DC	FF
7937	0	DC	FF
7938	0	DC	FF
7939	0	DC	FF
7940	0	DC	FF
7941	0	DC	FF
7942	0	DC	FF
7943	0	DC	FF
7944	0	DC	FF
7945	0	DC	FF
7946	0	DC	FF
7947	0	DC	FF
7948	0	DC	FF
7949	0	DC	FF
7950	0	DC	FF
7951	0	DC	FF
7952	0	DC	FF
7953	0	DC	FF
7954	0	DC	FF
7955	0	DC	FF
7956	0	DC	FF
7957	0	DC	FF
7958	0	DC	FF
7959	0	DC	FF
7960	0	DC	FF
7961	0	DC	FF
7962	0	DC	FF
7963	0	DC	FF
7964	0	DC	FF
7965	0	DC	FF
7966	0	DC	FF
7967	0	DC	FF
7968	0	DC	FF
7969	0	DC	FF
7970	0	DC	FF
7971	0	DC	FF
7972	0	DC	FF
7973	0	DC	FF
7974	0	DC	FF
7975	0	DC	FF
7976	0	DC	FF
7977	0	DC	FF
7978	0	DC	FF
7979	0	DC	FF
7980	0	DC	FF
7981	0	DC	FF
7982	0	DC	FF
7983	0	DC	FF
7984	0	DC	FF
7985	0	DC	FF
7986	0	DC	FF
7987	0	DC	FF
7988	0	DC	FF
7989	0	DC	FF
7990	0	DC	FF
7991	0	DC	FF
7992	0	DC	FF
7993	0	DC	FF
7994	0	DC	FF
7995	0	DC	FF
7996	0	DC	FF
7997	0	DC	FF
7998	0	DC	FF
7999	0	DC	FF
8000	0	DC	FF
8001	0	DC	FF
8002	0	DC	FF
8003	0	DC	FF
8004	0	DC	FF
8005	0	DC	FF
8006	0	DC	FF
8007	0	DC	FF
8008	0	DC	FF
8009	0	DC	FF
8010	0	DC	FF
8011	0	DC	FF
8012	0	DC	FF
8013	0	DC	FF
8014	0	DC	FF
8015	0	DC	FF
8016	0	DC	FF
8017	0	DC	FF
8018	0	DC	FF
8019	0	DC	FF
8020	0	DC	FF
8021	0	DC	FF
8022	0	0A	FF
8023	0	0A	FF
8024	0	0A	FF
8025	0	0A	FF
8026	0	0A	FF
8027	0	0A	FF
8028	0	0A	FF
8029	0	0A	FF
8030	0	0A	FF
8031	0	0A	FF
8032	0	0A	FF
8033	0	0A	FF
8034	0	0A	FF
8035	0	0A	FF
8036	0	0A	FF
8037	0	0A	FF
8038	0	0A	FF
8039	0	0A	FF
8040	0	0A	FF
8041	0	0A	FF
8042	0	0A	FF
8043	0	0A	FF
8044	0	0A	FF
8045	0	0A	FF
8046	0	0A	FF
8047	0	0A	FF
8048	0	0A	FF
8049	0	0A	FF
8050	0	0A	FF
8051	0	0A	FF
8052	0	38	FF
8053	0	38	FF
8054	0	38	FF
8055	0	38	FF
8056	0	38	FF
8057	0	38	FF
8058	0	38	FF
8059	0	38	FF
8060	0	38	FF
8061	0	38	FF
8062	0	38	FF
8063	0	38	FF
8064	0	38	FF
8065	0	38	FF
8066	0	38	FF
8067	0	38	FF
8068	0	38	FF
8069	0	38	FF
8070	0	38	FF
8071	0	38	FF
8072	0	38	FF
8073	0	38	FF
8074	0	38	FF
8075	0	38	FF
8076	0	38	FF
8077	0	38	FF
8078	0	38	FF
8079	0	38	FF
8080	0	38	FF
8081	0	38	FF
8082	0	38	FF
8083	0	38	FF
8084	0	38	FF
8085	0	38	FF
8086	0	38	FF
8087	0	38	FF
8088	0	38	FF
8089	0	38	FF
8090	0	38	FF
8091	0	38	FF
8092	0	38	FF
8093	0	38	FF
8094	0	38	FF
8095	0	38	FF
8096	0	38	FF
8097	0	38	FF
8098	0	38	FF
8099	0	38	FF
8100	0	38	FF
8101	0	38	FF
8102	0	38	FF
8103	0	38	FF
8104	0	38	FF
8105	0	38	FF
8106	0	38	FF
8107	0	38	FF
8108	0	38	FF
8109	0	38	FF
8110	0	38	FF
8111	0	38	FF
8112	0	38	FF
8113	0	38	FF
8114	0	38	FF
8115	0	38	FF
8116	0	38	FF
8117	0	38	FF
8118	0	38	FF
8119	0	0A	FF
8120	0	0A	FF
8121	0	0A	FF
8122	0	0A	FF
8123	0	0A	FF
8124	0	0A	FF
8125	0	0A	FF
8126	0	0A	FF
8127	0	0A	FF
8128	0	0A	FF
8129	0	0A	FF
8130	0	0A	FF
8131	0	0A	FF
8132	0	0A	FF
8133	0	0A	FF
8134	0	0A	FF
8135	0	0A	FF
8136	0	0A	FF
8137	0	0A	FF
8138	0	0A	FF
8139	0	0A	FF
8140	0	0A	FF
8141	0	0A	FF
8142	0	0A	FF
8143	0	0A	FF
8144	0	0A	FF
8145	0	0A	FF
8146	0	0A	FF
8147	0	0A	FF
8148	0	0A	FF
8149	0	0A	FF
8150	0	0A	FF
8151	0	0A	FF
8152	0	DC	FF
8153	0	DC	FF
8154	0	DC	FF
8155	0	DC	FF
8156	0	DC	FF
8157	0	DC	FF
8158	0	DC	FF
8159	0	DC	FF
8160	0	DC	FF
8161	0	DC	FF
8162	0	DC	FF
8163	0	DC	FF
8164	0	DC	FF
8165	0	DC	FF
8166	0	DC	FF
8167	0	DC	FF
8168	0	DC	FF
8169	0	DC	FF
8170	0	DC	FF
8171	0	DC	FF
8172	0	DC	FF
8173	0	DC	FF
8174	0	DC	FF
8175	0	DC	FF
8176	0	DC	FF
8177	0	DC	FF
8178	0	DC	FF
8179	0	DC	FF
8180	0	DC	FF
8181	0	DC	FF
8182	16	DC	FF
8183	16	DC	FF
8184	16	DC	FF
8185	16	DC	FF
8186	16	DC	FF
8187	16	DC	FF
8188	16	DC	FF
8189	16	DC	FF
8190	16	DC	FF
8191	16	DC	FF
8192	16	DC	FF
8193	16	DC	FF
8194	16	DC	FF
8195	16	DC	FF
8196	16	DC	FF
8197	16	DC	FF
8198	16	DC	FF
8199	16	DC	FF
8200	16	DC	FF
8201	16	DC	FF
8202	16	DC	FF
8203	16	DC	FF
8204	16	DC	FF
8205	16	DC	FF
8206	16	DC	FF
8207	16	DC	FF
8208	16	DC	FF
8209	16	DC	FF
8210	16	DC	FF
8211	16	DC	FF
8212	16	DC	FF
8213	16	DC	FF
8214	16	DC	FF
8215	16	DC	FF
8216	16	DC	FF
8217	16	DC	FF
8218	16	DC	FF
8219	16	DC	FF
8220	16	DC	FF
8221	16	DC	FF
8222	16	DC	FF
8223	16	DC	FF
8224	16	DC	FF
8225	16	DC	FF
8226	16	DC	FF
8227	16	DC	FF
8228	16	DC	FF
8229	16	DC	FF
8230	16	DC	FF
8231	16	DC	FF
8232	16	DC	FF
8233	16	DC	FF
8234	16	DC	FF
8235	16	DC	FF
8236	16	DC	FF
8237	16	DC	FF
8238	16	DC	FF
8239	16	DC	FF
8240	16	DC	FF
8241	16	DC	FF
8242	16	DC	FF
8243	16	DC	FF
8244	16	DC	FF
8245	16	DC	FF
8246	16	DC	FF
8247	16	DC	FF
8248	16	DC	FF
8249	16	DC	FF
8250	16	DC	FF
8251	16	DC	FF
8252	16	DC	FF
8253	16	DC	FF
8254	16	DC	FF
8255	16	DC	FF
8256	16	DC	FF
8257	16	DC	FF
8258	16	DC	FF
8259	16	DC	FF
8260	16	DC	FF
8261	16	DC	FF
8262	16	DC	FF
8263	16	DC	FF
8264	16	DC	FF
8265	16	DC	FF
8266	16	DC	FF
8267	16	DC	FF
8268	16	DC	FF
8269	16	DC	FF
8270	16	DC	FF
8271	16	DC	FF
8272	16	DC	FF
8273	16	DC	FF
8274	16	DC	FF
8275	16	DC	FF
8276	16	DC	FF
8277	16	DC	FF
8278	16	DC	FF
8279	16	DC	FF
8280	16	DC	FF
8281	16	DC	FF
8282	16	DC	FF
8283	16	DC	FF
8284	16	DC	FF
8285	16	DC	FF
8286	16	DC	FF
8287	16	DC	FF
8288	16	DC	FF
8289	16	DC	FF
8290	16	DC	FF
8291	16	DC	FF
8292	16	DC	FF
8293	16	DC	FF
8294	16	DC	FF
8295	16	DC	FF
8296	16	DC	FF
8297	16	DC	FF
8298	16	DC	FF
8299	16	DC	FF
8300	16	DC	FF
8301	16	DC	FF
8302	16	DC	FF
8303	16	DC	FF
8304	16	DC	FF
8305	16	DC	FF
8306	16	DC	FF
8307	16	DC	FF
8308	16	DC	FF
8309	16	DC	FF
8310	16	DC	FF
8311	16	DC	FF
8312	16	DC	FF
8313	16	DC	FF
8314	16	DC	FF
8315	16	DC	FF
8316	16	DC	FF
8317	16	DC	FF
8318	16	DC	FF
8319	16	DC	FF
8320	16	DC	FF
8321	16	DC	FF
8322	16	DC	FF
8323	16	DC	FF
8324	16	DC	FF
8325	16	DC	FF
8326	16	DC	FF
8327	16	DC	FF
8328	16	DC	FF
8329	16	DC	FF
8330	16	DC	FF
8331	16	DC	FF
8332	16	DC	FF
8333	16	DC	FF
8334	16	DC	FF
8335	16	DC	FF
8336	16	DC	FF
8337	16	DC	FF
8338	16	DC	FF
8339	16	DC	FF
8340	16	DC	FF
8341	16	DC	FF
8342	16	DC	FF
8343	16	DC	FF
8344	16	DC	FF
8345	16	DC	FF
8346	16	DC	FF
8347	16	DC	FF
8348	16	DC	FF
8349	16	DC	FF
8350	16	DC	FF
8351	16	DC	FF
8352	16	DC	FF
8353	16	DC	FF
8354	16	DC	FF
8355	16	DC	FF
8356	16	DC	FF
8357	16	DC	FF
8358	16	DC	FF
8359	16	DC	FF
8360	16	DC	FF
8361	16	DC	FF
8362	16	DC	FF
8363	16	DC	FF
8364	16	DC	FF
8365	16	DC	FF
8366	16	DC	FF
8367	16	DC	FF
8368	16	DC	FF
8369	16	DC	FF
8370	16	DC	FF
8371	16	DC	FF
8372	16	DC	FF
8373	16	DC	FF
8374	16	DC	FF
8375	16	DC	FF
8376	16	DC	FF
8377	16	DC	FF
8378	16	DC	FF
8379	16	DC	FF
8380	16	DC	FF
8381	16	DC	FF
8382	16	DC	FF
8383	16	DC	FF
8384	16	DC	FF
8385	16	DC	FF
8386	16	DC	FF
8387	16	DC	FF
8388	16	DC	FF
8389	16	DC	FF
8390	16	DC	FF
8391	16	DC	FF
8392	16	DC	FF
8393	16	DC	FF
8394	16	DC	FF
8395	16	DC	FF
8396	16	DC	FF
8397	16	DC	FF
8398	16	DC	FF
8399	16	DC	FF
8400	16	DC	FF
8401	16	DC	FF
8402	16	DC	FF
8403	16	DC	FF
8404	16	DC	FF
8405	16	DC	FF
8406	16	DC	FF
8407	16	DC	FF
8408	16	DC	FF
8409	16	DC	FF
8410	16	DC	FF
8411	16	DC	FF
8412	16	DC	FF
8413	16	DC	FF
8414	16	DC	FF
8415	16	DC	FF
8416	16	DC	FF
8417	16	DC	FF
8418	16	DC	FF
8419	16	DC	FF
8420	16	DC	FF
8421	16	DC	FF
8422	16	DC	FF
8423	16	DC	FF
8424	16	DC	FF
8425	16	DC	FF
8426	16	DC	FF
8427	16	DC	FF
8428	16	DC	FF
8429	16	DC	FF
8430	16	DC	FF
8431	16	DC	FF
8432	16	DC	FF
8433	16	DC	FF
8434	16	DC	FF
8435	16	DC	FF
8436	16	DC	FF
8437	16	DC	FF
8438	16	DC	FF
8439	16	DC	FF
8440	16	DC	FF
8441	16	DC	FF
8442	16	DC	FF
8443	16	DC	FF
8444	16	DC	FF
8445	16	DC	FF
8446	16	DC	FF
8447	16	DC	FF
8448	16	DC	FF
8449	16	DC	FF
8450	16	DC	FF
8451	16	DC	FF
8452	16	DC	FF
8453	16	DC	FF
8454	16	DC	FF
8455	16	DC	FF
8456	16	DC	FF
8457	16	DC	FF
8458	16	DC	FF
8459	16	DC	FF
8460	16	DC	FF
8461	16	DC	FF
8462	16	DC	FF
8463	16	DC	FF
8464	16	DC	FF
8465	16	DC	FF
8466	16	DC	FF
8467	16	DC	FF
8468	16	DC	FF
8469	16	DC	FF
8470	16	DC	FF
8471	16	DC	FF
8472	16	DC	FF
8473	16	DC	FF
8474	16	DC	FF
8475	16	DC	FF
8476	16	DC	FF
8477	16	DC	FF
8478	16	DC	FF
8479	16	DC	FF
8480	16	DC	FF
8481	16	DC	FF
8482	16	DC	FF
8483	16	DC	FF
8484	16	DC	FF
8485	16	DC	FF
8486	16	DC	FF
8487	16	DC	FF
8488	16	DC	FF
8489	16	DC	FF
8490	16	DC	FF
8491	16	DC	FF
8492	16	DC	FF
8493	16	DC	FF
8494	16	DC	FF
8495	16	DC	FF
8496	16	DC	FF
8497	16	DC	FF
8498	16	DC	FF
8499	16	DC	FF
8500	16	DC	FF
8501	16	DC	FF
8502	16	DC	FF
8503	16	DC	FF
8504	16	DC	FF
8505	16	DC	FF
8506	16	DC	FF
8507	16	DC	FF
8508	16	DC	FF
8509	16	DC	FF
8510	16	DC	FF
8511	16	DC	FF
8512	16	DC	FF
8513	16	DC	FF
8514	16	DC	FF
8515	16	DC	FF
8516	16	DC	FF
8517	16	DC	FF
8518	16	DC	FF
8519	16	DC	FF
8520	16	DC	FF
8521	16	DC	FF
8522	16	DC	FF
8523	16	DC	FF
8524	16	DC	FF
8525	16	DC	FF
8526	16	DC	FF
8527	16	DC	FF
8528	16	DC	FF
8529	16	DC	FF
8530	16	DC	FF
8531	16	DC	FF
8532	16	DC	FF
8533	16	DC	FF
8534	16	DC	FF
8535	16	DC	FF
8536	16	DC	FF
8537	16	DC	FF
8538	16	DC	FF
8539	16	DC	FF
8540	16	DC	FF
8541	16	DC	FF
8542	16	DC	FF
8543	16	DC	FF
8544	16	DC	FF
8545	16	DC	FF
8546	16	DC	FF
8547	16	DC	FF
8548	16	DC	FF
8549	16	DC	FF
8550	16	DC	FF
8551	16	DC	FF
8552	16	DC	FF
8553	16	DC	FF
8554	16	DC	FF
8555	16	DC	FF
8556	16	DC	FF
8557	16	DC	FF
8558	16	DC	FF
8559	16	DC	FF
8560	16	DC	FF
8561	16	DC	FF
8562	16	DC	FF
8563	16	DC	FF
8564	16	DC	FF
8565	16	DC	FF
8566	16	DC	FF
8567	16	DC	FF
8568	16	DC	FF
8569	16	DC	FF
8570	16	DC	FF
8571	16	DC	FF
8572	16	DC	FF
8573	16	DC	FF
8574	16	DC	FF
8575	16	DC	FF
8576	16	DC	FF
8577	16	DC	FF
8578	16	DC	FF
8579	16	DC	FF
8580	16	DC	FF
8581	16	DC	FF
8582	16	DC	FF
8583	16	DC	FF
8584	16	DC	FF
8585	16	DC	FF
8586	16	DC	FF
8587	16	DC	FF
8588	16	DC	FF
8589	16	DC	FF
8590	16	DC	FF
8591	16	DC	FF
8592	16	DC	FF
8593	16	DC	FF
8594	16	DC	FF
8595	16	DC	FF
8596	16	DC	FF
8597	16	DC	FF
8598	16	DC	FF
8599	16	DC	FF
8600	16	DC	FF
8601	16	DC	FF
8602	16	DC	FF
8603	16	DC	FF
8604	16	DC	FF
8605	16	DC	FF
8606	16	DC	FF
8607	16	DC	FF
8608	16	DC	FF
8609	16	DC	FF
8610	16	DC	FF
8611	16	DC	FF
8612	16	DC	FF
8613	16	DC	FF
8614	16	DC	FF
8615	16	DC	FF
8616	16	DC	FF
8617	16	DC	FF
8618	16	DC	FF
8619	16	DC	FF
8620	16	DC	FF
8621	16	DC	FF
8622	16	DC	FF
8623	16	DC	FF
8624	16	DC	FF
8625	16	DC	FF
8626	16	DC	FF
8627	16	DC	FF
8628	16	DC	FF
8629	16	DC	FF
8630	16	DC	FF
8631	16	DC	FF
8632	16	DC	FF
8633	16	DC	FF
8634	16	DC	FF
8635	16	DC	FF
8636	16	DC	FF
8637	16	DC	FF
8638	16	DC	FF
8639	16	DC	FF
8640	16	DC	FF
8641	16	DC	FF
8642	16	DC	FF
8643	16	DC	FF
8644	16	DC	FF
8645	16	DC	FF
8646	16	DC	FF
8647	16	DC	FF
8648	16	DC	FF
8649	16	DC	FF
8650	16	DC	FF
8651	16	DC	FF
8652	16	DC	FF
8653	16	DC	FF
8654	16	DC	FF
8655	16	DC	FF
8656	16	DC	FF
8657	16	DC	FF
8658	16	DC	FF
8659	16	DC	FF
8660	16	DC	FF
8661	16	DC	FF
8662	16	DC	FF
8663	16	DC	FF
8664	16	DC	FF
8665	16	DC	FF
8666	16	DC	FF
8667	16	DC	FF
8668	16	DC	FF
8669	16	DC	FF
8670	16	DC	FF
8671	16	DC	FF
8672	16	DC	FF
8673	16	DC	FF
8674	16	DC	FF
8675	16	DC	FF
8676	16	DC	FF
8677	16	DC	FF
8678	16	DC	FF
8679	16	DC	FF
8680	16	DC	FF
8681	16	DC	FF
8682	16	DC	FF
8683	16	DC	FF
8684	16	DC	FF
8685	16	DC	FF
8686	16	DC	FF
8687	16	DC	FF
8688	16	DC	FF
8689	16	DC	FF
8690	16	DC	FF
8691	16	DC	FF
8692	16	DC	FF
8693	16	DC	FF
8694	16	DC	FF
8695	16	DC	FF
8696	16	DC	FF
8697	16	DC	FF
8698	16	DC	FF
8699	16	DC	FF
8700	16	DC	FF
8701	16	DC	FF
8702	16	DC	FF
8703	16	DC	FF
8704	16	DC	FF
8705	16	DC	FF
8706	16	DC	FF
8707	16	DC	FF
8708	16	DC	FF
8709	16	DC	FF
8710	16	DC	FF
8711	16	DC	FF
8712	16	DC	FF
8713	16	DC	FF
8714	16	DC	FF
8715	16	DC	FF
8716	16	DC	FF
8717	16	DC	FF
8718	16	DC	FF
8719	16	DC	FF
8720	16	DC	FF
8721	16	DC	FF
8722	16	DC	FF
8723	16	DC	FF
8724	16	DC	FF
8725	16	DC	FF
8726	16	DC	FF
8727	16	DC	FF
8728	16	DC	FF
8729	16	DC	FF
8730	16	DC	FF
8731	16	DC	FF
8732	16	DC	FF
8733	16	DC	FF
8734	16	DC	FF
8735	16	DC	FF
8736	16	DC	FF
8737	16	DC	FF
8738	16	DC	FF
8739	16	DC	FF
8740	16	DC	FF
8741	16	DC	FF
8742	16	DC	FF
8743	16	DC	FF
8744	16	DC	FF
8745	16	DC	FF
8746	16	DC	FF
8747	16	DC	FF
8748	16	DC	FF
8749	16	DC	FF
8750	16	DC	FF
8751	16	DC	FF
8752	16	DC	FF
8753	16	DC	FF
8754	16	DC	FF
8755	16	DC	FF
8756	16	DC	FF
8757	16	DC	FF
8758	16	DC	FF
8759	16	DC	FF
8760	16	DC	FF
8761	16	DC	FF
8762	16	DC	FF
8763	16	DC	FF
8764	16	DC	FF
8765	16	DC	FF
8766	16	DC	FF
8767	16	DC	FF
8768	16	DC	FF
8769	16	DC	FF
8770	16	DC	FF
8771	16	DC	FF
8772	16	DC	FF
8773	16	DC	FF
8774	16	DC	FF
8775	16	DC	FF
8776	16	DC	FF
8777	16	DC	FF
8778	16	DC	FF
8779	16	DC	FF
8780	16	DC	FF
8781	16	DC	FF
8782	16	DC	FF
8783	16	DC	FF
8784	16	DC	FF
8785	16	DC	FF
8786	16	DC	FF
8787	16	DC	FF
8788	16	DC	FF
8789	16	DC	FF
8790	16	DC	FF
8791	16	DC	FF
8792	16	DC	FF
8793	16	DC	FF
8794	16	DC	FF
8795	16	DC	FF
8796	16	DC	FF
8797	16	DC	FF
8798	16	DC	FF
8799	16	DC	FF
8800	16	DC	FF
8801	16	DC	FF
8802	16	DC	FF
8803	16	DC	FF
8804	16	DC	FF
8805	16	DC	FF
8806	16	DC	FF
8807	16	DC	FF
8808	16	DC	FF
8809	16	DC	FF
8810	16	DC	FF
8811	16	DC	FF
8812	16	DC	FF
8813	16	DC	FF
8814	16	DC	FF
8815	16	DC	FF
8816	16	DC	FF
8817	16	DC	FF
8818	16	DC	FF
8819	16	DC	FF
8820	16	DC	FF
8821	16	DC	FF
8822	16	DC	FF
8823	16	DC	FF
8824	16	DC	FF
8825	16	DC	FF
8826	16	DC	FF
8827	16	DC	FF
8828	16	DC	FF
8829	16	DC	FF
8830	16	DC	FF
8831	16	DC	FF
8832	16	DC	FF
8833	16	DC	FF
8834	16	DC	FF
8835	16	DC	FF
8836	16	DC	FF
8837	16	DC	FF
8838	16	DC	FF
8839	16	DC	FF
8840	16	DC	FF
8841	16	DC	FF
8842	16	DC	FF
8843	16	DC	FF
8844	16	DC	FF
8845	16	DC	FF
8846	16	DC	FF
8847	16	DC	FF
8848	16	DC	FF
8849	16	DC	FF
8850	16	DC	FF
8851	16	DC	FF
8852	16	DC	FF
8853	16	DC	FF
8854	16	DC	FF
8855	16	DC	FF
8856	16	DC	FF
8857	16	DC	FF
8858	16	DC	FF
8859	16	DC	FF
8860	16	DC	FF
8861	16	DC	FF
8862	16	DC	FF
8863	16	DC	FF
8864	16	DC	FF
8865	16	DC	FF
8866	16	DC	FF
8867	16	DC	FF
8868	16	DC	FF
8869	16	DC	FF
8870	16	DC	FF
8871	16	DC	FF
8872	16	DC	FF
8873	16	DC	FF
8874	16	DC	FF
8875	16	DC	FF
8876	16	DC	FF
8877	16	DC	FF
8878	16	DC	FF
8879	16	DC	FF
8880	16	DC	FF
8881	16	DC	FF
8882	16	DC	FF
8883	16	DC	FF
8884	16	DC	FF
8885	16	DC	FF
8886	16	DC	FF
8887	16	DC	FF
8888	16	DC	FF
8889	16	DC	FF
8890	16	DC	FF
8891	16	DC	FF
8892	16	DC	FF
8893	16	DC	FF
8894	16	DC	FF
8895	16	DC	FF
8896	16	DC	FF
8897	16	DC	FF
8898	16	DC	FF
8899	16	DC	FF
8900	16	DC	FF
8901	16	DC	FF
8902	16	DC	FF
8903	16	DC	FF
8904	16	DC	FF
8905	16	DC	FF
8906	16	DC	FF
8907	16	DC	FF
8908	16	DC	FF
8909	16	DC	FF
8910	16	DC	FF
8911	16	DC	FF
8912	16	DC	FF
8913	16	DC	FF
8914	16	DC	FF
8915	16	DC	FF
8916	16	DC	FF
8917	16	DC	FF
8918	16	DC	FF
8919	16	DC	FF
8920	16	DC	FF
8921	16	DC	FF
8922	0	0A	FF
8923	0	0A	FF
8924	0	0A	FF
8925	0	0A	FF
8926	0	0A	FF
8927	0	0A	FF
8928	0	0A	FF
8929	0	0A	FF
8930	0	0A	FF
8931	0	0A	FF
8932	0	0A	FF
8933	0	0A	FF
8934	0	0A	FF
8935	0	0A	FF
8936	0	0A	FF
8937	0	0A	FF
8938	0	0A	FF
8939	0	0A	FF
8940	0	0A	FF
8941	0	0A	FF
8942	0	0A	FF
8943	0	0A	FF
8944	0	0A	FF
8945	0	0A	FF
8946	0	0A	FF
8947	0	0A	FF
8948	0	0A	FF
8949	0	0A	FF
8950	0	0A	FF
8951	0	0A	FF
8952	0	0A	FF
8953	0	0A	FF
8954	0	0A	FF
8955	0	0A	FF
8956	0	0A	FF
8957	0	0A	FF
8958	0	0A	FF
8959	0	0A	FF
8960	0	0A	FF
8961	0	0A	FF
8962	0	0A	FF
8963	0	0A	FF
8964	0	0A	FF
8965	0	0A	FF
8966	0	0A	FF
8967	0	0A	FF
8968	0	0A	FF
8969	0	0A	FF
8970	0	0A	FF
8971	0	0A	FF
8972	0	0A	FF
8973	0	0A	FF
8974	0	0A	FF
8975	0	0A	FF
8976	0	0A	FF
8977	0	0A	FF
8978	0	0A	FF
8979	0	0A	FF
8980	0	0A	FF
8981	0	0A	FF
8982	0	0A	FF
8983	0	0A	FF
8984	0	0A	FF
8985	0	0A	FF
8986	0	0A	FF
8987	0	0A	FF
8988	0	0A	FF
8989	0	0A	FF
8990	0	0A	FF
8991	0	0A	FF
8992	0	0A	FF
8993	0	0A	FF
8994	0	0A	FF
8995	0	0A	FF
8996	0	0A	FF
8997	0	0A	FF
8998	0	0A	FF
8999	0	E2	FF
9000	0	E2	FF
9001	0	E2	FF
9002	0	E2	FF
9003	0	E2	FF
9004	0	E2	FF
9005	0	E2	FF
9006	0	E2	FF
9007	0	E2	FF
9008	0	E2	FF
9009	0	E2	FF
9010	0	E2	FF
9011	0	E2	FF
9012	0	E2	FF
9013	0	E2	FF
9014	0	E2	FF
9015	0	E2	FF
9016	0	E2	FF
9017	0	E2	FF
9018	0	E2	FF
9019	0	E2	FF
9020	0	E2	FF
9021	0	E2	FF
9022	0	E2	FF
9023	0	E2	FF
9024	0	E2	FF
9025	0	E2	FF
9026	0	E2	FF
9027	0	E2	FF
9028	10	E2	FF
9029	10	E2	FF
9030	10	E2	FF
9031	10	E2	FF
9032	10	E2	FF
9033	10	E2	FF
9034	10	E2	FF
9035	10	E2	FF
9036	10	E2	FF
9037	10	E2	FF
9038	10	E2	FF
9039	10	E2	FF
9040	10	E2	FF
9041	10	E2	FF
9042	10	E2	FF
9043	10	E2	FF
9044	10	E2	FF
9045	10	E2	FF
9046	10	E2	FF
9047	10	E2	FF
9048	10	E2	FF
9049	10	E2	FF
9050	10	E2	FF
9051	10	E2	FF
9052	10	E2	FF
9053	10	E2	FF
9054	10	E2	FF
9055	10	E2	FF
9056	10	E2	FF
9057	10	E2	FF
9058	10	E2	FF
9059	10	E2	FF
9060	10	E2	FF
9061	10	E2	FF
9062	10	E2	FF
9063	10	E2	FF
9064	10	E2	FF
9065	10	E2	FF
9066	10	E2	FF
9067	10	E2	FF
9068	10	E2	FF
9069	10	E2	FF
9070	10	E2	FF
9071	10	E2	FF
9072	10	E2	FF
9073	10	E2	FF
9074	10	E2	FF
9075	10	E2	FF
9076	10	E2	FF
9077	10	E2	FF
9078	10	E2	FF
9079	10	E2	FF
9080	10	E2	FF
9081	10	E2	FF
9082	10	E2	FF
9083	10	E2	FF
9084	10	E2	FF
9085	10	E2	FF
9086	10	E2	FF
9087	10	E2	FF
9088	10	E2	FF
9089	10	E2	FF
9090	10	E2	FF
9091	10	E2	FF
9092	10	E2	FF
9093	10	E2	FF
9094	10	E2	FF
9095	10	E2	FF
9096	10	E2	FF
9097	10	E2	FF
9098	10	E2	FF
9099	10	E2	FF
9100	10	E2	FF
9101	10	E2	FF
9102	10	E2	FF
9103	10	E2	FF
9104	10	E2	FF
9105	10	E2	FF
9106	10	E2	FF
9107	10	E2	FF
9108	10	E2	FF
9109	10	E2	FF
9110	10	E2	FF
9111	10	E2	FF
9112	10	E2	FF
9113	10	E2	FF
9114	10	E2	FF
9115	10	E2	FF
9116	10	E2	FF
9117	10	E2	FF
9118	10	E2	FF
9119	10	E2	FF
9120	10	E2	FF
9121	10	E2	FF
9122	10	E2	FF
9123	10	E2	FF
9124	10	E2	FF
9125	10	E2	FF
9126	10	E2	FF
9127	10	E2	FF
9128	10	E2	FF
9129	16	E2	FF
9130	16	E2	FF
9131	16	E2	FF
9132	16	E2	FF
9133	16	E2	FF
9134	16	E2	FF
9135	16	E2	FF
9136	16	E2	FF
9137	16	E2	FF
9138	16	E2	FF
9139	16	E2	FF
9140	16	E2	FF
9141	16	E2	FF
9142	16	E2	FF
9143	16	E2	FF
9144	16	E2	FF
9145	16	E2	FF
9146	16	E2	FF
9147	16	E2	FF
9148	16	E2	FF
9149	16	E2	FF
9150	16	E2	FF
9151	16	E2	FF
9152	16	E2	FF
9153	16	E2	FF
9154	16	E2	FF
9155	16	E2	FF
9156	16	E2	FF
9157	16	E2	FF
9158	16	E2	FF
9159	16	E2	FF
9160	16	E2	FF
9161	16	E2	FF
9162	16	E2	FF
9163	16	E2	FF
9164	16	E2	FF
9165	16	E2	FF
9166	16	E2	FF
9167	16	E2	FF
9168	16	E2	FF
9169	16	E2	FF
9170	16	E2	FF
9171	16	E2	FF
9172	16	E2	FF
9173	16	E2	FF
9174	16	E2	FF
9175	16	E2	FF
9176	16	E2	FF
9177	16	E2	FF
9178	16	E2	FF
9179	16	E2	FF
9180	16	E2	FF
9181	16	E2	FF
9182	16	E2	FF
9183	16	E2	FF
9184	16	E2	FF
9185	16	E2	FF
9186	16	E2	FF
9187	16	E2	FF
9188	16	E2	FF
9189	16	E2	FF
9190	16	E2	FF
9191	16	E2	FF
9192	16	E2	FF
9193	16	E2	FF
9194	16	E2	FF
9195	16	E2	FF
9196	16	E2	FF
9197	16	E2	FF
9198	16	E2	FF
9199	16	E2	FF
9200	16	E2	FF
9201	16	E2	FF
9202	16	E2	FF
9203	16	E2	FF
9204	16	E2	FF
9205	16	E2	FF
9206	16	E2	FF
9207	0	E2	FF
9208	0	E2	FF
9209	0	E2	FF
9210	0	E2	FF
9211	0	E2	FF
9212	0	E2	FF
9213	0	E2	FF
9214	0	E2	FF
9215	0	E2	FF
9216	0	E2	FF
9217	0	E2	FF
9218	0	E2	FF
9219	0	E2	FF
9220	0	E2	FF
9221	0	E2	FF
9222	0	E2	FF
9223	0	E2	FF
9224	0	E2	FF
9225	0	E2	FF
9226	0	E2	FF
9227	0	E2	FF
9228	0	E2	FF
9229	0	E2	FF
9230	0	E2	FF
9231	0	E2	FF
9232	0	E2	FF
9233	0	E2	FF
9234	0	E2	FF
9235	0	E2	FF
9236	0	E2	FF
9237	0	E2	FF
9238	0	E2	FF
9239	0	E2	FF
9240	0	E2	FF
9241	0	E2	FF
9242	0	E2	FF
9243	0	E2	FF
9244	0	E2	FF
9245	0	E2	FF
9246	0	E2	FF
9247	0	E2	FF
9248	0	E2	FF
9249	0	E2	FF
9250	0	E2	FF
9251	0	E2	FF
9252	0	E2	FF
9253	0	E2	FF
9254	0	E2	FF
9255	0	E2	FF
9256	0	E2	FF
9257	0	E2	FF
9258	0	E2	FF
9259	0	E2	FF
9260	0	E2	FF
9261	0	E2	FF
9262	0	E2	FF
9263	0	E2	FF
9264	0	E2	FF
9265	0	E2	FF
9266	0	E2	FF
9267	0	E2	FF
9268	0	E2	FF
9269	0	E2	FF
9270	0	E2	FF
9271	0	E2	FF
9272	0	E2	FF
9273	0	E2	FF
9274	0	E2	FF
9275	0	E2	FF
9276	0	E2	FF
9277	0	E2	FF
9278	0	E2	FF
9279	0	E2	FF
9280	0	E2	FF
9281	0	E2	FF
9282	0	E2	FF
9283	0	E2	FF
9284	0	E2	FF
9285	0	E2	FF
9286	0	E2	FF
9287	0	E2	FF
9288	0	E2	FF
9289	0	E2	FF
9290	0	E2	FF
9291	0	E2	FF
9292	0	E2	FF
9293	0	E2	FF
9294	0	E2	FF
9295	0	E2	FF
9296	0	E2	FF
9297	0	E2	FF
9298	0	E2	FF
9299	0	E2	FF
9300	0	E2	FF
9301	0	E2	FF
9302	0	E2	FF
9303	0	E2	FF
9304	0	E2	FF
9305	0	E2	FF
9306	0	E2	FF
9307	0	E2	FF
9308	0	E2	FF
9309	0	E2	FF
9310	0	E2	FF
9311	0	E2	FF
9312	0	E2	FF
9313	0	E2	FF
9314	0	E2	FF
9315	0	E2	FF
9316	0	E2	FF
9317	0	E2	FF
9318	0	E2	FF
9319	0	E2	FF
9320	0	E2	FF
9321	0	E2	FF
9322	0	E2	FF
9323	0	E2	FF
9324	0	E2	FF
9325	0	E2	FF
9326	0	E2	FF
9327	0	E2	FF
9328	0	E2	FF
9329	0	E2	FF
9330	0	E2	FF
9331	0	E2	FF
9332	0	E2	FF
9333	0	E2	FF
9334	0	E2	FF
9335	0	E2	FF
9336	0	E2	FF
9337	0	E2	FF
9338	0	E2	FF
9339	0	E2	FF
9340	0	E2	FF
9341	0	E2	FF
9342	0	E2	FF
9343	0	E2	FF
9344	0	E2	FF
9345	0	E2	FF
9346	0	E2	FF
9347	0	E2	FF
9348	0	E2	FF
9349	0	E2	FF
9350	0	E2	FF
9351	0	E2	FF
9352	0	E2	FF
9353	0	E2	FF
9354	0	E2	FF
9355	0	E2	FF
9356	0	E2	FF
9357	0	E2	FF
9358	0	E2	FF
9359	0	E2	FF
9360	0	E2	FF
9361	0	E2	FF
9362	0	E2	FF
9363	0	E2	FF
9364	0	E2	FF
9365	0	E2	FF
9366	0	E2	FF
9367	0	E2	FF
9368	0	E2	FF
9369	0	E2	FF
9370	0	E2	FF
9371	0	E2	FF
9372	0	E2	FF
9373	0	E2	FF
9374	0	E2	FF
9375	0	E2	FF
9376	0	E2	FF
9377	0	E2	FF
9378	0	E2	FF
9379	0	E2	FF
9380	0	E2	FF
9381	0	E2	FF
9382	0	E2	FF
9383	0	E2	FF
9384	0	E2	FF
9385	0	E2	FF
9386	0	E2	FF
9387	0	E2	FF
9388	0	E2	FF
9389	0	E2	FF
9390	0	E2	FF
9391	0	E2	FF
9392	0	E2	FF
9393	0	E2	FF
9394	0	E2	FF
9395	0	E2	FF
9396	0	E2	FF
9397	0	E2	FF
9398	0	E2	FF
9399	0	E2	FF
9400	0	E2	FF
9401	0	E2	FF
9402	0	E2	FF
9403	0	E2	FF
9404	0	E2	FF
9405	0	E2	FF
9406	0	E2	FF
9407	0	E2	FF
9408	0	E2	FF
9409	0	E2	FF
9410	0	E2	FF
9411	0	E2	FF
9412	0	E2	FF
9413	0	E2	FF
9414	0	E2	FF
9415	0	E2	FF
9416	0	E2	FF
9417	0	E2	FF
9418	0	E2	FF
9419	0	E2	FF
9420	0	E2	FF
9421	0	E2	FF
9422	0	E2	FF
9423	0	E2	FF
9424	0	E2	FF
9425	0	E2	FF
9426	0	E2	FF
9427	0	E2	FF
9428	0	E2	FF
9429	0	E2	FF
9430	0	E2	FF
9431	0	E2	FF
9432	0	E2	FF
9433	0	E2	FF
9434	0	E2	FF
9435	0	E2	FF
9436	0	E2	FF
9437	0	E2	FF
9438	0	E2	FF
9439	0	E2	FF
9440	0	E2	FF
9441	0	E2	FF
9442	0	E2	FF
9443	0	E2	FF
9444	0	E2	FF
9445	0	E2	FF
9446	0	E2	FF
9447	0	E2	FF
9448	0	E2	FF
9449	0	E2	FF
9450	0	E2	FF
9451	0	E2	FF
9452	0	E2	FF
9453	0	E2	FF
9454	0	E2	FF
9455	0	E2	FF
9456	0	E2	FF
9457	0	E2	FF
9458	0	E2	FF
9459	0	E2	FF
9460	0	E2	FF
9461	0	E2	FF
9462	0	E2	FF
9463	0	E2	FF
9464	0	E2	FF
9465	0	E2	FF
9466	0	E2	FF
9467	0	E2	FF
9468	0	E2	FF
9469	0	E2	FF
9470	0	E2	FF
9471	0	E2	FF
9472	0	E2	FF
9473	0	E2	FF
9474	0	E2	FF
9475	0	E2	FF
9476	0	E2	FF
9477	0	E2	FF
9478	0	E2	FF
9479	0	E2	FF
9480	0	E2	FF
9481	0	E2	FF
9482	0	E2	FF
9483	0	E2	FF
9484	0	E2	FF
9485	0	E2	FF
9486	0	E2	FF
9487	0	E2	FF
9488	0	E2	FF
9489	0	E2	FF
9490	0	E2	FF
9491	0	E2	FF
9492	0	E2	FF
9493	0	E2	FF
9494	0	E2	FF
9495	0	E2	FF
9496	0	E2	FF
9497	0	E2	FF
9498	0	E2	FF
9499	0	E2	FF
9500	0	E2	FF
9501	0	E2	FF
9502	0	E2	FF
9503	0	E2	FF
9504	0	E2	FF
9505	0	E2	FF
9506	0	E2	FF
9507	0	E2	FF
9508	0	E2	FF
9509	0	E2	FF
9510	0	E2	FF
9511	0	E2	FF
9512	0	E2	FF
9513	0	E2	FF
9514	0	E2	FF
9515	0	E2	FF
9516	0	E2	FF
9517	0	E2	FF
9518	0	E2	FF
9519	0	E2	FF
9520	0	E2	FF
9521	0	E2	FF
9522	0	E2	FF
9523	0	E2	FF
9524	0	E2	FF
9525	0	E2	FF
9526	0	E2	FF
9527	0	E2	FF
9528	0	E2	FF
9529	0	E2	FF
9530	0	E2	FF
9531	0	E2	FF
9532	0	E2	FF
9533	0	E2	FF
9534	0	E2	FF
9535	0	E2	FF
9536	0	E2	FF
9537	0	E2	FF
9538	0	E2	FF
9539	0	E2	FF
9540	0	E2	FF
9541	0	E2	FF
9542	0	E2	FF
9543	0	E2	FF
9544	0	E2	FF
9545	0	E2	FF
9546	0	E2	FF
9547	0	E2	FF
9548	0	E2	FF
9549	0	E2	FF
9550	0	E2	FF
9551	0	E2	FF
9552	0	E2	FF
9553	0	E2	FF
9554	0	E2	FF
9555	0	E2	FF
9556	0	E2	FF
9557	0	E2	FF
9558	0	E2	FF
9559	0	E2	FF
9560	0	E2	FF
9561	0	E2	FF
9562	0	E2	FF
9563	0	E2	FF
9564	0	E2	FF
9565	0	E2	FF
9566	0	E2	FF
9567	0	E2	FF
9568	0	E2	FF
9569	0	E2	FF
9570	0	E2	FF
9571	0	E2	FF
9572	0	E2	FF
9573	0	E2	FF
9574	0	E2	FF
9575	0	E2	FF
9576	0	E2	FF
9577	0	E2	FF
9578	0	E2	FF
9579	0	E2	FF
9580	0	E2	FF
9581	0	E2	FF
9582	0	E2	FF
9583	0	E2	FF
9584	0	E2	FF
9585	0	E2	FF
9586	0	E2	FF
9587	0	E2	FF
9588	0	E2	FF
9589	0	E2	FF
9590	0	E2	FF
9591	0	E2	FF
9592	0	E2	FF
9593	0	E2	FF
9594	0	E2	FF
9595	0	E2	FF
9596	0	E2	FF
9597	0	E2	FF
9598	0	E2	FF
9599	0	E2	FF
9600	0	E2	FF
9601	0	E2	FF
9602	0	E2	FF
9603	0	E2	FF
9604	0	E2	FF
9605	0	E2	FF
9606	0	E2	FF
9607	0	E2	FF
9608	0	E2	FF
9609	0	E2	FF
9610	0	E2	FF
9611	0	E2	FF
9612	0	E2	FF
9613	0	E2	FF
9614	0	E2	FF
9615	0	E2	FF
9616	0	E2	FF
9617	0	E2	FF
9618	0	E2	FF
9619	0	E2	FF
9620	0	E2	FF
9621	0	E2	FF
9622	0	E2	FF
9623	0	E2	FF
9624	0	E2	FF
9625	0	E2	FF
9626	0	E2	FF
9627	0	E2	FF
9628	0	E2	FF
9629	0	E2	FF
9630	0	E2	FF
9631	0	E2	FF
9632	0	E2	FF
9633	0	E2	FF
9634	0	E2	FF
9635	0	E2	FF
9636	0	E2	FF
9637	0	E2	FF
9638	0	E2	FF
9639	0	E2	FF
9640	0	E2	FF
9641	0	E2	FF
9642	0	E2	FF
9643	0	E2	FF
9644	0	E2	FF
9645	0	E2	FF
9646	0	E2	FF
9647	0	E2	FF
9648	0	E2	FF
9649	0	E2	FF
9650	0	E2	FF
9651	0	E2	FF
9652	0	E2	FF
9653	0	E2	FF
9654	0	E2	FF
9655	0	E2	FF
9656	0	E2	FF
9657	0	E2	FF
9658	0	E2	FF
9659	0	E2	FF
9660	0	E2	FF
9661	0	E2	FF
9662	0	E2	FF
9663	0	E2	FF
9664	0	E2	FF
9665	0	E2	FF
9666	0	E2	FF
9667	0	E2	FF
9668	0	E2	FF
9669	0	E2	FF
9670	0	E2	FF
9671	0	E2	FF
9672	0	E2	FF
9673	0	E2	FF
9674	0	E2	FF
9675	0	E2	FF
9676	0	E2	FF
9677	0	E2	FF
9678	0	E2	FF
9679	0	E2	FF
9680	0	E2	FF
9681	0	E2	FF
9682	0	E2	FF
9683	0	E2	FF
9684	0	E2	FF
9685	0	E2	FF
9686	0	E2	FF
9687	0	E2	FF
9688	0	E2	FF
9689	0	E2	FF
9690	0	E2	FF
9691	0	E2	FF
9692	0	E2	FF
9693	0	E2	FF
9694	0	E2	FF
9695	0	E2	FF
9696	0	E2	FF
9697	0	E2	FF
9698	0	E2	FF
9699	0	E2	FF
9700	0	E2	FF
9701	0	E2	FF
9702	0	E2	FF
9703	0	E2	FF
9704	0	E2	FF
9705	0	E2	FF
9706	0	E2	FF
9707	0	E2	FF
9708	0	E2	FF
9709	0	E2	FF
9710	0	E2	FF
9711	0	E2	FF
9712	0	E2	FF
9713	0	E2	FF
9714	0	E2	FF
9715	0	E2	FF
9716	0	E2	FF
9717	0	E2	FF
9718	0	E2	FF
9719	0	E2	FF
9720	0	E2	FF
9721	0	E2	FF
9722	0	E2	FF
9723	0	E2	FF
9724	0	E2	FF
9725	0	E2	FF
9726	0	E2	FF
9727	0	E2	FF
9728	0	E2	FF
9729	0	E2	FF
9730	0	E2	FF
9731	0	E2	FF
9732	0	E2	FF
9733	0	E2	FF
9734	0	E2	FF
9735	0	E2	FF
9736	0	E2	FF
9737	0	E2	FF
9738	0	E2	FF
9739	0	E2	FF
9740	0	E2	FF
9741	0	E2	FF
9742	0	E2	FF
9743	0	E2	FF
9744	0	E2	FF
9745	0	E2	FF
9746	0	E2	FF
9747	0	E2	FF
9748	0	E2	FF
9749	0	E2	FF
9750	0	E2	FF
9751	0	E2	FF
9752	0	E2	FF
9753	0	E2	FF
9754	0	E2	FF
9755	0	E2	FF
9756	0	E2	FF
9757	0	E2	FF
9758	0	E2	FF
9759	0	E2	FF
9760	0	E2	FF
9761	0	E2	FF
9762	0	E2	FF
9763	0	E2	FF
9764	0	E2	FF
9765	0	E2	FF
9766	0	E2	FF
9767	0	E2	FF
9768	0	E2	FF
9769	0	E2	FF
9770	0	E2	FF
9771	0	E2	FF
9772	0	E2	FF
9773	0	E2	FF
9774	0	E2	FF
9775	0	E2	FF
9776	0	E2	FF
9777	0	E2	FF
9778	0	E2	FF
9779	0	E2	FF
9780	0	E2	FF
9781	0	E2	FF
9782	0	E2	FF
9783	0	E2	FF
9784	0	E2	FF
9785	0	E2	FF
9786	0	E2	FF
9787	0	E2	FF
9788	0	E2	FF
9789	0	E2	FF
9790	0	E2	FF
9791	0	E2	FF
9792	0	E2	FF
9793	0	E2	FF
9794	0	E2	FF
9795	0	E2	FF
9796	0	E2	FF
9797	0	E2	FF
9798	0	E2	FF
9799	0	E2	FF
9800	0	E2	FF
9801	0	E2	FF
9802	0	E2	FF
9803	0	E2	FF
9804	0	E2	FF
9805	0	E2	FF
9806	0	E2	FF
9807	0	E2	FF
9808	0	E2	FF
9809	0	E2	FF
9810	0	E2	FF
9811	0	E2	FF
9812	0	E2	FF
9813	0	E2	FF
9814	0	E2	FF
9815	0	E2	FF
9816	0	E2	FF
9817	0	E2	FF
9818	0	E2	FF
9819	0	E2	FF
9820	0	E2	FF
9821	0	E2	FF
9822	0	E2	FF
9823	0	E2	FF
9824	0	E2	FF
9825	0	E2	FF
9826	0	E2	FF
9827	0	E2	FF
9828	0	E2	FF
9829	0	E2	FF
9830	0	E2	FF
9831	0	E2	FF
9832	0	E2	FF
9833	0	E2	FF
9834	0	E2	FF
9835	0	E2	FF
9836	0	E2	FF
9837	0	E2	FF
9838	0	E2	FF
9839	0	E2	FF
9840	0	E2	FF
9841	0	E2	FF
9842	0	E2	FF
9843	0	E2	FF
9844	0	E2	FF
9845	0	E2	FF
9846	0	E2	FF
9847	0	E2	FF
9848	0	E2	FF
9849	0	E2	FF
9850	0	E2	FF
9851	0	E2	FF
9852	0	E2	FF
9853	0	E2	FF
9854	0	E2	FF
9855	0	E2	FF
9856	0	E2	FF
9857	0	E2	FF
9858	0	E2	FF
9859	0	E2	FF
9860	0	E2	FF
9861	0	E2	FF
9862	0	E2	FF
9863	0	E2	FF
9864	0	E2	FF
9865	0	E2	FF
9866	0	E2	FF
9867	0	E2	FF
9868	0	E2	FF
9869	0	E2	FF
9870	0	E2	FF
9871	0	E2	FF
9872	0	E2	FF
9873	0	E2	FF
9874	0	E2	FF
9875	0	E2	FF
9876	0	E2	FF
9877	0	E2	FF
9878	0	E2	FF
9879	0	E2	FF
9880	0	E2	FF
9881	0	E2	FF
9882	0	E2	FF
9883	0	E2	FF
9884	0	E2	FF
9885	0	E2	FF
9886	0	E2	FF
9887	0	E2	FF
9888	0	E2	FF
9889	0	E2	FF
9890	0	E2	FF
9891	0	E2	FF
9892	0	E2	FF
9893	0	E2	FF
9894	0	E2	FF
9895	0	E2	FF
9896	0	E2	FF
9897	0	E2	FF
9898	0	E2	FF
9899	0	E2	FF
9900	0	E2	FF
9901	0	E2	FF
9902	0	E2	FF
9903	0	E2	FF
9904	0	E2	FF
9905	0	E2	FF
9906	0	E2	FF
9907	0	E2	FF
9908	0	E2	FF
9909	0	E2	FF
9910	0	E2	FF
9911	0	E2	FF
9912	0	E2	FF
9913	0	E2	FF
9914	0	E2	FF
9915	0	E2	FF
9916	0	E2	FF
9917	0	E2	FF
9918	0	E2	FF
9919	0	E2	FF
9920	0	E2	FF
9921	0	E2	FF
9922	0	E2	FF
9923	0	E2	FF
9924	0	E2	FF
9925	0	E2	FF
9926	0	E2	FF
9927	0	E2	FF
9928	0	E2	FF
9929	0	E2	FF
9930	0	E2	FF
9931	0	E2	FF
9932	0	E2	FF
9933	0	E2	FF
9934	0	E2	FF
9935	0	E2	FF
9936	0	E2	FF
9937	0	E2	FF
9938	0	E2	FF
9939	0	E2	FF
9940	0	E2	FF
9941	0	E2	FF
9942	0	E2	FF
9943	0	E2	FF
9944	0	E2	FF
9945	0	E2	FF
9946	0	E2	FF
9947	0	E2	FF
9948	0	E2	FF
9949	0	E2	FF
9950	0	E2	FF
9951	0	E2	FF
9952	0	E2	FF
9953	0	E2	FF
9954	0	E2	FF
9955	0	E2	FF
9956	0	E2	FF
9957	0	E2	FF
9958	0	E2	FF
9959	0	E2	FF
9960	0	E2	FF
9961	0	E2	FF
9962	0	E2	FF
9963	0	E2	FF
9964	0	E2	FF
9965	0	E2	FF
9966	0	E2	FF
9967	0	E2	FF
9968	0	E2	FF
9969	0	E2	FF
9970	0	E2	FF
9971	0	E2	FF
9972	0	E2	FF
9973	0	E2	FF
9974	0	E2	FF
9975	0	E2	FF
9976	0	E2	FF
9977	0	E2	FF
9978	0	E2	FF
9979	0	E2	FF
9980	0	E2	FF
9981	0	E2	FF
9982	0	E2	FF
9983	0	E2	FF
9984	0	E2	FF
9985	0	E2	FF
9986	0	E2	FF
9987	0	E2	FF
9988	0	E2	FF
9989	0	E2	FF
9990	0	E2	FF
9991	0	E2	FF
9992	0	E2	FF
9993	0	E2	FF
9994	0	E2	FF
9995	0	E2	FF
9996	0	E2	FF
9997	0	E2	FF
9998	0	E2	FF
9999	0	E2	FF
10000	0	E2	FF
