frame	crossing	r0	top_r1	split_r1	r5
6750	10	FC	E2	E2	0A
6751	10	FC	E2	E2	0A
6752	10	FC	E2	E2	0A
6753	10	FC	E2	E2	0A
6754	10	FC	E2	E2	0A
6755	10	FC	E2	E2	0A
6756	10	FC	E2	E2	0A
6757	10	FC	E2	E2	0A
6758	10	FC	E2	E2	0A
6759	10	FC	E2	E2	0A
6760	10	FC	E2	E2	0A
6761	10	FC	E2	E2	0A
6762	10	FC	E2	E2	0A
6763	10	FC	E2	E2	0A
6764	10	FC	E2	E2	0A
6765	10	FC	E2	E2	0A
6766	10	FC	E2	E2	0A
6767	10	FC	E2	E2	0A
6768	10	FC	E2	E2	0A
6769	10	FC	E2	E2	0A
6770	10	FC	E2	E2	0A
6771	10	FC	E2	E2	0A
6772	10	FC	E2	E2	0A
6773	10	FC	E2	E2	0A
6774	10	FC	E2	E2	0A
6775	10	FC	E2	E2	0A
6776	10	FC	E2	E2	0A
6777	10	FC	E2	E2	0A
6778	10	FC	E2	E2	0A
6779	10	FC	E2	E2	0A
6780	10	FC	E2	E2	0A
6781	10	FC	E2	E2	0A
6782	10	FC	E2	E2	0A
6783	10	FC	E2	E2	0A
6784	10	FC	E2	E2	0A
6785	10	FC	E2	E2	0A
6786	10	FC	E2	E2	0A
6787	10	FC	E2	E2	0A
6788	10	FC	E2	E2	0A
6789	16	FC	E2	E2	0A
6790	16	FC	E2	E2	0A
6791	16	FC	E2	E2	0A
6792	16	FC	E2	E2	0A
6793	16	FC	E2	E2	0A
6794	16	FC	E2	E2	0A
6795	16	FC	E2	E2	0A
6796	16	FC	E2	E2	0A
6797	16	FC	E2	E2	0A
6798	16	FC	E2	E2	0A
6799	16	FC	E2	E2	0A
6800	16	FC	E2	E2	0A
6801	16	FC	E2	E2	0A
6802	16	FC	E2	E2	0A
6803	16	FC	E2	E2	0A
6804	16	FC	E2	E2	0A
6805	16	FC	E2	E2	0A
6806	16	FC	E2	E2	0A
6807	16	FC	E2	E2	0A
6808	16	FC	E2	E2	0A
6809	16	FC	E2	E2	0A
6810	16	FC	E2	E2	0A
6811	16	FC	E2	E2	0A
6812	16	FC	E2	E2	0A
6813	16	FC	E2	E2	0A
6814	16	FC	E2	E2	0A
6815	16	FC	E2	E2	0A
6816	16	FC	E2	E2	0A
6817	16	FC	E2	E2	0A
6818	16	FC	E2	E2	0A
6819	16	FC	E2	E2	0A
6820	16	FC	E2	E2	0A
6821	16	FC	E2	E2	0A
6822	16	FC	E2	E2	0A
6823	16	FC	E2	E2	0A
6824	16	FC	E2	E2	0A
6825	16	FC	E2	E2	0A
6826	16	FC	E2	E2	0A
6827	16	FC	E2	E2	0A
6828	16	FC	E2	E2	0A
6829	16	FC	E2	E2	0A
6830	16	FC	E2	E2	0A
6831	16	FC	E2	E2	0A
6832	16	FC	E2	E2	0A
6833	16	FC	E2	E2	0A
6834	16	FC	E2	E2	0A
6835	16	FC	E2	E2	0A
6836	16	FC	E2	E2	0A
6837	16	FC	E2	E2	0A
6838	16	FC	E2	E2	0A
6839	16	FC	E2	E2	0A
6840	16	FC	E2	E2	0A
6841	16	FC	E2	E2	0A
6842	16	FC	E2	E2	0A
6843	16	FC	E2	E2	0A
6844	16	FC	E2	E2	0A
6845	16	FC	E2	E2	0A
6846	16	FC	E2	E2	0A
6847	16	FC	E2	E2	0A
6848	16	FC	E2	E2	0A
6849	16	FC	E2	E2	0A
6850	16	FC	E2	E2	0A
6851	16	FC	E2	E2	0A
6852	16	FC	E2	E2	0A
6853	16	FC	E2	E2	0A
6854	16	FC	E2	E2	0A
6855	16	FC	E2	E2	0A
6856	16	FC	E2	E2	0A
6857	16	FC	E2	E2	0A
6858	16	FC	E2	E2	0A
6859	16	FC	E2	E2	14
6860	16	FC	E2	E2	14
6861	16	FC	E2	E2	14
6862	16	FC	E2	E2	14
6863	16	FC	E2	E2	14
6864	16	FC	E2	E2	14
6865	16	FC	E2	E2	14
6866	16	FC	E2	E2	14
6867	0	FC	E2	14	14
6868	0	FC	E2	14	14
6869	0	FC	E2	14	14
6870	0	FC	E2	14	14
6871	0	FC	E2	14	14
6872	0	FC	E2	14	14
6873	0	FC	E2	14	14
6874	0	FC	E2	14	14
6875	0	FC	E2	14	14
6876	0	FC	E2	14	14
6877	0	FC	E2	14	14
6878	0	FC	E2	14	14
6879	0	FC	E2	14	14
6880	0	FC	E2	14	14
6881	0	FC	E2	14	14
6882	0	FC	E2	14	14
6883	0	FC	E2	14	14
6884	0	FC	E2	14	14
6885	0	FC	E2	14	14
6886	0	FC	E2	14	14
6887	0	FC	E2	14	14
6888	0	FC	E2	14	14
6889	0	FC	E2	14	14
6890	0	FC	E2	14	14
6891	0	FC	E2	14	14
6892	0	FC	E2	14	14
6893	0	FC	E2	14	14
6894	0	FC	E2	14	14
6895	0	FC	E2	14	14
6896	0	FC	E2	14	14
6897	0	FC	E2	14	14
6898	0	FC	E2	14	14
6899	0	FC	E2	14	14
6900	0	FC	E2	14	14
6901	0	FC	E2	14	14
6902	0	FC	E2	14	14
6903	0	FC	E2	14	14
6904	0	FC	E2	14	14
6905	0	FC	E2	14	14
6906	0	FC	E2	14	14
6907	0	FC	E2	14	14
6908	0	FC	E2	14	14
6909	0	FC	E2	14	14
6910	0	FC	E2	14	14
6911	0	FC	E2	14	14
6912	0	FC	E2	14	14
6913	0	FC	E2	14	14
6914	0	FC	E2	14	14
6915	0	FC	E2	14	14
6916	0	FC	E2	14	14
6917	0	FC	E2	14	14
6918	0	FC	E2	14	14
6919	0	FC	E2	14	14
6920	0	FC	E2	14	14
6921	0	FC	E2	14	14
6922	0	FC	E2	14	14
6923	0	FC	E2	14	14
6924	0	FC	E2	14	14
6925	0	FC	E2	14	14
6926	0	FC	E2	14	14
6927	0	FC	E2	14	14
6928	0	FC	E2	14	14
6929	0	FC	E2	14	14
6930	0	FC	E2	14	14
6931	0	FC	E2	14	14
6932	0	FC	E2	14	14
6933	0	FC	E2	14	14
6934	0	FC	E2	14	14
6935	0	FC	E2	14	14
6936	0	FC	E2	14	14
6937	0	FC	E2	14	14
6938	0	FC	E2	14	14
6939	0	FC	E2	14	14
6940	0	FC	E2	14	14
6941	0	FC	E2	14	14
6942	0	FC	E2	14	14
6943	0	FC	E2	14	14
6944	0	FC	E2	14	14
6945	0	FC	E2	14	14
6946	0	FC	E2	14	14
6947	0	FC	E2	14	14
6948	0	FC	E2	14	14
6949	0	FC	E2	14	14
6950	0	FC	E2	14	14
6951	0	FC	E2	14	14
6952	0	FC	E2	14	14
6953	0	FC	E2	14	14
6954	0	FC	E2	14	14
6955	0	FC	E2	14	14
6956	0	FC	E2	14	14
6957	0	FC	E2	14	14
6958	0	FC	E2	14	14
6959	0	FC	E2	14	14
6960	0	FC	E2	14	14
6961	0	FC	E2	14	14
6962	0	FC	E2	14	14
6963	0	FC	E2	14	14
6964	0	FC	E2	14	14
6965	0	FC	E2	14	14
6966	0	FC	E2	14	14
6967	0	FC	E2	14	14
6968	0	FC	E2	14	14
6969	0	FC	E2	14	14
6970	0	FC	E2	14	14
6971	0	FC	E2	14	14
6972	0	FC	E2	14	14
6973	0	FC	E2	14	14
6974	0	FC	E2	14	14
6975	0	FC	E2	14	14
6976	0	FC	E2	14	14
6977	0	FC	E2	14	14
6978	0	FC	E2	14	14
6979	0	FC	E2	14	14
6980	0	FC	E2	14	14
6981	0	FC	E2	14	14
6982	0	FC	E2	14	14
6983	0	FC	E2	14	14
6984	0	FC	E2	14	14
6985	0	FC	E2	14	14
6986	0	FC	E2	14	14
6987	0	FC	E2	14	14
6988	0	FC	E2	14	14
6989	0	FC	E2	14	14
6990	0	FC	E2	14	14
6991	0	FC	E2	14	14
6992	0	FC	E2	14	14
6993	0	FC	E2	14	14
6994	0	FC	E2	14	14
6995	0	FC	E2	14	14
6996	0	FC	E2	14	14
6997	0	FC	E2	14	14
6998	0	FC	E2	14	14
6999	0	FC	E2	14	14
7000	0	FC	E2	14	14
7001	0	FC	E2	14	14
7002	0	FC	E2	14	14
7003	0	FC	E2	14	14
7004	0	FC	E2	14	14
7005	0	FC	E2	14	14
7006	0	FC	E2	14	14
7007	0	FC	E2	14	14
7008	0	FC	E2	14	14
7009	0	FC	E2	14	14
7010	0	FC	E2	14	14
7011	0	FC	E2	14	14
7012	0	FC	E2	14	14
7013	0	FC	E2	14	14
7014	0	FC	E2	14	14
7015	0	FC	E2	14	14
7016	0	FC	E2	14	14
7017	0	FC	E2	14	14
7018	0	FC	E2	14	14
7019	0	FC	E2	14	14
7020	0	FC	E2	14	14
7021	0	FC	E2	14	14
7022	0	FC	E2	14	14
7023	0	FC	E2	14	14
7024	0	FC	E2	14	14
7025	0	FC	E2	14	14
7026	0	FC	E2	14	14
7027	0	FC	E2	14	14
7028	0	FC	E2	14	14
7029	0	FC	E2	14	14
7030	0	FC	E2	14	14
7031	0	FC	E2	14	14
7032	0	FC	E2	14	14
7033	0	FC	E2	14	14
7034	0	FC	E2	14	14
7035	0	FC	E2	14	14
7036	0	FC	E2	14	14
7037	0	FC	E2	14	14
7038	0	FC	E2	14	14
7039	0	FC	E2	14	14
7040	0	FC	E2	14	14
7041	0	FC	E2	14	14
7042	0	FC	E2	14	14
7043	0	FC	E2	14	14
7044	0	FC	E2	14	14
7045	0	FC	E2	14	14
7046	0	FC	E2	14	14
7047	0	FC	E2	14	14
7048	0	FC	E2	14	14
7049	0	FC	E2	14	14
7050	0	FC	E2	14	14
7051	0	FC	E2	14	14
7052	0	FC	E2	14	14
7053	0	FC	E2	14	14
7054	0	FC	E2	14	14
7055	0	FC	E2	14	14
7056	0	FC	E2	14	14
7057	0	FC	E2	14	14
7058	0	FC	E2	14	14
7059	0	FC	E2	14	14
7060	0	FC	E2	14	14
7061	0	FC	E2	14	14
7062	0	FC	E2	14	14
7063	0	FC	E2	14	14
7064	0	FC	E2	14	14
7065	0	FC	E2	14	14
7066	0	FC	E2	14	14
7067	0	FC	E2	14	14
7068	0	FC	E2	14	14
7069	0	FC	E2	14	14
7070	0	FC	E2	14	14
7071	0	FC	E2	14	14
7072	0	FC	E2	14	14
7073	0	FC	E2	14	14
7074	0	FC	E2	14	14
7075	0	FC	E2	14	14
7076	0	FC	E2	14	14
7077	0	FC	E2	14	14
7078	0	FC	E2	14	14
7079	0	FC	E2	14	14
7080	0	FC	E2	14	14
7081	0	FC	E2	14	14
7082	0	FC	E2	14	14
7083	0	FC	E2	14	14
7084	0	FC	E2	14	14
7085	0	FC	E2	14	14
7086	0	FC	E2	14	14
7087	0	FC	E2	14	14
7088	0	FC	E2	14	14
7089	0	FC	E2	14	14
7090	0	FC	E2	14	14
7091	0	FC	E2	14	14
7092	0	FC	E2	14	14
7093	0	FC	E2	14	14
7094	0	FC	E2	14	14
7095	0	FC	E2	14	14
7096	0	FC	E2	14	14
7097	0	FC	E2	14	14
7098	0	FC	E2	14	14
7099	0	FC	E2	14	14
7100	0	FC	E2	14	14
7101	0	FC	E2	14	14
7102	0	FC	E2	14	14
7103	0	FC	E2	14	14
7104	0	FC	E2	14	14
7105	0	FC	E2	14	14
7106	0	FC	E2	14	14
7107	0	FC	E2	14	14
7108	0	FC	E2	14	14
7109	0	FC	E2	14	14
7110	0	FC	E2	14	14
7111	0	FC	E2	14	14
7112	0	FC	E2	14	14
7113	0	FC	E2	14	14
7114	0	FC	E2	14	14
7115	0	FC	E2	14	14
7116	0	FC	E2	14	14
7117	0	FC	E2	14	14
7118	0	FC	E2	14	14
7119	0	FC	E2	14	14
7120	0	FC	E2	14	14
7121	0	FC	E2	14	14
7122	0	FC	E2	14	14
7123	0	FC	E2	14	14
7124	0	FC	E2	14	14
7125	0	FC	E2	14	14
7126	0	FC	E2	14	14
7127	0	FC	E2	14	14
7128	0	FC	E2	14	14
7129	0	FC	E2	14	14
7130	0	FC	E2	14	14
7131	0	FC	E2	14	14
7132	0	FC	E2	14	14
7133	0	FC	E2	14	14
7134	0	FC	E2	14	14
7135	0	FC	E2	14	14
7136	0	FC	E2	14	14
7137	0	FC	E2	14	14
7138	0	FC	E2	14	14
7139	0	FC	E2	14	14
7140	0	FC	E2	14	14
7141	0	FC	E2	14	14
7142	0	FC	E2	14	14
7143	0	FC	E2	14	14
7144	0	FC	E2	14	14
7145	0	FC	E2	14	14
7146	0	FC	E2	14	14
7147	0	FC	E2	14	14
7148	0	FC	E2	14	14
7149	0	FC	E2	14	14
7150	0	FC	E2	14	14
7151	0	FC	E2	14	14
7152	0	FC	E2	14	14
7153	0	FC	E2	14	14
7154	0	FC	E2	14	14
7155	0	FC	E2	14	14
7156	0	FC	E2	14	14
7157	0	FC	E2	14	14
7158	0	FC	E2	14	14
7159	0	FC	E2	14	14
7160	0	FC	E2	14	14
7161	0	FC	E2	14	14
7162	0	FC	E2	14	14
7163	0	FC	E2	14	14
7164	0	FC	E2	14	14
7165	0	FC	E2	14	14
7166	0	FC	E2	14	14
7167	0	FC	E2	14	14
7168	0	FC	E2	14	14
7169	0	FC	E2	14	14
7170	0	FC	E2	14	14
7171	0	FC	E2	14	14
7172	0	FC	E2	14	14
7173	0	FC	E2	14	14
7174	0	FC	E2	14	14
7175	0	FC	E2	14	14
7176	0	FC	E2	14	14
7177	0	FC	E2	14	14
7178	0	FC	E2	14	14
7179	0	FC	E2	14	14
7180	0	FC	E2	14	14
7181	0	FC	E2	14	14
7182	0	FC	E2	14	14
7183	0	FC	E2	14	14
7184	0	FC	E2	14	14
7185	0	FC	E2	14	14
7186	0	FC	E2	14	14
7187	0	FC	E2	14	14
7188	0	FC	E2	0A	0A
7189	0	FC	E2	0A	0A
7190	0	FC	E2	0A	0A
7191	0	FC	E2	0A	0A
7192	0	FC	E2	0A	0A
7193	0	FC	E2	0A	0A
7194	0	FC	E2	0A	0A
7195	0	FC	E2	0A	0A
7196	0	FC	E2	0A	0A
7197	0	FC	E2	0A	0A
7198	0	FC	E2	0A	0A
7199	0	FC	E2	0A	0A
7200	0	FC	E2	0A	0A
7201	0	FC	E2	0A	0A
7202	0	FC	E2	0A	0A
7203	0	FC	E2	0A	0A
7204	0	FC	E2	0A	0A
7205	0	FC	E2	0A	0A
7206	0	FC	E2	0A	0A
7207	0	FC	E2	0A	0A
7208	0	FC	E2	0A	0A
7209	0	FC	E2	0A	0A
7210	0	FC	E2	0A	0A
7211	0	FC	E2	0A	0A
7212	0	FC	E2	0A	0A
7213	0	FC	E2	0A	0A
7214	0	FC	E2	0A	0A
7215	0	FC	E2	0A	0A
7216	0	FC	E2	0A	0A
7217	0	FC	E2	0A	0A
7218	0	FC	E2	0A	0A
7219	0	FC	E2	0A	0A
7220	0	FC	E2	0A	0A
7221	0	FC	E2	0A	0A
7222	0	FC	E2	0A	0A
7223	0	FC	E2	0A	0A
7224	0	FC	E2	0A	0A
7225	0	FC	E2	0A	0A
7226	0	FC	E2	0A	0A
7227	0	FC	E2	0A	0A
7228	0	FC	E2	0A	0A
7229	0	FC	E2	0A	0A
7230	0	FC	E2	0A	0A
7231	0	FC	E2	0A	0A
7232	0	FC	E2	0A	0A
7233	0	FC	E2	0A	0A
7234	0	FC	E2	0A	0A
7235	0	FC	E2	0A	0A
7236	0	FC	E2	0A	0A
7237	0	FC	E2	0A	0A
7238	0	FC	E2	0A	0A
7239	0	FC	E2	0A	0A
7240	0	FC	E2	0A	0A
7241	0	FC	E2	0A	0A
7242	0	FC	E2	0A	0A
7243	0	FC	E2	0A	0A
7244	0	FC	E2	0A	0A
7245	0	FC	E2	0A	0A
7246	0	FC	E2	0A	0A
7247	0	FC	E2	0A	0A
7248	0	FC	E2	0A	0A
7249	0	FC	E2	0A	0A
7250	0	FC	E2	0A	0A
7251	0	FC	E2	0A	0A
7252	0	FC	E2	0A	0A
7253	0	FC	E2	0A	0A
7254	0	FC	E2	0A	0A
7255	0	FC	E2	0A	0A
7256	0	FC	E2	0A	0A
7257	0	FC	E2	0A	0A
7258	0	FC	E2	0A	0A
7259	0	FC	E2	0A	0A
7260	0	FC	E2	0A	0A
7261	0	FC	E2	0A	0A
7262	0	FC	E2	0A	0A
7263	0	FC	E2	0A	0A
7264	0	FC	E2	0A	0A
7265	0	FC	E2	0A	0A
7266	0	FC	E2	0A	0A
7267	0	FC	E2	0A	0A
7268	0	FC	E2	0A	0A
7269	0	FC	E2	0A	0A
7270	0	FC	E2	0A	0A
7271	0	FC	E2	0A	0A
7272	0	FC	E2	0A	0A
7273	0	FC	E2	0A	0A
7274	0	FC	E2	0A	0A
7275	0	FC	E2	0A	0A
7276	0	FC	E2	0A	0A
7277	0	FC	E2	0A	0A
7278	0	FC	E2	0A	0A
7279	0	FC	E2	0A	0A
7280	0	FC	E2	0A	0A
7281	0	FC	E2	0A	0A
7282	0	FC	E2	0A	0A
7283	0	FC	E2	0A	0A
7284	0	FC	E2	0A	0A
7285	0	FC	E2	0A	0A
7286	0	FC	E2	0A	0A
7287	0	FC	E2	0A	0A
7288	0	FC	E2	0A	0A
7289	0	FC	E2	0A	0A
7290	0	FC	E2	0A	0A
7291	0	FC	E2	0A	0A
7292	0	FC	E2	0A	0A
7293	0	FC	E2	0A	0A
7294	0	FC	E2	0A	0A
7295	0	FC	E2	0A	0A
7296	0	FC	E2	0A	0A
7297	0	FC	E2	0A	0A
7298	0	FC	E2	0A	0A
7299	0	FC	E2	0A	0A
7300	0	FC	E2	0A	0A
7301	0	FC	E2	0A	0A
7302	0	FC	E2	0A	0A
7303	0	FC	E2	0A	0A
7304	0	FC	E2	0A	0A
7305	0	FC	E2	0A	0A
7306	0	FC	E2	0A	0A
7307	0	FC	E2	0A	0A
7308	0	FC	E2	0A	0A
7309	0	FC	E2	0A	0A
7310	0	FC	E2	0A	0A
7311	0	FC	E2	0A	0A
7312	0	FC	E2	0A	0A
7313	0	FC	E2	0A	0A
7314	0	FC	E2	0A	0A
7315	0	FC	E2	0A	0A
7316	0	FC	E2	0A	0A
7317	0	FC	E2	0A	0A
7318	0	FC	E2	0A	0A
7319	0	FC	E2	0A	0A
7320	0	FC	E2	0A	0A
7321	0	FC	E2	0A	0A
7322	0	FC	E2	0A	0A
7323	0	FC	E2	0A	0A
7324	0	FC	E2	0A	0A
7325	0	FC	E2	0A	0A
7326	0	FC	E2	0A	0A
7327	0	FC	E2	0A	0A
7328	0	FC	E2	0A	0A
7329	0	FC	E2	0A	0A
7330	0	FC	E2	0A	0A
7331	0	FC	E2	0A	0A
7332	0	FC	E2	0A	0A
7333	0	FC	E2	0A	0A
7334	0	FC	E2	0A	0A
7335	0	FC	E2	0A	0A
7336	0	FC	E2	0A	0A
7337	0	FC	E2	0A	0A
7338	0	FC	E2	0A	0A
7339	0	FC	E2	0A	0A
7340	0	FC	E2	0A	0A
7341	0	FC	E2	0A	0A
7342	0	FC	E2	0A	0A
7343	0	FC	E2	0A	0A
7344	0	FC	E2	0A	0A
7345	0	FC	E2	0A	0A
7346	0	FC	E2	0A	0A
7347	0	FC	E2	0A	0A
7348	0	FC	E2	0A	0A
7349	0	FC	E2	0A	0A
7350	0	FC	E2	0A	0A
7351	0	FC	E2	0A	0A
7352	0	FC	E2	0A	0A
7353	0	FC	E2	0A	0A
7354	0	FC	E2	0A	0A
7355	0	FC	E2	0A	0A
7356	0	FC	E2	0A	0A
7357	0	FC	E2	0A	0A
7358	0	FC	E2	0A	0A
7359	0	FC	E2	0A	0A
7360	0	FC	E2	0A	0A
7361	0	FC	E2	0A	0A
7362	0	FC	E2	0A	0A
7363	0	FC	E2	0A	0A
7364	0	FC	E2	0A	0A
7365	0	FC	E2	0A	0A
7366	0	FC	E2	0A	0A
7367	0	FC	E2	0A	0A
7368	0	FC	E2	0A	0A
7369	0	FC	E2	0A	0A
7370	0	FC	E2	0A	0A
7371	0	FC	E2	0A	0A
7372	0	FC	E2	0A	0A
7373	0	FC	E2	0A	0A
7374	0	FC	E2	0A	0A
7375	0	FC	E2	0A	0A
7376	0	FC	E2	0A	0A
7377	0	FC	E2	0A	0A
7378	0	FC	E2	0A	0A
7379	0	FC	E2	0A	0A
7380	0	FC	E2	0A	0A
7381	0	FC	E2	0A	0A
7382	0	FC	E2	0A	0A
7383	0	FC	E2	0A	0A
7384	0	FC	E2	0A	0A
7385	0	FC	E2	0A	0A
7386	0	FC	E2	0A	0A
7387	0	FC	E2	0A	0A
7388	0	FC	E2	0A	0A
7389	0	FC	E2	0A	0A
7390	0	FC	E2	0A	0A
7391	0	FC	E2	0A	0A
7392	0	FC	E2	0A	0A
7393	0	FC	E2	0A	0A
7394	0	FC	E2	0A	0A
7395	0	FC	E2	0A	0A
7396	0	FC	E2	0A	0A
7397	0	FC	E2	0A	0A
7398	0	FC	E2	0A	0A
7399	0	FC	E2	0A	0A
7400	0	FC	E2	0A	0A
