load	true	nil
inject	R0=FC	R2=00	R3=01
active_return	R0=FC	R2=FC	R3=FD
restore_return	R0=FC	R2=00	R3=01
restore_return	R0=FC	R2=00	R3=01
restore_return	R0=FC	R2=00	R3=01
restore_return	R0=FC	R2=00	R3=01
restore_return	R0=FC	R2=00	R3=01
restore_return	R0=FC	R2=00	R3=01
restore_return	R0=FC	R2=00	R3=01
restore_return	R0=FC	R2=00	R3=01
restore_return	R0=FC	R2=00	R3=01
restore_return	R0=FC	R2=00	R3=01
restore_return	R0=FC	R2=00	R3=01
restore_return	R0=FC	R2=00	R3=01
restore_return	R0=FC	R2=00	R3=01
restore_return	R0=FC	R2=00	R3=01
restore_return	R0=FC	R2=00	R3=01
restore_return	R0=FC	R2=00	R3=01
restore_return	R0=FC	R2=00	R3=01
restore_return	R0=FC	R2=00	R3=01
restore_return	R0=FC	R2=00	R3=01
restore_return	R0=FC	R2=00	R3=01
restore_return	R0=FC	R2=00	R3=01
restore_return	R0=FC	R2=00	R3=01
restore_return	R0=FC	R2=00	R3=01
restore_return	R0=FC	R2=00	R3=01
restore_return	R0=FC	R2=00	R3=01
restore_return	R0=FC	R2=00	R3=01
restore_return	R0=FC	R2=00	R3=01
restore_return	R0=FC	R2=00	R3=01
restore_return	R0=FC	R2=00	R3=01
restore_return	R0=FC	R2=00	R3=01
restore_return	R0=FC	R2=00	R3=01
restore_return	R0=FC	R2=00	R3=01
restore_return	R0=FC	R2=00	R3=01
restore_return	R0=FC	R2=00	R3=01
restore_return	R0=FC	R2=00	R3=01
restore_return	R0=FC	R2=00	R3=01
restore_return	R0=FC	R2=00	R3=01
restore_return	R0=FC	R2=00	R3=01
restore_return	R0=FC	R2=00	R3=01
restore_return	R0=FC	R2=00	R3=01
restore_return	R0=FC	R2=00	R3=01
restore_return	R0=FC	R2=00	R3=01
restore_return	R0=FC	R2=00	R3=01
restore_return	R0=FC	R2=00	R3=01
restore_return	R0=FC	R2=00	R3=01
restore_return	R0=FC	R2=00	R3=01
restore_return	R0=FC	R2=00	R3=01
restore_return	R0=FC	R2=00	R3=01
restore_return	R0=FC	R2=00	R3=01
restore_return	R0=FC	R2=00	R3=01
restore_return	R0=FC	R2=00	R3=01
restore_return	R0=FC	R2=00	R3=01
restore_return	R0=FC	R2=00	R3=01
restore_return	R0=FC	R2=00	R3=01
restore_return	R0=FC	R2=00	R3=01
restore_return	R0=FC	R2=00	R3=01
restore_return	R0=FC	R2=00	R3=01
restore_return	R0=FC	R2=00	R3=01
restore_return	R0=FC	R2=00	R3=01
restore_return	R0=FC	R2=00	R3=01
restore_return	R0=FC	R2=00	R3=01
restore_return	R0=FC	R2=00	R3=01
restore_return	R0=FC	R2=00	R3=01
restore_return	R0=FC	R2=00	R3=01
restore_return	R0=FC	R2=00	R3=01
restore_return	R0=FC	R2=00	R3=01
restore_return	R0=FC	R2=00	R3=01
restore_return	R0=FC	R2=00	R3=01
restore_return	R0=FC	R2=00	R3=01
restore_return	R0=FC	R2=00	R3=01
restore_return	R0=FC	R2=00	R3=01
restore_return	R0=FC	R2=00	R3=01
restore_return	R0=FC	R2=00	R3=01
restore_return	R0=FC	R2=00	R3=01
restore_return	R0=FC	R2=00	R3=01
restore_return	R0=FC	R2=00	R3=01
restore_return	R0=FC	R2=00	R3=01
restore_return	R0=FC	R2=00	R3=01
restore_return	R0=FC	R2=00	R3=01
restore_return	R0=FC	R2=00	R3=01
restore_return	R0=FC	R2=00	R3=01
restore_return	R0=FC	R2=00	R3=01
restore_return	R0=FC	R2=00	R3=01
restore_return	R0=FC	R2=00	R3=01
restore_return	R0=FC	R2=00	R3=01
restore_return	R0=FC	R2=00	R3=01
restore_return	R0=FC	R2=00	R3=01
restore_return	R0=FC	R2=00	R3=01
restore_return	R0=FC	R2=00	R3=01
restore_return	R0=FC	R2=00	R3=01
restore_return	R0=FC	R2=00	R3=01
restore_return	R0=FC	R2=00	R3=01
restore_return	R0=FC	R2=00	R3=01
restore_return	R0=FC	R2=00	R3=01
restore_return	R0=FC	R2=00	R3=01
restore_return	R0=FC	R2=00	R3=01
restore_return	R0=FC	R2=00	R3=01
restore_return	R0=FC	R2=00	R3=01
restore_return	R0=FC	R2=00	R3=01
restore_return	R0=FC	R2=00	R3=01
restore_return	R0=FC	R2=00	R3=01
restore_return	R0=FC	R2=00	R3=01
restore_return	R0=FC	R2=00	R3=01
restore_return	R0=FC	R2=00	R3=01
restore_return	R0=FC	R2=00	R3=01
restore_return	R0=FC	R2=00	R3=01
restore_return	R0=FC	R2=00	R3=01
restore_return	R0=FC	R2=00	R3=01
restore_return	R0=FC	R2=00	R3=01
restore_return	R0=FC	R2=00	R3=01
restore_return	R0=FC	R2=00	R3=01
restore_return	R0=FC	R2=00	R3=01
restore_return	R0=FC	R2=00	R3=01
restore_return	R0=FC	R2=00	R3=01
restore_return	R0=FC	R2=00	R3=01
restore_return	R0=FC	R2=00	R3=01
restore_return	R0=FC	R2=00	R3=01
restore_return	R0=FC	R2=00	R3=01
summary	active=1	restore=118
