"RelativePath","Bytes","SHA256"
".gitignore","74","C124716B7FB21C7EAF5EB262733B999AE9EF45F0DA496BE2E893EBCA0474B56E"
"更新文件清单.ps1","1250","F8CA381907BD29BA448EFD91B53E1380D1E3614548EF1BC337845D7BB5123EB5"
"交接文档.md","14792","46DA9BA8AE07DA57A1B2A6A18DE6EC069655A455C2D646DE2E4BF585053AF16D"
"历史方案报告\Dark Knight_原驱动实验报告.json","3636","C09E607542B2701AB48C0C67BE8D684F2DB81212CC5E5E6541C4C393084412C2"
"历史方案报告\DC_双引擎_三首新曲_容量报告.json","3679","310C05B8EBA370C3614E6DCC57707AA9B168893D5A13A35AA2FA8D7CCEE1A6CB"
"历史方案报告\DC_双引擎_三首新曲_验证记录.md","4169","28C6D4693F9B8F9EAF1191E997A47BA63C2ABF1D4C365FE12E3D8A83D92D7EEF"
"历史方案报告\DC_FamiStudio_全量RAM与数据审计.json","7441","A43FFAD9E4686D0C0CA5B95F8572DBB2C3BBFC301C779213C8EB09494C24A3FD"
"历史方案报告\DC_FamiStudio_全量RAM与数据审计.md","2076","232897E157B13EA385D6E8C3308107DD16DB3DE16DC30EA7C50F47A88A3BF067"
"历史方案报告\DC_FamiStudio_全音频替换_容量报告.json","6232","78E1A7C42642E8B9BA7F8872B2B4888E75A4B7D70B5ACE8EA6EA379FE076D007"
"历史方案报告\DC_FamiStudio_全音频替换_验证记录.md","4082","7991495696C73D4F687CF3E5F66722CC5F17D983DC44B7A200D033DB15F93195"
"启动DC修改器.bat","390","6423FA15F600A0F6A7730E18EDD5EF6EEE134247837878582B2D0A5B6C477676"
"验证工具\Mesen-0.9.9\Debugger\DC_kuorong.cdl","1310720","C8D49BDB0C6861185571E8ABDC0637BC1B88D41F45AEFDDAB1FF02F261901D65"
"验证工具\Mesen-0.9.9\Mesen.exe","11693568","A480C42B28424FFC9517E003B458926D7920E860494103F1E0805E6AD972C08B"
"验证工具\Mesen-0.9.9\MesenCore.dll","3133440","B8578EE6F694EFD730FE3497AA4A8AF2A6951322F9426BAD603DD2F6FC2FBC9C"
"验证工具\Mesen-0.9.9\MesenDB.txt","773112","9A6D5249ED0134DE2EF14D4A0F54B8E381305014BF04852DB97D645CD55D9894"
"验证工具\Mesen-0.9.9\MesenUpdater.exe","23552","0775AB2AFF05300B4C835E60D5C404407CE496E6B6BE1AD2B911714C50C6CBEE"
"验证工具\Mesen-0.9.9\Resources\Font.24.spritefont","1860904","C0563DACDE23BB13FF4DDAF0299A73633D6A31E64A7D35CEA03BE242B526EC1C"
"验证工具\Mesen-0.9.9\Resources\Font.64.spritefont","59720","F4AEDBE60E6B8ADC593C66DF67DD4457E0531CF9B38A1FA247903A838F081BF6"
"验证工具\Mesen-0.9.9\Resources\LICENSE.txt","4729","FBF64516272F385E88253234BCFF45D2CD89ADC4EE3A36BCBDDCE065BBF72D51"
"验证工具\Mesen-0.9.9\Saves\DC_kuorong.sav","8192","A3E79A9914EEBD6A1389F6A13CEF3389D80505A220728FE0100F7E4666108A47"
"验证工具\Mesen-0.9.9\settings.xml","63401","2E4357673D61F8BE87A0B1D02550CAEECA8EDFD8B99DC0E2780CAC2ED44DA731"
"验证交接包.ps1","1262","DF57B2ABD0859EEB534C22DD526D85DD664595A6B98A0212DBCDA3198B3A9C73"
"AGENTS.md","2673","5232CF9ED018FD621AAAD62CFA3E37D35A5163BF3E84377B46CC5D1A56E9ECA2"
"analysis\analyze_chapter_event_vm.py","3216","49A8B5B6602AFC3497DA94735F39C7D6F8CD6BFD7C555F521AAAE36999720BAF"
"analysis\ash_to_ash_famistudio_asm6.asm","28605","2A92515CBE9413A3ECAAA920A192E663EFB92A98B4695199613133AA00C5A425"
"analysis\dark_knight_famistudio_asm6.asm","24998","B56C74560605408E347CF59791A01A145B81843115EEEABB561260E258CA16FB"
"analysis\dark_prison_famistudio_asm6.asm","29906","9DA9039A0F99ED25F4F908D32AF4B6532F62ECB0FC06ACC8B79D4A1A9EE10BB6"
"analysis\dark_prison_famistudio_v10_asm6.asm","28699","2174294806A5EC09A9DA4DD92A59BFDBE9F4FA72DCD7A366023921DC4BA82FE3"
"analysis\dc_dual_audio_bridge.asm","4793","4F6C32CE49D97057103C24DFDD8F85AC54829DD111FC39B139FEDC192F3FABBB"
"analysis\dc_dual_audio_handoff.asm","551","FBE5364FDFBF9E6E78126ABCF585068D27DBA99E060940DCA5F819E5B474B499"
"analysis\dc_dual_audio_handoff.bin","24","8725708DCDC8AD4E3E2C2D742146DBF49277B4C59327894D9FBBCAA4ED45F0CC"
"analysis\dc_dual_audio_handoff.lst","1319","32A9A9BD76B807113479D5AF9904C8147FDD813864714D4DAEE3D8AB4AC67BDC"
"analysis\dc_dual_audio_trampoline.asm","516","755AC83A6511A0129465D6A3742417ACB1F6211B41ECAB4C6E2BD465234C97F2"
"analysis\dc_dual_audio_trampoline.bin","29","06D56D2CD5BD8194EA08C3741470D726E8A498F12A642F6A6A113A8B7C899932"
"analysis\dc_dual_audio_trampoline.lst","1348","DA89015E0A8CC622D2FEA4B6D173F479804259D55E1ED10018BFA3B22EE556E4"
"analysis\dc_dual_engine_bank.asm","1562","219EFD2D8570906936018947ADE32A909494634A3E72CC238DAB12777A94CD37"
"analysis\dc_dual_engine_bank.bin","8192","1A78C5AC91BD578136F54E8353BB44DDFDF6A5B47AECC76FB2181E75FB4B554B"
"analysis\dc_dual_engine_bank.lst","531160","303D90519D16F7183E2867A63AEB2B3AED48AFC031654AC1C668DE173F5EEB2A"
"analysis\dc_dual_music_61.bin","8192","9DB804E96CD15B09A7CF754BEC4369D67899E3D82853553D2E04E559CB2F5A2D"
"analysis\dc_dual_music_61.lst","53601","E0A3C4D5E0630A4CFD9C5613883BD0B14F7D10DD443FEF066FC1F941CF7C0EE0"
"analysis\dc_dual_music_62.bin","8192","F3DAD8BBF5AAD45484A000479DF7C4E9A8640BF05ED50C615E8ADB6D1BE49607"
"analysis\dc_dual_music_62.lst","46957","426A3A609CEDFE6E8189C30E55C58A26AA113BAC81933DAD3F51BABC3CF88C9E"
"analysis\dc_dual_music_63.bin","8192","946F14198C50A2A276B6D9CF1CD0B1316AF0B4E65F503FFC5F08DF2C9CC3E4FB"
"analysis\dc_dual_music_63.lst","56992","BDB34B086D6B0F78B4B7FD7AFA60CAE78F1A1D994D24A8E1EE0188EA8C02538E"
"analysis\dc_event_discovery.lua","1992","33321989E9AAF862D1FE37EF2378EA68F852EFCCCC1E733B20E790C04D9E512E"
"analysis\dc_fceux_battle_trace.lua","2496","6A7F5224082070C44294F9725AB9C5039C41BE2074B7131A16B8CD33689EF1BF"
"analysis\dc_fceux_event_trace.lua","2339","65E79B3D26D3FDB4FC49294DA44EE185196CFEDC54F4F69E9D68DF83D6F873E1"
"analysis\dc_mesen_capture.lua","720","D5A41BAD5BB206303819AD687455C73D10844D868D75F13AFF6CB948ACB4A003"
"analysis\dc_mesen_dual_audio_final.log","1225","F38713FB0D3E97C1A373E6E37526D49262718C8A797E660281B2F65EDA988514"
"analysis\dc_mesen_smoke.lua","12127","2282C829DDB8DBF234F05DD7E08401972EF2FDAEA1B12B129F9C2AA9BB489D01"
"analysis\dc_mesen_stock_lifetime.lua","821","D18494C8873EBB17924624278E721BE3C8A60D44440CC25A3F3C148F5FB0370F"
"analysis\dc_modifier_ui_windows.png","66451","4E5A6EA79511294C932DF7603EFD6152E99F5B47BCE764A607C50E4D8A6A0AC9"
"analysis\dc_stock_sfx_imports\sfx_00.stderr.txt","0","E3B0C44298FC1C149AFBF4C8996FB92427AE41E4649B934CA495991B7852B855"
"analysis\dc_stock_sfx_imports\sfx_00.stdout.txt","2","7EB70257593DA06F682A3DDDA54A9D260D4FC514F645237F5CA74B08F8DA61A6"
"analysis\dc_stock_sfx_imports\sfx_00.txt","397","F10F8CF331B7EB7071D66A7EDA553F36F5973A4313DA4573A0FF3A2D56357635"
"analysis\dc_stock_sfx_imports\sfx_01.stderr.txt","0","E3B0C44298FC1C149AFBF4C8996FB92427AE41E4649B934CA495991B7852B855"
"analysis\dc_stock_sfx_imports\sfx_01.stdout.txt","2","7EB70257593DA06F682A3DDDA54A9D260D4FC514F645237F5CA74B08F8DA61A6"
"analysis\dc_stock_sfx_imports\sfx_01.txt","397","867A0B9EAC89BCD454512902C44637C51DD71402AD016AE7A7542968AAE455A6"
"analysis\dc_stock_sfx_imports\sfx_02.stderr.txt","0","E3B0C44298FC1C149AFBF4C8996FB92427AE41E4649B934CA495991B7852B855"
"analysis\dc_stock_sfx_imports\sfx_02.stdout.txt","2","7EB70257593DA06F682A3DDDA54A9D260D4FC514F645237F5CA74B08F8DA61A6"
"analysis\dc_stock_sfx_imports\sfx_02.txt","1137","8EF89FDB6F81CCF8255DF845D0E493E13E19D68B44DD570194E674AEECEED6CA"
"analysis\dc_stock_sfx_imports\sfx_03.stderr.txt","0","E3B0C44298FC1C149AFBF4C8996FB92427AE41E4649B934CA495991B7852B855"
"analysis\dc_stock_sfx_imports\sfx_03.stdout.txt","2","7EB70257593DA06F682A3DDDA54A9D260D4FC514F645237F5CA74B08F8DA61A6"
"analysis\dc_stock_sfx_imports\sfx_03.txt","755","B3A5427A930D28C5845DA167FBCEF910981D9241FFC80C09F0F8CD7FCBF4CA7C"
"analysis\dc_stock_sfx_imports\sfx_04.stderr.txt","0","E3B0C44298FC1C149AFBF4C8996FB92427AE41E4649B934CA495991B7852B855"
"analysis\dc_stock_sfx_imports\sfx_04.stdout.txt","2","7EB70257593DA06F682A3DDDA54A9D260D4FC514F645237F5CA74B08F8DA61A6"
"analysis\dc_stock_sfx_imports\sfx_04.txt","2530","C58DC8F46F0B6EA8E384D27BBE6EA3800A342EF771F30B1C62FDA4CD3E99EF5A"
"analysis\dc_stock_sfx_imports\sfx_05.stderr.txt","0","E3B0C44298FC1C149AFBF4C8996FB92427AE41E4649B934CA495991B7852B855"
"analysis\dc_stock_sfx_imports\sfx_05.stdout.txt","2","7EB70257593DA06F682A3DDDA54A9D260D4FC514F645237F5CA74B08F8DA61A6"
"analysis\dc_stock_sfx_imports\sfx_05.txt","940","2971D28FD614C6752D48D30617709640DC19FA30DA390E4706D2CD6169E49752"
"analysis\dc_stock_sfx_imports\sfx_06.stderr.txt","0","E3B0C44298FC1C149AFBF4C8996FB92427AE41E4649B934CA495991B7852B855"
"analysis\dc_stock_sfx_imports\sfx_06.stdout.txt","2","7EB70257593DA06F682A3DDDA54A9D260D4FC514F645237F5CA74B08F8DA61A6"
"analysis\dc_stock_sfx_imports\sfx_06.txt","1692","3B43D9708ED647FCBE9C5C4299EA702B127B47BE609C3A1C70C608AEEDDF9D92"
"analysis\dc_stock_sfx_imports\sfx_07.stderr.txt","0","E3B0C44298FC1C149AFBF4C8996FB92427AE41E4649B934CA495991B7852B855"
"analysis\dc_stock_sfx_imports\sfx_07.stdout.txt","2","7EB70257593DA06F682A3DDDA54A9D260D4FC514F645237F5CA74B08F8DA61A6"
"analysis\dc_stock_sfx_imports\sfx_07.txt","2118","A2CA7781B29004BA1C082476206DF38FC23DAB85423200C4F1EF9169BBE1AC84"
"analysis\dc_stock_sfx_imports\sfx_08.stderr.txt","0","E3B0C44298FC1C149AFBF4C8996FB92427AE41E4649B934CA495991B7852B855"
"analysis\dc_stock_sfx_imports\sfx_08.stdout.txt","2","7EB70257593DA06F682A3DDDA54A9D260D4FC514F645237F5CA74B08F8DA61A6"
"analysis\dc_stock_sfx_imports\sfx_08.txt","886","50307A38001AF04AE4780A3A6DA8911C1E1E7CDE6C6FA5DB9FC4AA12C10A32B0"
"analysis\dc_stock_sfx_imports\sfx_09.stderr.txt","0","E3B0C44298FC1C149AFBF4C8996FB92427AE41E4649B934CA495991B7852B855"
"analysis\dc_stock_sfx_imports\sfx_09.stdout.txt","2","7EB70257593DA06F682A3DDDA54A9D260D4FC514F645237F5CA74B08F8DA61A6"
"analysis\dc_stock_sfx_imports\sfx_09.txt","1665","CD1AE0377092FB54A754B94AA79F23CB7411F0DB95F919883467B98C4FCA41EE"
"analysis\dc_stock_sfx_imports\sfx_10.stderr.txt","0","E3B0C44298FC1C149AFBF4C8996FB92427AE41E4649B934CA495991B7852B855"
"analysis\dc_stock_sfx_imports\sfx_10.stdout.txt","2","7EB70257593DA06F682A3DDDA54A9D260D4FC514F645237F5CA74B08F8DA61A6"
"analysis\dc_stock_sfx_imports\sfx_10.txt","1538","3FE1132B625E21A506A57343A448066F86999E942F477BB342AB400325961E60"
"analysis\dc_stock_sfx_imports\sfx_11.stderr.txt","0","E3B0C44298FC1C149AFBF4C8996FB92427AE41E4649B934CA495991B7852B855"
"analysis\dc_stock_sfx_imports\sfx_11.stdout.txt","2","7EB70257593DA06F682A3DDDA54A9D260D4FC514F645237F5CA74B08F8DA61A6"
"analysis\dc_stock_sfx_imports\sfx_11.txt","1602","FA2B9FF321CD25694E246DCEA5F212C61BB752F44FEE6084F8B93244C2BFAE52"
"analysis\dc_stock_sfx_imports\sfx_12.stderr.txt","0","E3B0C44298FC1C149AFBF4C8996FB92427AE41E4649B934CA495991B7852B855"
"analysis\dc_stock_sfx_imports\sfx_12.stdout.txt","2","7EB70257593DA06F682A3DDDA54A9D260D4FC514F645237F5CA74B08F8DA61A6"
"analysis\dc_stock_sfx_imports\sfx_12.txt","1313","4F7D1A3C1C69A737301D70A5A846A545A0FC725B6690B4A2E5DCC4228DD7021D"
"analysis\dc_stock_sfx_imports\sfx_13.stderr.txt","0","E3B0C44298FC1C149AFBF4C8996FB92427AE41E4649B934CA495991B7852B855"
"analysis\dc_stock_sfx_imports\sfx_13.stdout.txt","2","7EB70257593DA06F682A3DDDA54A9D260D4FC514F645237F5CA74B08F8DA61A6"
"analysis\dc_stock_sfx_imports\sfx_13.txt","960","06076DAD2EDCEEE868A3B551C4955C1AEE321207E14878F481BCE5EA4B8A9B1C"
"analysis\dc_stock_sfx_imports\sfx_14.stderr.txt","0","E3B0C44298FC1C149AFBF4C8996FB92427AE41E4649B934CA495991B7852B855"
"analysis\dc_stock_sfx_imports\sfx_14.stdout.txt","2","7EB70257593DA06F682A3DDDA54A9D260D4FC514F645237F5CA74B08F8DA61A6"
"analysis\dc_stock_sfx_imports\sfx_14.txt","1084","9F6C9B0D7B3166E345309FCE09DA19A26D24B764761F39B7D5CEABE6555CE47E"
"analysis\dc_stock_sfx_imports\sfx_15.stderr.txt","0","E3B0C44298FC1C149AFBF4C8996FB92427AE41E4649B934CA495991B7852B855"
"analysis\dc_stock_sfx_imports\sfx_15.stdout.txt","2","7EB70257593DA06F682A3DDDA54A9D260D4FC514F645237F5CA74B08F8DA61A6"
"analysis\dc_stock_sfx_imports\sfx_15.txt","1722","3DCF76F2CE88BD4486F8795783C51DE328173A34E0F20A2412B45D9C4B969E94"
"analysis\dc_stock_sfx_imports\sfx_16.stderr.txt","0","E3B0C44298FC1C149AFBF4C8996FB92427AE41E4649B934CA495991B7852B855"
"analysis\dc_stock_sfx_imports\sfx_16.stdout.txt","2","7EB70257593DA06F682A3DDDA54A9D260D4FC514F645237F5CA74B08F8DA61A6"
"analysis\dc_stock_sfx_imports\sfx_16.txt","1706","6B2B516D82779F381DF20A2204FBC5A30EE00375B891260C79A92C12D1C93DD9"
"analysis\dc_stock_sfx_imports\sfx_17.stderr.txt","0","E3B0C44298FC1C149AFBF4C8996FB92427AE41E4649B934CA495991B7852B855"
"analysis\dc_stock_sfx_imports\sfx_17.stdout.txt","2","7EB70257593DA06F682A3DDDA54A9D260D4FC514F645237F5CA74B08F8DA61A6"
"analysis\dc_stock_sfx_imports\sfx_17.txt","1334","339B6AB6091B9B8F44BE502EFEB4765CBC8DF9F5F60F0A9CB3D85AFA65DCD3BD"
"analysis\dc_stock_sfx_imports\sfx_18.stderr.txt","0","E3B0C44298FC1C149AFBF4C8996FB92427AE41E4649B934CA495991B7852B855"
"analysis\dc_stock_sfx_imports\sfx_18.stdout.txt","2","7EB70257593DA06F682A3DDDA54A9D260D4FC514F645237F5CA74B08F8DA61A6"
"analysis\dc_stock_sfx_imports\sfx_18.txt","1411","296A6E490C41DC29B895AC987EB0C92E0A1795B6495B717D353E6205AF62B8BC"
"analysis\dc_stock_sfx_imports\sfx_19.stderr.txt","0","E3B0C44298FC1C149AFBF4C8996FB92427AE41E4649B934CA495991B7852B855"
"analysis\dc_stock_sfx_imports\sfx_19.stdout.txt","2","7EB70257593DA06F682A3DDDA54A9D260D4FC514F645237F5CA74B08F8DA61A6"
"analysis\dc_stock_sfx_imports\sfx_19.txt","916","7F0FEBCBFD40F3C9F5C2976086256451017164E29353C2250E4535481CC4FF4D"
"analysis\dc_stock_sfx_imports\sfx_20.stderr.txt","0","E3B0C44298FC1C149AFBF4C8996FB92427AE41E4649B934CA495991B7852B855"
"analysis\dc_stock_sfx_imports\sfx_20.stdout.txt","2","7EB70257593DA06F682A3DDDA54A9D260D4FC514F645237F5CA74B08F8DA61A6"
"analysis\dc_stock_sfx_imports\sfx_20.txt","3107","7A405C3E78C11DDC4F1F3DC730A8D79571BE00DD687767BD36F4A08A0C4DD5A1"
"analysis\dc_stock_sfx_imports\sfx_21.stderr.txt","0","E3B0C44298FC1C149AFBF4C8996FB92427AE41E4649B934CA495991B7852B855"
"analysis\dc_stock_sfx_imports\sfx_21.stdout.txt","2","7EB70257593DA06F682A3DDDA54A9D260D4FC514F645237F5CA74B08F8DA61A6"
"analysis\dc_stock_sfx_imports\sfx_21.txt","756","3165A5ECF58DE572373F8B49EB32065AF65A1F52B579C5838E1C2BED5B82F105"
"analysis\dc_stock_sfx_imports\sfx_22.stderr.txt","0","E3B0C44298FC1C149AFBF4C8996FB92427AE41E4649B934CA495991B7852B855"
"analysis\dc_stock_sfx_imports\sfx_22.stdout.txt","2","7EB70257593DA06F682A3DDDA54A9D260D4FC514F645237F5CA74B08F8DA61A6"
"analysis\dc_stock_sfx_imports\sfx_22.txt","1127","D2C4A2220380DCBC70C03D88D727F23E69BD437C1A1A4E072DEE7FFB22278EFF"
"analysis\dc_stock_sfx_imports\sfx_23.stderr.txt","0","E3B0C44298FC1C149AFBF4C8996FB92427AE41E4649B934CA495991B7852B855"
"analysis\dc_stock_sfx_imports\sfx_23.stdout.txt","2","7EB70257593DA06F682A3DDDA54A9D260D4FC514F645237F5CA74B08F8DA61A6"
"analysis\dc_stock_sfx_imports\sfx_23.txt","947","7A4114F95579A19EA4ECAB37425BD361A17B6A26D9912F1DAF298DFB0E9F52A5"
"analysis\dc_stock_sfx_imports\sfx_24.stderr.txt","0","E3B0C44298FC1C149AFBF4C8996FB92427AE41E4649B934CA495991B7852B855"
"analysis\dc_stock_sfx_imports\sfx_24.stdout.txt","2","7EB70257593DA06F682A3DDDA54A9D260D4FC514F645237F5CA74B08F8DA61A6"
"analysis\dc_stock_sfx_imports\sfx_24.txt","6453","9E9BB6C98423F072DA8F23788485E8E5589947E86C5B96ED05E2F8F3203A8681"
"analysis\dc_stock_sfx_imports\sfx_25.stderr.txt","0","E3B0C44298FC1C149AFBF4C8996FB92427AE41E4649B934CA495991B7852B855"
"analysis\dc_stock_sfx_imports\sfx_25.stdout.txt","2","7EB70257593DA06F682A3DDDA54A9D260D4FC514F645237F5CA74B08F8DA61A6"
"analysis\dc_stock_sfx_imports\sfx_25.txt","5136","2628730DEE96F924887A50EBA376C6584D1A586B4D42058E99438C4CB3338DB0"
"analysis\dc_stock_sfx_imports\sfx_26.stderr.txt","0","E3B0C44298FC1C149AFBF4C8996FB92427AE41E4649B934CA495991B7852B855"
"analysis\dc_stock_sfx_imports\sfx_26.stdout.txt","2","7EB70257593DA06F682A3DDDA54A9D260D4FC514F645237F5CA74B08F8DA61A6"
"analysis\dc_stock_sfx_imports\sfx_26.txt","7089","963F64381C5F753E7590C3F222265B5499D7FCA5EF766527EB649E4B282EA272"
"analysis\dc_stock_sfx_imports\sfx_27.stderr.txt","0","E3B0C44298FC1C149AFBF4C8996FB92427AE41E4649B934CA495991B7852B855"
"analysis\dc_stock_sfx_imports\sfx_27.stdout.txt","2","7EB70257593DA06F682A3DDDA54A9D260D4FC514F645237F5CA74B08F8DA61A6"
"analysis\dc_stock_sfx_imports\sfx_27.txt","2571","183913522E50DCEA3FE3EFB92C469C738DEF04602F306464CBD02A2619FFB68E"
"analysis\dc_stock_sfx_imports\sfx_28.stderr.txt","0","E3B0C44298FC1C149AFBF4C8996FB92427AE41E4649B934CA495991B7852B855"
"analysis\dc_stock_sfx_imports\sfx_28.stdout.txt","2","7EB70257593DA06F682A3DDDA54A9D260D4FC514F645237F5CA74B08F8DA61A6"
"analysis\dc_stock_sfx_imports\sfx_28.txt","870","D27BC5E957206ADCE61C69CB538C94E8B56E24F9F147877F4CE200CA85DFF96A"
"analysis\dc_stock_sfx_imports\sfx_29.stderr.txt","0","E3B0C44298FC1C149AFBF4C8996FB92427AE41E4649B934CA495991B7852B855"
"analysis\dc_stock_sfx_imports\sfx_29.stdout.txt","2","7EB70257593DA06F682A3DDDA54A9D260D4FC514F645237F5CA74B08F8DA61A6"
"analysis\dc_stock_sfx_imports\sfx_29.txt","766","84028144086D2ADA5B7B81DDE505ED09008EDA98CD96BA564982212A666E88D5"
"analysis\dc_stock_sfx_imports\sfx_30.stderr.txt","0","E3B0C44298FC1C149AFBF4C8996FB92427AE41E4649B934CA495991B7852B855"
"analysis\dc_stock_sfx_imports\sfx_30.stdout.txt","2","7EB70257593DA06F682A3DDDA54A9D260D4FC514F645237F5CA74B08F8DA61A6"
"analysis\dc_stock_sfx_imports\sfx_30.txt","727","0753AF2B459C0D85A7442B7AB7D3A3C3669E6E23E70345ADE47AB2E2916BC6D9"
"analysis\dc_stock_sfx_imports\sfx_31.stderr.txt","0","E3B0C44298FC1C149AFBF4C8996FB92427AE41E4649B934CA495991B7852B855"
"analysis\dc_stock_sfx_imports\sfx_31.stdout.txt","2","7EB70257593DA06F682A3DDDA54A9D260D4FC514F645237F5CA74B08F8DA61A6"
"analysis\dc_stock_sfx_imports\sfx_31.txt","397","96F3F9D32CB4FBA4739BC855E64498C41E43D0EC63F3BF14EF8262B7BB91FA00"
"analysis\dc_stock_sfx_imports\sfx_32.stderr.txt","0","E3B0C44298FC1C149AFBF4C8996FB92427AE41E4649B934CA495991B7852B855"
"analysis\dc_stock_sfx_imports\sfx_32.stdout.txt","2","7EB70257593DA06F682A3DDDA54A9D260D4FC514F645237F5CA74B08F8DA61A6"
"analysis\dc_stock_sfx_imports\sfx_32.txt","991","9268A2F8E2EE80E81AA24BCDC1C0CBBD5CEBBEBD5F27BCA16D5548071383EBBC"
"analysis\dc_stock_sfx_imports\sfx_33.stderr.txt","0","E3B0C44298FC1C149AFBF4C8996FB92427AE41E4649B934CA495991B7852B855"
"analysis\dc_stock_sfx_imports\sfx_33.stdout.txt","2","7EB70257593DA06F682A3DDDA54A9D260D4FC514F645237F5CA74B08F8DA61A6"
"analysis\dc_stock_sfx_imports\sfx_33.txt","397","4ABEFE3F02331BFCBDE4742DDDC6C89D3EA93857ABCF3A40C552FCCAD85CA71F"
"analysis\dc_stock_sfx_imports\sfx_34.stderr.txt","0","E3B0C44298FC1C149AFBF4C8996FB92427AE41E4649B934CA495991B7852B855"
"analysis\dc_stock_sfx_imports\sfx_34.stdout.txt","2","7EB70257593DA06F682A3DDDA54A9D260D4FC514F645237F5CA74B08F8DA61A6"
"analysis\dc_stock_sfx_imports\sfx_34.txt","397","66244A9999C07F572A478CF4AC4A00EE7921A405D29C7B7B06C552295C629044"
"analysis\dc_stock_sfx_imports\sfx_35.stderr.txt","0","E3B0C44298FC1C149AFBF4C8996FB92427AE41E4649B934CA495991B7852B855"
"analysis\dc_stock_sfx_imports\sfx_35.stdout.txt","2","7EB70257593DA06F682A3DDDA54A9D260D4FC514F645237F5CA74B08F8DA61A6"
"analysis\dc_stock_sfx_imports\sfx_35.txt","397","3673FC8BF31237FF0D5DA83A6702A196E823AC764C95F3CAA5455222598A3018"
"analysis\dc_stock_sfx_imports\sfx_36.stderr.txt","0","E3B0C44298FC1C149AFBF4C8996FB92427AE41E4649B934CA495991B7852B855"
"analysis\dc_stock_sfx_imports\sfx_36.stdout.txt","2","7EB70257593DA06F682A3DDDA54A9D260D4FC514F645237F5CA74B08F8DA61A6"
"analysis\dc_stock_sfx_imports\sfx_36.txt","397","2070410A78CF71154F09DC73691BBA9FA43B9B5E1D89DDA22F7981E9837C6ED3"
"analysis\dc_stock_sfx_imports\sfx_37.stderr.txt","0","E3B0C44298FC1C149AFBF4C8996FB92427AE41E4649B934CA495991B7852B855"
"analysis\dc_stock_sfx_imports\sfx_37.stdout.txt","2","7EB70257593DA06F682A3DDDA54A9D260D4FC514F645237F5CA74B08F8DA61A6"
"analysis\dc_stock_sfx_imports\sfx_37.txt","397","2FDD8EC3FB1DEA288C012636F03E4C83F9D5D6E7E339C46656FB219FE39F4839"
"analysis\dc_stock_sfx_imports\sfx_38.stderr.txt","0","E3B0C44298FC1C149AFBF4C8996FB92427AE41E4649B934CA495991B7852B855"
"analysis\dc_stock_sfx_imports\sfx_38.stdout.txt","2","7EB70257593DA06F682A3DDDA54A9D260D4FC514F645237F5CA74B08F8DA61A6"
"analysis\dc_stock_sfx_imports\sfx_38.txt","397","8DD26CEFEB24624032F28A18672009F4979B4806FDE35C308698C974FD12C498"
"analysis\dc_stock_sfx_imports\sfx_39.stderr.txt","0","E3B0C44298FC1C149AFBF4C8996FB92427AE41E4649B934CA495991B7852B855"
"analysis\dc_stock_sfx_imports\sfx_39.stdout.txt","2","7EB70257593DA06F682A3DDDA54A9D260D4FC514F645237F5CA74B08F8DA61A6"
"analysis\dc_stock_sfx_imports\sfx_39.txt","852","2FD4749A973E427588213BA23E98022DFA18B4CCBB4B8195BF008C42A005AC82"
"analysis\dc_stock_sfx_imports\sfx_40.stderr.txt","0","E3B0C44298FC1C149AFBF4C8996FB92427AE41E4649B934CA495991B7852B855"
"analysis\dc_stock_sfx_imports\sfx_40.stdout.txt","2","7EB70257593DA06F682A3DDDA54A9D260D4FC514F645237F5CA74B08F8DA61A6"
"analysis\dc_stock_sfx_imports\sfx_40.txt","397","9D2B56FC39840BB46EEAA5D053E4E4C94BEA7DA89A0A28D93D545A96B2D72BD8"
"analysis\dc_stock_sfx_imports\sfx_41.stderr.txt","0","E3B0C44298FC1C149AFBF4C8996FB92427AE41E4649B934CA495991B7852B855"
"analysis\dc_stock_sfx_imports\sfx_41.stdout.txt","2","7EB70257593DA06F682A3DDDA54A9D260D4FC514F645237F5CA74B08F8DA61A6"
"analysis\dc_stock_sfx_imports\sfx_41.txt","759","090EB5207C55B79AE6816D48C764E373F7DF14212325BCE16E0BE50A451A4932"
"analysis\dc_stock_sfx_imports\sfx_42.stderr.txt","0","E3B0C44298FC1C149AFBF4C8996FB92427AE41E4649B934CA495991B7852B855"
"analysis\dc_stock_sfx_imports\sfx_42.stdout.txt","2","7EB70257593DA06F682A3DDDA54A9D260D4FC514F645237F5CA74B08F8DA61A6"
"analysis\dc_stock_sfx_imports\sfx_42.txt","397","624FC7678E1AEEAD0E1614384DEAC4A5A1762FC9C9C6189D589748AD1323B4CE"
"analysis\dc_stock_sfx_imports\sfx_43.stderr.txt","0","E3B0C44298FC1C149AFBF4C8996FB92427AE41E4649B934CA495991B7852B855"
"analysis\dc_stock_sfx_imports\sfx_43.stdout.txt","2","7EB70257593DA06F682A3DDDA54A9D260D4FC514F645237F5CA74B08F8DA61A6"
"analysis\dc_stock_sfx_imports\sfx_43.txt","759","3E00A86340B347F956F9D622CA0BC15241C8C0201520210ACA8BFD8ECE45F43D"
"analysis\dc_stock_sfx_imports\sfx_44.stderr.txt","0","E3B0C44298FC1C149AFBF4C8996FB92427AE41E4649B934CA495991B7852B855"
"analysis\dc_stock_sfx_imports\sfx_44.stdout.txt","2","7EB70257593DA06F682A3DDDA54A9D260D4FC514F645237F5CA74B08F8DA61A6"
"analysis\dc_stock_sfx_imports\sfx_44.txt","609","78E8731C0494737AE18643925A5CCB46DE4ECAA898FBF123BE1EEC3A3970993B"
"analysis\dc_stock_sfx_imports\sfx_45.stderr.txt","0","E3B0C44298FC1C149AFBF4C8996FB92427AE41E4649B934CA495991B7852B855"
"analysis\dc_stock_sfx_imports\sfx_45.stdout.txt","2","7EB70257593DA06F682A3DDDA54A9D260D4FC514F645237F5CA74B08F8DA61A6"
"analysis\dc_stock_sfx_imports\sfx_45.txt","397","A4B464BCBC90E729E22261114FA622B6FFA6D4AB4369E4942D628016B0E69101"
"analysis\dc_stock_sfx_imports\sfx_46.stderr.txt","0","E3B0C44298FC1C149AFBF4C8996FB92427AE41E4649B934CA495991B7852B855"
"analysis\dc_stock_sfx_imports\sfx_46.stdout.txt","2","7EB70257593DA06F682A3DDDA54A9D260D4FC514F645237F5CA74B08F8DA61A6"
"analysis\dc_stock_sfx_imports\sfx_46.txt","760","6236D90B4A19865134248683B535B97406E58B9358C094FC45BDB9D0B14B5589"
"analysis\dc_stock_sfx_imports\sfx_47.stderr.txt","0","E3B0C44298FC1C149AFBF4C8996FB92427AE41E4649B934CA495991B7852B855"
"analysis\dc_stock_sfx_imports\sfx_47.stdout.txt","2","7EB70257593DA06F682A3DDDA54A9D260D4FC514F645237F5CA74B08F8DA61A6"
"analysis\dc_stock_sfx_imports\sfx_47.txt","845","E59C9A57ADBC511675C3BBC8EAB7A8D81FDD61626C75522A74E457D55D9A1AF5"
"analysis\dc_stock_sfx_imports\sfx_48.stderr.txt","0","E3B0C44298FC1C149AFBF4C8996FB92427AE41E4649B934CA495991B7852B855"
"analysis\dc_stock_sfx_imports\sfx_48.stdout.txt","2","7EB70257593DA06F682A3DDDA54A9D260D4FC514F645237F5CA74B08F8DA61A6"
"analysis\dc_stock_sfx_imports\sfx_48.txt","397","182AE5320E35222A798D3FFFC699DEF9A5A0EB33DCB3686397BA53CBC9D78AD1"
"analysis\dc_stock_sfx_imports\sfx_49.stderr.txt","0","E3B0C44298FC1C149AFBF4C8996FB92427AE41E4649B934CA495991B7852B855"
"analysis\dc_stock_sfx_imports\sfx_49.stdout.txt","2","7EB70257593DA06F682A3DDDA54A9D260D4FC514F645237F5CA74B08F8DA61A6"
"analysis\dc_stock_sfx_imports\sfx_49.txt","397","F7C606641F3DBFC265DF9707E0FA9892E56E7B369AAB810036AB6CF0B2C07E17"
"analysis\dc_stock_sfx_imports\sfx_50.stderr.txt","0","E3B0C44298FC1C149AFBF4C8996FB92427AE41E4649B934CA495991B7852B855"
"analysis\dc_stock_sfx_imports\sfx_50.stdout.txt","2","7EB70257593DA06F682A3DDDA54A9D260D4FC514F645237F5CA74B08F8DA61A6"
"analysis\dc_stock_sfx_imports\sfx_50.txt","397","F3E9EE04727C338E43C50AC0597931A7245CE10ADA75DF7E0AC4FB6184D7EDB1"
"analysis\dc_stock_sfx_imports\sfx_51.stderr.txt","0","E3B0C44298FC1C149AFBF4C8996FB92427AE41E4649B934CA495991B7852B855"
"analysis\dc_stock_sfx_imports\sfx_51.stdout.txt","2","7EB70257593DA06F682A3DDDA54A9D260D4FC514F645237F5CA74B08F8DA61A6"
"analysis\dc_stock_sfx_imports\sfx_51.txt","1109","47E137F76F0532E7A387A01E139EDFC5EDE2E4C9C19D3531091BECFE9F6B1EE7"
"analysis\dc_stock_sfx_imports\sfx_52.stderr.txt","0","E3B0C44298FC1C149AFBF4C8996FB92427AE41E4649B934CA495991B7852B855"
"analysis\dc_stock_sfx_imports\sfx_52.stdout.txt","2","7EB70257593DA06F682A3DDDA54A9D260D4FC514F645237F5CA74B08F8DA61A6"
"analysis\dc_stock_sfx_imports\sfx_52.txt","397","6ABF6B59C889E3D3C3C7E337B687E9E8B1D887515C79CFA7E17C9F2284FE0F92"
"analysis\dc_stock_sfx_imports\sfx_53.stderr.txt","0","E3B0C44298FC1C149AFBF4C8996FB92427AE41E4649B934CA495991B7852B855"
"analysis\dc_stock_sfx_imports\sfx_53.stdout.txt","2","7EB70257593DA06F682A3DDDA54A9D260D4FC514F645237F5CA74B08F8DA61A6"
"analysis\dc_stock_sfx_imports\sfx_53.txt","397","284FC359B6660DF6A471FFF3C361EE2EFBCD1128FDC76338ABA1E58C79D67226"
"analysis\dc_stock_sfx_imports\sfx_54.stderr.txt","0","E3B0C44298FC1C149AFBF4C8996FB92427AE41E4649B934CA495991B7852B855"
"analysis\dc_stock_sfx_imports\sfx_54.stdout.txt","2","7EB70257593DA06F682A3DDDA54A9D260D4FC514F645237F5CA74B08F8DA61A6"
"analysis\dc_stock_sfx_imports\sfx_54.txt","1137","342BB3BA7C58B05454A6999245EFE74B3FC0B4E55B7D883DB8EECE5CB6206747"
"analysis\dc_stock_sfx_imports\sfx_55.stderr.txt","0","E3B0C44298FC1C149AFBF4C8996FB92427AE41E4649B934CA495991B7852B855"
"analysis\dc_stock_sfx_imports\sfx_55.stdout.txt","2","7EB70257593DA06F682A3DDDA54A9D260D4FC514F645237F5CA74B08F8DA61A6"
"analysis\dc_stock_sfx_imports\sfx_55.txt","397","2AE53F52A18336DCB1F63A4918575AD7E8DD4BF0B2B3321E9C1A55F9F74046E7"
"analysis\dc_stock_sfx.asm","14982","88359AE15F1FD362E222EB03849DAA420226938539383987295B967A76129D80"
"analysis\dc_stock_sfx.stderr.txt","0","E3B0C44298FC1C149AFBF4C8996FB92427AE41E4649B934CA495991B7852B855"
"analysis\dc_stock_sfx.stdout.txt","2117","81EB8006640314973EB2FB38FC5B8D449B674C26E16328B594BAA435A9AA60E0"
"analysis\disassemble_prg.py","1782","E7853CEF77A00B9009EDB95D3BF43882DADD0019517C2F58DECB9F05DD40B772"
"analysis\discover_event_tables.py","3247","8E5C894545EC79F9F381E97A6FF8D774283172704715D11AB6775036A61D0B5F"
"analysis\famistudio_asm6_granzon.asm","243487","6B821700109A277521F99663BAFFE93EF30F66144470998EF304840B76D7EDD1"
"analysis\FamiStudio-4.5.3-source\FamiStudio-4.5.3\SoundEngine\NoteTables\famistudio_epsm_note_table_lsb.bin","97","E488B023950992C8EAC883F3E2F31898F100B8DB1F77D6D437FCF776C7E23322"
"analysis\FamiStudio-4.5.3-source\FamiStudio-4.5.3\SoundEngine\NoteTables\famistudio_epsm_note_table_msb.bin","97","B225379955ED2DF14E9111A769239A0B07C9BEEED49CCF27224C06A6C6DC0C46"
"analysis\FamiStudio-4.5.3-source\FamiStudio-4.5.3\SoundEngine\NoteTables\famistudio_epsm_s_note_table_lsb.bin","97","198F894E5140CAC1B830DCF6B9E72DCC1B3A357F0F59FFA0EA5529EE5785D0B2"
"analysis\FamiStudio-4.5.3-source\FamiStudio-4.5.3\SoundEngine\NoteTables\famistudio_epsm_s_note_table_msb.bin","97","E96559951470CA1A899FA394BF33F976D27835F5929C4A9E24BD8D582421E941"
"analysis\FamiStudio-4.5.3-source\FamiStudio-4.5.3\SoundEngine\NoteTables\famistudio_fds_note_table_lsb.bin","97","DB5D99089736899F6AD95BE15A27189E521DEDD1F0EA6D35BC9FB52AE8C2C6F8"
"analysis\FamiStudio-4.5.3-source\FamiStudio-4.5.3\SoundEngine\NoteTables\famistudio_fds_note_table_msb.bin","97","84A7B0D6E23883B805842A3F35374A00841813B7DB4F8FDC97989A28E3215CBF"
"analysis\FamiStudio-4.5.3-source\FamiStudio-4.5.3\SoundEngine\NoteTables\famistudio_fds_note_table_pal_lsb.bin","97","4999B9D58C78CB0D93369F9FB9E19EB9C017847EC0D970C188E98B4602ECF206"
"analysis\FamiStudio-4.5.3-source\FamiStudio-4.5.3\SoundEngine\NoteTables\famistudio_fds_note_table_pal_msb.bin","97","88A9AA58F2AC2DCB11A356FA8F5771B5374D373607CA8C1D04E2962B14457FD8"
"analysis\FamiStudio-4.5.3-source\FamiStudio-4.5.3\SoundEngine\NoteTables\famistudio_n163_note_table_1ch_lsb.bin","97","8618D9132CB37C9D33B49737678B9E9AF5C6FB241328A65AA33A9AA2D98C56A1"
"analysis\FamiStudio-4.5.3-source\FamiStudio-4.5.3\SoundEngine\NoteTables\famistudio_n163_note_table_1ch_msb.bin","97","C374C37A00CD62C412A8249E44E46939D0001E51C219BCC66DC65D6D17D8264C"
"analysis\FamiStudio-4.5.3-source\FamiStudio-4.5.3\SoundEngine\NoteTables\famistudio_n163_note_table_2ch_lsb.bin","97","547281D09CEA6E18E4B67F9848FE2755343BB7ED14F5B46FD78682BBF244CE55"
"analysis\FamiStudio-4.5.3-source\FamiStudio-4.5.3\SoundEngine\NoteTables\famistudio_n163_note_table_2ch_msb.bin","97","C627600643B81C8C41F693A28369DBAD0F372E9060B7B6B98637EB6BB9FE7BAE"
"analysis\FamiStudio-4.5.3-source\FamiStudio-4.5.3\SoundEngine\NoteTables\famistudio_n163_note_table_3ch_lsb.bin","97","9EEC3360A07CB5F43ADD87D828D59E8EDF3A0C0C77CD3BFC89B98AE56F8BA453"
"analysis\FamiStudio-4.5.3-source\FamiStudio-4.5.3\SoundEngine\NoteTables\famistudio_n163_note_table_3ch_msb.bin","97","C83ECC6B0A58D23EF54D5D68EA43B0FDD2CFFD3A4C04AC13D9804DCBC58A4545"
"analysis\FamiStudio-4.5.3-source\FamiStudio-4.5.3\SoundEngine\NoteTables\famistudio_n163_note_table_4ch_lsb.bin","97","FF5CEB4EF7316683B14294C363CAFCB5543262C1CB2DCD71EBB3D3724CE41E5A"
"analysis\FamiStudio-4.5.3-source\FamiStudio-4.5.3\SoundEngine\NoteTables\famistudio_n163_note_table_4ch_msb.bin","97","70AE5D690FCA7F9B2F5E5400A0ADB50564A83B52E80EE15C444540E1607DED19"
"analysis\FamiStudio-4.5.3-source\FamiStudio-4.5.3\SoundEngine\NoteTables\famistudio_n163_note_table_5ch_lsb.bin","97","6350595152D724EC50EDDD6E5EC460C80CF077E76ED07447A18D22DAD37DE3B3"
"analysis\FamiStudio-4.5.3-source\FamiStudio-4.5.3\SoundEngine\NoteTables\famistudio_n163_note_table_5ch_msb.bin","97","235A2BEBBFF15A7A8380CDA893DA05525FCF20A61C5259F642F6E93EBA29B8F5"
"analysis\FamiStudio-4.5.3-source\FamiStudio-4.5.3\SoundEngine\NoteTables\famistudio_n163_note_table_6ch_lsb.bin","97","B18E3603DD61484874CD554C7BDF7C9F90816ACA8757236819FEB44C37D7CDD0"
"analysis\FamiStudio-4.5.3-source\FamiStudio-4.5.3\SoundEngine\NoteTables\famistudio_n163_note_table_6ch_msb.bin","97","46FA58DC0592884284EC5473FF521C87C7FDB501B7705E466122EFFA7AB6331D"
"analysis\FamiStudio-4.5.3-source\FamiStudio-4.5.3\SoundEngine\NoteTables\famistudio_n163_note_table_7ch_lsb.bin","97","5BE40B8EBF43B39F6F14029152EB672834DD8A11A927BBADB6CCC0E10A02E747"
"analysis\FamiStudio-4.5.3-source\FamiStudio-4.5.3\SoundEngine\NoteTables\famistudio_n163_note_table_7ch_msb.bin","97","B72118C1E6D34CAF18577DEC549BA5B6FA61306AE2F0BC340EA73561BA00AFE1"
"analysis\FamiStudio-4.5.3-source\FamiStudio-4.5.3\SoundEngine\NoteTables\famistudio_n163_note_table_8ch_lsb.bin","97","E039219787A4E9A610BECC9765E40970E7F5CFBCF69D8AEBD9AE57707982A4DC"
"analysis\FamiStudio-4.5.3-source\FamiStudio-4.5.3\SoundEngine\NoteTables\famistudio_n163_note_table_8ch_msb.bin","97","C6219AA3CADB6E4B487AE01A9ACEF05037DA0000FE79E44A5B20361F78495AE8"
"analysis\FamiStudio-4.5.3-source\FamiStudio-4.5.3\SoundEngine\NoteTables\famistudio_n163_note_table_pal_1ch_lsb.bin","97","57540A92B49B20411DB2A5DC0278C56D2AAD2328CF1EB1466ED786D005711741"
"analysis\FamiStudio-4.5.3-source\FamiStudio-4.5.3\SoundEngine\NoteTables\famistudio_n163_note_table_pal_1ch_msb.bin","97","2CD600DB86B2E22DA962BD722B8FB82EB0DB6EFEB959704EB3CBA533AFB6AE55"
"analysis\FamiStudio-4.5.3-source\FamiStudio-4.5.3\SoundEngine\NoteTables\famistudio_n163_note_table_pal_2ch_lsb.bin","97","0820D8E468B77BDC5412675B8579BB3A8C1A0D6CCF0AEDF94202A9B39FD9DD9C"
"analysis\FamiStudio-4.5.3-source\FamiStudio-4.5.3\SoundEngine\NoteTables\famistudio_n163_note_table_pal_2ch_msb.bin","97","5F5688D08EF83D3BC0C4722172C9195FF4DBF7DC30E9AEC300929E0D6E6E1DE1"
"analysis\FamiStudio-4.5.3-source\FamiStudio-4.5.3\SoundEngine\NoteTables\famistudio_n163_note_table_pal_3ch_lsb.bin","97","E38466FE3AB339CB2CFED14BB285BD49268F1F917DDC9C696A73C22A1E3ADA39"
"analysis\FamiStudio-4.5.3-source\FamiStudio-4.5.3\SoundEngine\NoteTables\famistudio_n163_note_table_pal_3ch_msb.bin","97","FF64F87AFCC2569E2F5C720BC8C831E862C29FDAC325048A08C576A296B16656"
"analysis\FamiStudio-4.5.3-source\FamiStudio-4.5.3\SoundEngine\NoteTables\famistudio_n163_note_table_pal_4ch_lsb.bin","97","B1948C8F94CCE11BDBECD52D618B18DFBD2D6B97EB5E3A1B355337225A33C04A"
"analysis\FamiStudio-4.5.3-source\FamiStudio-4.5.3\SoundEngine\NoteTables\famistudio_n163_note_table_pal_4ch_msb.bin","97","F2E246779A79DB60EC106C68959CB313799592BFD902971E6CB47D04A548E5F9"
"analysis\FamiStudio-4.5.3-source\FamiStudio-4.5.3\SoundEngine\NoteTables\famistudio_n163_note_table_pal_5ch_lsb.bin","97","4AF6569439151AAA17236E994A17CA9F7D48E6E2F3BC9483C503609E2E5F54BB"
"analysis\FamiStudio-4.5.3-source\FamiStudio-4.5.3\SoundEngine\NoteTables\famistudio_n163_note_table_pal_5ch_msb.bin","97","89652459BD602EFFB71EC34B23DBB545756EAB6E87DDF0BA9E0B584748C02089"
"analysis\FamiStudio-4.5.3-source\FamiStudio-4.5.3\SoundEngine\NoteTables\famistudio_n163_note_table_pal_6ch_lsb.bin","97","B392D7094E1CD25D5E726CF6F6974AAE36EB667430CAEB43DE11EAF613D953F7"
"analysis\FamiStudio-4.5.3-source\FamiStudio-4.5.3\SoundEngine\NoteTables\famistudio_n163_note_table_pal_6ch_msb.bin","97","C2C42F957ABC1F4A5C9113BE94071FE624332E3DF436A6F97C5605954FF77D08"
"analysis\FamiStudio-4.5.3-source\FamiStudio-4.5.3\SoundEngine\NoteTables\famistudio_n163_note_table_pal_7ch_lsb.bin","97","AC5B0E7053E234BF79A7107D8815F4936D8449B7863E7F626F79F6A44818C89D"
"analysis\FamiStudio-4.5.3-source\FamiStudio-4.5.3\SoundEngine\NoteTables\famistudio_n163_note_table_pal_7ch_msb.bin","97","B71D59E5B333D2C8982F8336DE2DAEB044BBB8A7B82CBA74ACE8001903ABD61E"
"analysis\FamiStudio-4.5.3-source\FamiStudio-4.5.3\SoundEngine\NoteTables\famistudio_n163_note_table_pal_8ch_lsb.bin","97","A5D225319A9A32D990A7E280AF354E285E863200E64ED78E545C1DB820429017"
"analysis\FamiStudio-4.5.3-source\FamiStudio-4.5.3\SoundEngine\NoteTables\famistudio_n163_note_table_pal_8ch_msb.bin","97","205AAAA0B92AFCE1B3FD95E11F6B5AAB4DBF9EF92C1DF76361A1E769FA9EF4E2"
"analysis\FamiStudio-4.5.3-source\FamiStudio-4.5.3\SoundEngine\NoteTables\famistudio_note_table_lsb.bin","97","B917B0EBBE96945BBF6237BF2C59C9D1CF35F64E4E8183BECE0F45D32486EE41"
"analysis\FamiStudio-4.5.3-source\FamiStudio-4.5.3\SoundEngine\NoteTables\famistudio_note_table_msb.bin","97","B52E4924C607AF3369E3DE8DA5EA9001DC013E67B515D3B3B09DAB17601169FB"
"analysis\FamiStudio-4.5.3-source\FamiStudio-4.5.3\SoundEngine\NoteTables\famistudio_note_table_pal_lsb.bin","97","05059365643292241EA5CA15116FE94F9D6C51AFC84469E39762B37BB2F78F85"
"analysis\FamiStudio-4.5.3-source\FamiStudio-4.5.3\SoundEngine\NoteTables\famistudio_note_table_pal_msb.bin","97","146D491E5365E078B4068532E43ADBFB346DB1D3C7A3246AC5F015CDC2BA7D6E"
"analysis\FamiStudio-4.5.3-source\FamiStudio-4.5.3\SoundEngine\NoteTables\famistudio_saw_note_table_lsb.bin","97","66D863068DE002442655FC2D1E8B1D4E9F4E8D42789B327E5A7D9FB078B788AA"
"analysis\FamiStudio-4.5.3-source\FamiStudio-4.5.3\SoundEngine\NoteTables\famistudio_saw_note_table_msb.bin","97","AE1463A4FF123B22073620E0F3DF4336FEDC4034B00F8872D9730F425D2E4583"
"analysis\FamiStudio-4.5.3-source\FamiStudio-4.5.3\SoundEngine\NoteTables\famistudio_saw_note_table_pal_lsb.bin","97","A26A65EEAC3202E95A86C88E04CBC46B0F89C3A44E3577094915C0FFE006387B"
"analysis\FamiStudio-4.5.3-source\FamiStudio-4.5.3\SoundEngine\NoteTables\famistudio_saw_note_table_pal_msb.bin","97","B379A5619ADE0B7FBA723E6473B43B761C6348FA27D7B4F3C501A633790FED6B"
"analysis\FamiStudio-4.5.3-source\FamiStudio-4.5.3\SoundEngine\NoteTables\famistudio_vrc7_note_table_lsb.bin","97","933D38BF4A62D4A2720CA0B6DDB4263E8A68DAD5C0A5B71D74C1A9A04955EB3D"
"analysis\FamiStudio-4.5.3-source\FamiStudio-4.5.3\SoundEngine\NoteTables\famistudio_vrc7_note_table_msb.bin","97","1F70B8B93604BF5032A0AAFD6D2A43689DB66A807B702C8485B7CD6370E87210"
"analysis\FamiStudio-4.5.3-source\FamiStudio-4.5.3\Tools\asm6_fixed.exe","31232","1B58A40448C9E6A442D95C409EAD975000EC2A4EBA8036DEA5D2BD678C1014F4"
"analysis\mesen-expanded-frame675.png","4736","B315051DA2C1CF8CD0AF743879F52CB5D95E54AF07EA5921600312A423D936A3"
"analysis\mesen-expanded-frame675.txt","29","50397CA31ABA8070DE4E9389EDE0BFB4E013A05AB241D132833E4B0F8D038570"
"analysis\mesen-source-frame675.png","4736","B315051DA2C1CF8CD0AF743879F52CB5D95E54AF07EA5921600312A423D936A3"
"analysis\mesen-source-frame675.txt","29","E92D960CEA7C07197FC1D3F129D7852232FF6D4F63D47FE3A7A3A8261F51935D"
"analysis\three_song_ash_to_ash_data.asm","196","CF2F5BB49564C3FD85A5E87B54660BA1A43DF28CD79F51391FB07963BDFC077B"
"analysis\three_song_dark_knight_data.asm","199","1D54CC3FF826C4A0B6E619289FC6EBB810DDC0A470C90CFBC764769FA1A039FC"
"analysis\three_song_dark_prison_data.asm","203","1177FE4308FAD57B3B90CB703F73E7AFCEA0DF46D0B4203DBD11E689061E6524"
"analysis\three_song_dark_prison_v9_data.asm","206","D07FA4A6B72B2ACED0936330AEEA7112710402657995A737F1716CF0AD6D3394"
"build_modifier_exe.ps1","1979","93EA83F291CB1B471AC8E6D0B8DAE81EA4DF7BA0DDD880D05BEB94B9B2B3B40A"
"build\DC_原驱动20曲56音效_转录源.nsf","49280","721EAE50B53B1A783A25A4B1A88CA0BC1CDCCE591FA8E9E8047252CA174CBB7E"
"build\DC_FamiStudio_工程清单.json","1143","40D1395E0BEC875F82E12AEB4450EBA49516B67A170A40674B4A8EED98FD4FDC"
"build\DC_FamiStudio_统一音乐工程.txt","1852943","EAF4A39441524780AA3B39A51324683E1EC0A31A76F7A635EC5892A5161F97E0"
"build\DC_FamiStudio_原音效工程.txt","67160","2E87806F044CB996466B6E954928848380E67D9040C6C5BEE3A148C55DC95BC4"
"build\DC_FamiStudio_增容双引擎_测试.nes","1310736","223FDD6433C95B84D4566513FFC94C2B4121C3E4027A73FE841D13DB29BFF2E1"
"build\DC_FamiStudio_增容双引擎_构建记录.md","1352","732835132991E7C4DBC226E56E1BA2770D4EA77D6AB47615D3B0E20F8232EBB5"
"build\DC_FamiStudio_增容双引擎_容量报告.json","4318","DD79C6E316CCED5EBF4DD79402A5E9F4D6EA4847156D72FD0EB1BF020A64175C"
"build\DC_FamiStudio_增容双引擎_验证记录.md","3513","54866EB5B04C892D08FCCB18F8A5CBFBC1081FAF8A87AF5B8224724F5AD79A8B"
"build\nsf\新DC.nes","786448","267CFA5E6273E0FE3557D5339B0E50172BCF25475283944C7E8372276FB3493C"
"build\nsf\Ash to Ash 2A03.nsf","12416","E2FC2AF92E3778642AFBB7B590DD440559C73AA7C49A977BF37ED17AED4593CD"
"build\nsf\Dark Knight 2A03.nsf","8320","0B3AC1BC343DD875DE4396E65FF3FC5BF1D83650C4087D4AB35CA3EB8BD92583"
"build\nsf\Dark Prison 2A03.nsf","12416","7ED5C705B1500057FE3E0EAA15438469EFA8D2842E49F4131A0CFC5B3141A985"
"build\nsf\NSF音乐播放器.exe","208896","D8459E7F910D5C5BA47C19A2D6DDDCE302612969B93706A3C97D30B63CAA7A46"
"build\nsf\VirtuaNSF.ini","315","2648884C4B0E9F8A473BBF8948CA1797FAB028F8281E6B710259AD72CD524063"
"DC修改器设计与实现方案.md","3079","C07B5F8849124203C9DC75479C1CBD4F46D98A3E6C2FDD1DFCA2FD676AF5C344"
"DC修改器使用说明.md","2861","43CB321B61E5ADAFDEA3D7F51C3729ED2F725EB9F72BC1DE8DE179476E0E0124"
"FC模拟器\7z_64.dll","1679360","34AD9BB80FE8BF28171E671228EB5B64A55CAA388C31CB8C0DF77C0136735891"
"FC模拟器\新DC篇完整修改器.exe","50683302","F085D329F1EF6BA0404B40CAF3C66364ECC2DD089B69F9236FA30A6134F3F6B6"
"FC模拟器\新DC篇完整修改器.exe.sha256.txt","95","A4D47E111724B5AF185378100F9CCA5AA067B1233341933F8C6FD3325A8DD1E5"
"FC模拟器\auxlib.lua","1724","C13455AFF316C7E612072FCE981BDF497A770870EE23C86FCD6E72D0BB5F39D4"
"FC模拟器\DC_kuorong - 副本.nes","1310736","1DDD4F74B2D3ACEAA8A0BC4A6846BE8E6148C858C2D8EA5A1F6E0A04F0AD4A75"
"FC模拟器\DC_kuorong.nes","1310736","1DDD4F74B2D3ACEAA8A0BC4A6846BE8E6148C858C2D8EA5A1F6E0A04F0AD4A75"
"FC模拟器\fceux.chm","401195","1CAB3EB001E96B48079C48B589F5105BD00CAC353098428623AE7B9BB4AE85E6"
"FC模拟器\fceux64.exe","5422592","DD615970B67D91ED6CE040E34686CB45A71F5F69350A69028A7625F6EF912271"
"FC模拟器\fcs\新DC_v1_FamiStudio_MMC5移植_琉妮与白河愁战斗曲_实验.fc0","124686","1B80F1F21A3CE366C099103EE8B430625CA855E918DFF05B220B1FAB92888ADB"
"FC模拟器\lua5.1.dll","314880","23719300FA4AE3116E97C313B838945BB2C1E02094DAEE8165939059AAAD82C5"
"FC模拟器\lua51.dll","11776","A85CED1C2078348684B74BCC20074F63A73D02881E5DCD002581ED757D8ADF86"
"FC模拟器\luaScripts\AVI-HeadsUpDisplay.lua","3583","666AD36B9750842E387ECF7CEFC71B40792AC8591A3F097E727E2B37436182E5"
"FC模拟器\luaScripts\BoulderDash_AmoebaAI.lua","25468","851FDDBEECC341234F1499D2FDDC9D1866E3439B3996E5BD91619C7F59844963"
"FC模拟器\luaScripts\BugsBunnyBirthdayBlowout.lua","5535","9F6B01DF8F2F83F814499DCEEE367DB3E69C7FC308071759A2C069D791698812"
"FC模拟器\luaScripts\ButtonCount.lua","4183","4286DE2BFC4574716BCC70D72CF64275D8AE62515236DE517ABF7750409F1AEB"
"FC模拟器\luaScripts\CustomLagIndicator_RvT.lua","2017","4832592B5E91A94C19CE0D6CF553E63C6BFF9994245CD68DB4518DA175F739C6"
"FC模拟器\luaScripts\Excitingbike-speedometeronly.lua","2348","7EB84429070DD7FB6F3981BF5F12B566E532EB4CEAAE486CFCA1F7D201D26768"
"FC模拟器\luaScripts\Excitingbike.lua","6099","9D7C29C89185C46E14AC0FD0576A21115934AB5592B1C5CBCAB6A9570BECC3C9"
"FC模拟器\luaScripts\FRKfunctions.lua","20772","FFFB259A1BFCBD26AD974FAAFC0F8962AF22DFA97D7206D0E5EC0393BA990BC3"
"FC模拟器\luaScripts\Galaxian.lua","5795","8CE76B7793F7E7C01BF82D3F0949AD274B4FEF62CB522CA6BD59DC0A3ED0D318"
"FC模拟器\luaScripts\Gradius-BulletHell.lua","11561","B6BDA6DBB984A806D3EBDE642B1B828197F4AA4E65A5AB2FC9F77870E7DF0980"
"FC模拟器\luaScripts\GUI-iup_button.lua","744","ED7A48D5B7EC6CC4645B7C2A4409BF1B6B4291CC97DA201C4C36E37D2AC772E7"
"FC模拟器\luaScripts\GUI-iup_example.lua","8299","E07B8373332449E7A83168E733871E6A6B99758338405B5C82B0A8BB0610610F"
"FC模拟器\luaScripts\JumpingFCEUXWindow.lua","1202","2BAB6DC5CB1775278E361392797FB159AEAA1A790B3273635B2256CF4C2EAA1D"
"FC模拟器\luaScripts\luabot_framework.lua","22517","81C8F78DF82D3BAB1F79124A375986FC6388E5B3226E9F55AA7A16657DA111F4"
"FC模拟器\luaScripts\Luabot.lua","13777","26ED9941FBC280C99DC57545688A2775C84066112B052DB7D2AC62110BF4F491"
"FC模拟器\luaScripts\m_utils.lua","5670","E5F6D32A86B967AE4DA5E573143F76BB6D269E1259A95712596BB4A57C855A6F"
"FC模拟器\luaScripts\Machrider.lua","7250","E7EA3A9A207B8485DEB82B0DA07CD2085D8FD303764C126080F948935BAD09F1"
"FC模拟器\luaScripts\MegamanII-LaserEyes.lua","18880","6BB2C3EA5DC604EFF23C24F71E907C21F1F02242C739654D4D0060C4D61EC02A"
"FC模拟器\luaScripts\MemoryWatch.lua","1479","B8C718A36AB117D45A6FDE314E899B2710204E0EB2B90E34E67476099594A990"
"FC模拟器\luaScripts\Multitrack.lua","27590","0F2E5BF1B2E6EAE35382084A562F2C78582D085E043D7A60DF46C56785FFA011"
"FC模拟器\luaScripts\Multitrack2.lua","44743","8EAB5E8F7B0F257ACFB1B20C71E54734F4871F97F47ACEA93C96FA81106BB286"
"FC模拟器\luaScripts\NightmareElmStreet-4Player.lua","1453","43243B700C84BBC6E0989F14D4F55BDB90BBB06764C59FA518A9DE994D0442D2"
"FC模拟器\luaScripts\PunchOutChallenge.lua","10402","ED08D8DF1F37D13CA7E80626EE6349DD57C3BE0D3178A9E858FB11DCDD0C18A4"
"FC模拟器\luaScripts\PunchOutStats.lua","2262","5AE8D3FE1A461B22213434FEC06070C74A2BF9CD06902E998881902A2C446006"
"FC模拟器\luaScripts\PunchOutTraining.lua","4332","E6E552CA3CFD17F429DE4550488E76CA3A39A62664508EE7602DFAA4097DF3EE"
"FC模拟器\luaScripts\RBIBaseball.lua","4983","D800F77F4A562309FE450E5746DEC497151B67CB360E75469FBCD0C27D84C32E"
"FC模拟器\luaScripts\Registerfind(CheatSearch).lua","5626","8E9E6C4642E8720447AE3FD2A5A6D8DDFA3EBBDCC26C36F41ACF59FFD909F2D7"
"FC模拟器\luaScripts\Rewinder.lua","2482","B56B1273F818969516CDBBFDAAEF707E97BCEBA9C27BE020A6D4F373EA67E162"
"FC模拟器\luaScripts\scrolling-pitch-display.lua","5740","1D82684B1D27FD415581639A455A69EB1149D9A71A38F56119E9D4950F2C8AAB"
"FC模拟器\luaScripts\shapedefs.lua","1176","CAF70B2FB7CF926D02E7686EFD3A55427FB4F34A57130FEEBAFCBDE363B86428"
"FC模拟器\luaScripts\ShowPalette.lua","1875","03EBC3BA981DCE88B0DC4B0BF6CCA8E8F319805DD9F403406434F14A909E1F70"
"FC模拟器\luaScripts\SMB-AreaScrambler.lua","2561","31C02D9D47DF1142955573DD070BCA81CA1E481F62815245602B8D2016E7A32D"
"FC模拟器\luaScripts\SMB-CompetitionRecorder.lua","3932","1665A715D476E0094B8DD210F739B0673A9223FB147AD456E9FEDF9FC3F62955"
"FC模拟器\luaScripts\SMB-HitBoxes.lua","8892","84DF2F3E1C714E57AD9D09B039C5668947C36B85682BDEA7A1FDC4F1A160E4D5"
"FC模拟器\luaScripts\SMB-Jetpack.lua","10618","5DDFB097E8AF1C84D1E2B3F72E8D6A884965E356511E7CED0845942D661218F2"
"FC模拟器\luaScripts\SMB-Lives&HPDisplay.lua","2245","811AC9FA08EAC8A88D014695489FE5BA63F902537D38FBE0F7F675C94C96E325"
"FC模拟器\luaScripts\SMB-Mouse.lua","17416","988F1D7BB5D40539880D390F5C5124232BDFCC174FE1E15EC8821FDB997002DE"
"FC模拟器\luaScripts\SMB-Snow.lua","6825","C3BE5B3F01B1FD02B9057C045F6D01848FA023E6F307B7FC1058CCCE58436C01"
"FC模拟器\luaScripts\SMB2U.lua","6222","5FE942E5A56785BB06F352D386737DCF2E7FA87279282A64E21EEA40D17C8036"
"FC模拟器\luaScripts\SMB3-RainbowRiding.lua","15147","8B3F9C8D86AAD6EB238A3C95232EBC3321F79D81005E70C2E4B3E1F268025F38"
"FC模拟器\luaScripts\SoundDisplay.lua","10941","E58B76C65FE1C250B0566E4FEAF9DCD9B2B4C54BAC89F84B1C865D893C85EC77"
"FC模拟器\luaScripts\SoundDisplay2.lua","13975","85168F3F8EE69A645741FC02633012D00F664AC60AEFA3E038ADE27E032B135A"
"FC模拟器\luaScripts\Sprites.lua","3002","C45EF536B19E8858716A888DD729841C6ED60F0B0374B0D4C67D69ABF570B5CC"
"FC模拟器\luaScripts\SpritesSimple.lua","1048","6A85621F2F3A5E7C42DDD8D3586D66466129F72D184D2C54A7C018F47D5D8754"
"FC模拟器\luaScripts\Subtitler.lua","12580","D550685784733646488EA1929A4AA3A31D04FF919DDFA4C14DD4A9840C45CB9C"
"FC模拟器\luaScripts\taseditor\InputDisplay_for_Selection.lua","2511","1FBF56B2F1BF1CEF5B498C2B33E13FE4D89DD5316ED4CA3E6817761E8AE34A30"
"FC模拟器\luaScripts\taseditor\InvertSelection.lua","1832","00AE19EC3BEB87D59B3402B175F2C674242B61E5E4ECE2A5B2A68CDABA298A7B"
"FC模拟器\luaScripts\taseditor\RecordBackwards.lua","4179","09396F161EF10F394F47802DD306E5F72067FA5E7F13FD5CD58D065BE6F6F082"
"FC模拟器\luaScripts\taseditor\ShowNotes.lua","2511","DD6EDBC3079B6537DEB12EB411300D72F7CD016378B92DBEBE9A4B67D941739B"
"FC模拟器\luaScripts\taseditor\Swap1P2P.lua","1502","F62F58ADF7A54EF1272BA77FB7BC52E047C4E34B74FCBFFFC4BC004C8B319ABB"
"FC模拟器\luaScripts\taseditor\TrackNoise.lua","3264","2E7C0ED4F9574C574334006CC865C8C301472DC94CC7F11DA3FC6DF04967EC09"
"FC模拟器\luaScripts\TeenageMutantNinjaTurtles.lua","1618","DAA6B3956B5140DE3DA58309DD1D0C7A63F0F79E55196FDD6655B50A181B897E"
"FC模拟器\luaScripts\tetris.lua","5355","C31B4314EB4527A3C4084BA1E7805AD1D67FAD876DAAFD1B9C986CA5E9D4B5BD"
"FC模拟器\luaScripts\UsingLuaBot-Documentation.txt","9560","9DCC0B5035EBF185C752F301443846DD30BA441ECEA5C1208118E1E4C3088BF8"
"FC模拟器\luaScripts\UsingLuaScripting-Documentation.txt","10365","6D72A130AAD8B1990984F99E43B7ECDB3C6B16494AA1A2B3A9E56ED65CD4D208"
"FC模拟器\luaScripts\UsingLuaScripting-ListofFunctions.txt","13275","0A22A4165A12E5E8E0E6510F1FE95FCE018C6B0C352C966250C56F199215832E"
"FC模拟器\luaScripts\vnb.lua","17034","0A66437C8E83C2EB3383EDF330BD530D94A16458FCB0376B3E6D1D9CBF66FE62"
"FC模拟器\luaScripts\x_functions.lua","6154","ED91843E9E4F82DEE06BF8D67E680EABD27541ED8373E1EA7CA822BC1D04F826"
"FC模拟器\luaScripts\x_interface.lua","3852","5A16C8F22ED0DC5B558B285626A20AB28D758DB3857EBD1996AFB817CBCDA406"
"FC模拟器\luaScripts\x_smb1enemylist.lua","2428","43C8FBA18A1B3CEE024AA25996892AE6FAC425DCD9090B8D95A5AD909D9C9870"
"FC模拟器\luaScripts\ZapperDisplay.lua","858","679CFB9351C21249FD4C96315E49D72DF6E300955DE6DAF13FB969FF70AAC1DC"
"FC模拟器\luaScripts\ZapperFun.lua","1863","2B111750E47F8105A3FD500EB33F365FD574EF7F8D4416A7CBED31F1E253B751"
"FC模拟器\palettes\ASQ_realityA.pal","192","FCA4701F8C3A9EAFC439762AD45EC8FC626B13F7E720834895BDC226A83899AA"
"FC模拟器\palettes\ASQ_realityB.pal","192","7081A7CFB0BDC9D11804B05D037AE7B2F7D41240455C75603390D8EF6C3076C4"
"FC模拟器\palettes\BMF_final2.pal","192","3780811B66B13FE9A32E5185F46ECADD669F52B95F64870456A0D062A0E04F70"
"FC模拟器\palettes\BMF_final3.pal","192","66CEF0B78243AE12ED3DF45A09FC1C9371922FC404443463DE404DA61EC39073"
"FC模拟器\palettes\Composite_Direct_FBX.pal","192","F035D4BD3EFF11B100A0C63AC7CE176C5224B5E805488FE5BB15E94C1B6AF22C"
"FC模拟器\palettes\FCEU-13-default_nitsuja.pal","192","F41C98318B0C31121E43946FB8DD94889D11AC071A9097E73FC782D1BBF47E3A"
"FC模拟器\palettes\FCEU-15-nitsuja_new.pal","192","20CD427A8CEB888F1B0E538C26F0B7368B58648F3C07260E1BEAAED1B5C7674C"
"FC模拟器\palettes\FCEUX.pal","192","BBB0355BCADC4BE771EFEB81930B09B17D97DCB8C70167A652902A789158C5F8"
"FC模拟器\palettes\NES_Classic_FBX.pal","192","26072575ABB8A28C1F541B8CBCF6386A9BB136C6FF397FC76D649B8E10F220FB"
"FC模拟器\palettes\nestopia_rgb.pal","192","9ED31878C480C803534AF2E330BB35D440C0401FA366B9C99122AF6810A58541"
"FC模拟器\palettes\nestopia_yuv.pal","192","52291E710C695E1B6EF593D67C64584F791FD3AE4B55AF3A00CD6D56FEA09E1D"
"FC模拟器\palettes\NRS_NTSC.pal","192","95BCA20B3DE42E05EF4DC8FCD7B21BB56A6FAABCC6FCEAB301C0F3C332DC89E4"
"FC模拟器\palettes\NRS_PAL.pal","192","6A51CB1F230EAABC0669859689C7956C7C7FCCA3059E4792F30905BD9A19BF2A"
"FC模拟器\palettes\PC-10.pal","192","9ED31878C480C803534AF2E330BB35D440C0401FA366B9C99122AF6810A58541"
"FC模拟器\palettes\PVM_Style_D93_FBX.pal","192","8D168EFE6A408DB2734277AB9B6E5B4E3112403E5892C5DE82F5C8EAEC7CDAFE"
"FC模拟器\palettes\r57shell_PAL.pal","192","C798E4F55D760D69ED20D9046D7BF55E4FEE138E713D97180E4BB341B4FC9365"
"FC模拟器\palettes\RP2C03.pal","1536","A7E4F76794ED7556CD2790E99AFBA69BFF9E3C0063994EE1F810CF078D7A2A9B"
"FC模拟器\palettes\RP2C04_0001.pal","1536","5CE2C96A6A0CA788ECB32BA7895D4548996A91FAE38D488CC04F73E73D330529"
"FC模拟器\palettes\RP2C04_0002.pal","1536","AC50E72AEC5658680BDFE761FEC37C5A96DCB043FA208D6CE0004FC3ADE06C7A"
"FC模拟器\palettes\RP2C04_0003.pal","1536","CC81A0EC45745F72AA3450207AC7E97C12D2E0172E581194E468A921BC19067A"
"FC模拟器\palettes\RP2C04_0004.pal","1536","F69D72ABC5A388306FFF94BC279421755469C216C46E217BE1C8149B9585B759"
"FC模拟器\palettes\Smooth_FBX.pal","192","1C30CB22380976043FF80AE907ADB1C12F34AC9C040EE417C90592D43D62CDE0"
"FC模拟器\palettes\SONY_CXA2025AS_US.pal","192","ABFAA5AEBB3001BD08C8F246C79D99F8F6B7FC98D1DBA493B0C32E857A91BF51"
"FC模拟器\palettes\Unsaturated-V6.pal","192","0A8C557C1BF6880D1FCF1BD234F1240F358B62CEC04945A5340970259D950179"
"FC模拟器\palettes\Wavebeam.pal","192","39D76DEECBFC98AB660B528FE1505FF912D2801F415F69C1474D8BB404123DA9"
"FC模拟器\sav\新DC_MMC5.sav","8192","8298418C5C52DAF3568AB512FC4853F917C2AAF29CC92D0EE5E3BC02BAD030B4"
"FC模拟器\sav\新DC_v1.sav","8192","AADF74D73A57207761665BB4F1A0B3424A8D3AD72C7CBB6830B370C5B7540D8C"
"FC模拟器\sav\新DC.sav","8192","F1E9C25F40DE0E300296646CB6798D19B6488CAC53F8568F3CF8C4CBC4CB433B"
"FC模拟器\sav\converted.sav","8192","4BBBDC41C72C0B9B1CC84B814D15B46C1BE160DFEE7808422D1907A3758BA848"
"FC模拟器\sav\DC_写入Dark Knight前备份.sav","8192","37912AFF2D8266B5E03ACC51AB68BC86A608F970CC1AA49B809C465491CA06F2"
"FC模拟器\sav\DC_鏅烘収涔嬬鎴樻枟鏇瞋Dark Knight.sav","8192","C9A6235F47583067EE4DEFA6A85C0D395E62BB7D64D9CEE49D7F9C3187A6B840"
"FC模拟器\sav\DC_kuorong.sav","8192","E0CD4A176707D7D3103F11CF3836E99A9DB193A153E536C826009C05FC07EBC3"
"FC模拟器\sav\DC-fixed-test.sav","8192","7CD5DD6583ADF97945135EE0DBA0D7E804EB0E518FB0B60C4801B63E0FCADC65"
"FC模拟器\sav\DC-patched-test.sav","8192","16A149B34222B916820CBEF2BC7155E5E0FB18402C7B19ADC1E615B3EAE052D8"
"FC模拟器\sav\DC.sav","8192","7CD5DD6583ADF97945135EE0DBA0D7E804EB0E518FB0B60C4801B63E0FCADC65"
"FC模拟器\sav\DQ.sav","8192","EDF7C79238DFE28CC597057B602A1A27EA9EAD9472F0B47305F04C4F59F265DD"
"FC模拟器\sav\skzy.sav","8192","5B836E44271D9A0D0356CC1D4395A4C1A647CCC110D881921CD04D9F6C843FB0"
"FC模拟器\sav\stable_name_test.sav","8192","F0D06E40C204E11DEDDD524CACF2D795BFDD85F4367181D1C54861D6ADD0F6EA"
"FC模拟器\sav\title-input.sav","8192","AA0DD30EC117751464252038B7E039493D8B6CC3E6B3E27801551B9802CA59B1"
"FC模拟器\sav\verify.sav","8192","C1DD1C1EE667262390C932E3EF0195526120E86E8192953D7AFD7804BAB827A6"
"FC模拟器\taseditor.chm","927849","66678B210E60DA71589A6C801BD09E1C47C15FB54DB5C759E8AE8DD331306337"
"FC模拟器\tools\taseditor_patterns.txt","1330","93860F8E00EC2C804E3EEFDE5FF10B754708280A45C1A276CAC23CB0AA9FE38D"
"patches\DC_FamiStudio_增容双引擎_测试.ips","524347","895A301DF94F7D59298EC7A97DAC78E0E32D6BC77CF6D5AF0DB091BB6B7D035B"
"README.md","19","43A15A8BBFFCF66D6FCB692A0833468EA5D838DC4D1620A8CE90A2A1CDA43BEE"
"requirements-modifier.txt","39","9986B48250723CC27FB6DA663D4E745F65C9E5FCD4D427162FB74EF7DCCDDFA4"
"tools\build_dc_expanded_dual_audio.py","26541","1D501183245F75142BA7D89F51BDF779B8AD86785CF8562A54A9E922FCCE701B"
"tools\dc_modifier\__init__.py","84","79C71B497CE83635D94A5A4529B30C5B1AF0F338C30DEB0467A3AAF8033C4A32"
"tools\dc_modifier\__main__.py","83","FA121CA1F0CC343BA2F1CEDFE18E9A77D79F66044D51D369F74B6BB76443CF45"
"tools\dc_modifier\app.py","21520","5E7979AE6C15995A7AA9C914E0413F5B29B5A83843B36F03948B1404ECEA00EA"
"tools\dc_modifier\chr_widget.py","14606","168C41291197E20835D37440BDF949A49D0E90DE7847B59FA324995CB73BD52F"
"tools\dc_modifier\event_page.py","16561","55593F5714E7914224ED1383F67261F167FFBBEE7BD729FE4C5DB4C8F3172E04"
"tools\dc_modifier\map_page.py","20350","F62A5BED44874AB133F6C4766541D8E1D0C1EF516F8E692CA5D14899582834FA"
"tools\dc_modifier\music_import.py","3211","15C124DDF41E2DF1E8305ADF9C7D88DAD52874BACC767BB0161A431FF6782573"
"tools\dc_modifier\pages.py","38159","3BF0127630E625B4D3A9B9475786BA5BB5CBC05DEB7AC5813069831F96806678"
"tools\dc_modifier\story_page.py","14443","2A9901C23507BD71BAC902A118B3544F61F1131B89CE0809F60E3AFC5D9C57B9"
"tools\dc_modifier\unit_import_page.py","12609","6892BFA0BC12086FD525B491A1F9B67CAEE9916AE0D25FCB5D0807E10065455F"
"tools\dc_modifier\unit_packages.py","3843","B93DAF0A3A721D90CBD44079BDFD5F215C2229332F1DAA97C1F0D2DCCE2D902E"
"tools\fc_editor\__init__.py","834","CA23834DF1110CBE282C0E068929268E2E2029F4B4B540004BAFC60D8E25C0BF"
"tools\fc_editor\changes.py","4028","D903C7E43D33CAA0F0A81212F1AB35323942D3493C25E8D94CF05A0C8B9F86F2"
"tools\fc_editor\codecs\__init__.py","843","72000FF97317D4DEBCB08C321C4239E6352FB36CF0A26BFC9107EEE3D40665F3"
"tools\fc_editor\codecs\battle_music.py","3411","9598BE468A0C57DB712E11FCD39768300E4ECB1A9474B87604E191ADA4D3092B"
"tools\fc_editor\codecs\chapter_event.py","9178","EC44B10E91A2D24772637F72250DEDEC66CE58DC8522164C1D5EC103C179600C"
"tools\fc_editor\codecs\chr.py","3421","6295E53D993E56FCD3175DD446D395529F1D894A090AF45971EE0D3219FB3B9A"
"tools\fc_editor\codecs\custom_music.py","2772","3D73A45A52A9C5FDAD51E6A26DFC7BAC80543895BA0D6DD50CB68A9E3D13E4FB"
"tools\fc_editor\codecs\event.py","3912","C63922E10E15465B4EB253ECE11464B67D220F5FB6C5917B722E07AD59BB64BE"
"tools\fc_editor\codecs\map.py","6676","7E225FF29DF175430C552629322340A9DD9C308BA648E73F8D7365FBF183F4F6"
"tools\fc_editor\codecs\scenario_layout.py","6483","CFAD98118B1315C7B319CE797EEFE01B9FA7E8A13808F863E828188916D9AC32"
"tools\fc_editor\codecs\story_text.py","7153","E2253CC9FE7D4BC868133AB2F480F4631A5F22A98187DDC037A834E847D89B8C"
"tools\fc_editor\codecs\unit_name.py","2635","04650443579F826807EB1F53517AA89AB9BA401FAA432D40895CC01416300AED"
"tools\fc_editor\codecs\unit_weapon.py","2664","C5AC57B00ADE474B255BDA29176B2EF1D70BED9A828DCD40ED05304EEE672900"
"tools\fc_editor\codecs\unit.py","4022","8D9FB334FAD70B2E85C0CEACC44E949E31B5CEB90A316AE4629695C5BBD826E1"
"tools\fc_editor\codecs\weapon.py","3480","F937832CEA8DDC3E7D4323A6B7234D6ADD7C0EE2EA67E2AB3221CABF14BE62BB"
"tools\fc_editor\constants.py","887","F762A6F26F29137DDF9D96BF4A20663705338AB179BD1A0543949CACD2FE161D"
"tools\fc_editor\errors.py","351","6A3E880FE649BD589261E9A9B1A70048539D2C2DF2ECFCC67ECF5659B8831BE6"
"tools\fc_editor\models.py","13722","EA59183B84A12E47BAA23A382CA911B1B9A3C4175B00097C9E139318EECD8A64"
"tools\fc_editor\profiles.py","16486","CD301E91B9829931720F0C3022E0F9968A2832A40333BEDA22E470A005037FFC"
"tools\fc_editor\project.py","26359","CDE9FA25ADF2FB9A84D737D85A4F2396CF4F24FE9216AD5ECCF9D32F605AC031"
"tools\fc_editor\resources.py","11164","7EE3F43321CD2E4F4E34CFE9D813846AC1F4870B23FB5797C820D4D175CC9586"
"tools\fc_editor\rom_image.py","4388","54414965058CD3DF69F1D8AD65CA7610EE2ED990450B176908B09705077661C0"
"tools\fc_editor\services\__init__.py","112","AEBA5A0652B60B9F9F56890D7EB377E032018CBD9937CFE9832E1DB30417DDD3"
"tools\fc_editor\services\validation.py","8758","2E5A11D73AF0B910ADA457E7B57378DBF1606A9B6F5DFC517D72D3EF2A4B31AF"
"tools\fc_editor\text_table.py","3947","CDCD8E45FF0632821A16F3C168D3F86FCA7897D208F8F3BFEFEC2141DBECEB00"
"tools\fc_editor\unit_package.py","10869","7BBB7AB40EE3C32FF04A75DB0D4B7AE9B0D9D72C42A9B9ECD0A5ED1CD314DCAF"
"tools\fc_rom_editor_core.py","60261","8EB62129B5D6716402200806B22517059B434FCBEC011C5F9A26DE715502F27B"
"tools\run_dc_modifier.py","516","A1B589EF8C165927A7FCDC349F857591C42D640B306774DA34EB138DCD61EAC2"
"tools\test_dc_expanded_dual_audio.py","7098","F423D6820D07C19F7296A182D9FC65EDD443BFBDB36680D2964B1AC40B18C3B9"
"tools\test_dc_modifier_ui.py","9381","592721B8888A7C2C1F15DFE5E21833BF26835ADDF1BB81270263334740341354"
"tools\test_dc_modifier.py","21659","CAF814E5CDA34E89DA442D8E035AE95FD7D31E38B5675FD47E44476E796435CF"
