sourceLine,tileAddress,token,text
1,06C010,B800,厮
2,06C022,B801,渴
3,06C034,B802,哭
4,06C046,B803,躯
5,06C058,B804,亦
6,06C06A,B805,缩
7,06C07C,B806,惨
8,06C08E,B807,坠
9,06C0A0,B808,言
10,06C0B2,B809,析
11,06C0C4,B80A,戮
12,06C0D6,B80B,玉
13,06C0E8,B80C,姐
14,06C0FA,B80D,赢
15,06C010,B80E,厮
16,06C010,B80F,厮
17,06C110,B810,益
18,06C122,B811,涉
19,06C134,B812,群
20,06C146,B813,众
21,06C158,B814,赋
22,06C16A,B815,估
23,06C17C,B816,妨
24,06C18E,B817,归
25,06C1A0,B818,藏
26,06C1B2,B819,、
27,06C1C4,B81A,弥
28,06C1D6,B81B,翁
29,06C1E8,B81C,鹰
30,06C1FA,B81D,苏
31,06C110,B81E,益
32,06C110,B81F,益
33,06C210,B820,奋
34,06C222,B821,陌
35,06C234,B822,燃
36,06C246,B823,殆
37,06C258,B824,怖
38,06C26A,B825,颤
39,06C27C,B826,栗
40,06C28E,B827,凝
41,06C2A0,B828,獠
42,06C2B2,B829,牙
43,06C2C4,B82A,偿
44,06C2D6,B82B,堪
45,06C2E8,B82C,摆
46,06C2FA,B82D,究
47,06C210,B82E,奋
48,06C210,B82F,奋
49,06C310,B830,背
50,06C322,B831,荣
51,06C334,B832,牺
52,06C346,B833,份
53,06C358,B834,逮
54,06C36A,B835,际
55,06C37C,B836,像
56,06C38E,B837,判
57,06C3A0,B838,饰
58,06C3B2,B839,雅
59,06C3C4,B83A,筋
60,06C3D6,B83B,深
61,06C3E8,B83C,屏
62,06C3FA,B83D,蔽
63,06C310,B83E,背
64,06C310,B83F,背
65,06C410,B840,朝
66,06C422,B841,汇
67,06C434,B842,周
68,06C446,B843,撑
69,06C458,B844,艘
70,06C46A,B845,右
71,06C47C,B846,幕
72,06C48E,B847,:
73,06C4A0,B848,愧
74,06C4B2,B849,父
75,06C4C4,B84A,隆
76,06C4D6,B84B,施
77,06C4E8,B84C,扔
78,06C4FA,B84D,臂
79,06C410,B84E,朝
80,06C410,B84F,朝
81,06C510,B850,宣
82,06C522,B851,惩
83,06C534,B852,罚
84,06C546,B853,姓
85,06C558,B854,四
86,06C56A,B855,六
87,06C57C,B856,码
88,06C58E,B857,署
89,06C5A0,B858,湮
90,06C5B2,B859,绚
91,06C5C4,B85A,烟
92,06C5D6,B85B,陨
93,06C5E8,B85C,毫
94,06C5FA,B85D,莱
95,06C510,B85E,宣
96,06C510,B85F,宣
97,06C610,B860,圈
98,06C622,B861,显
99,06C634,B862,另
100,06C646,B863,罢
101,06C658,B864,搜
102,06C66A,B865,贸
103,06C67C,B866,寻
104,06C68E,B867,稀
105,06C6A0,B868,耽
106,06C6B2,B869,搁
107,06C6C4,B86A,蚀
108,06C6D6,B86B,踪
109,06C6E8,B86C,岸
110,06C6FA,B86D,跃
111,06C610,B86E,圈
112,06C610,B86F,圈
113,06C710,B870,镇
114,06C722,B871,忧
115,06C734,B872,研
116,06C746,B873,·
117,06C758,B874,师
118,06C76A,B875,!
119,06C77C,B876,坐
120,06C78E,B877,骸
121,06C7A0,B878,骨
122,06C7B2,B879,植
123,06C7C4,B87A,堵
124,06C7D6,B87B,凑
125,06C7E8,B87C,疯
126,06C7FA,B87D,兄
127,06C710,B87E,镇
128,06C710,B87F,镇
129,06C810,B880,弟
130,06C822,B881,价
131,06C834,B882,棒
132,06C846,B883,嫉
133,06C858,B884,妒
134,06C86A,B885,权
135,06C87C,B886,蹭
136,06C88E,B887,货
137,06C8A0,B888,迁
138,06C8B2,B889,“
139,06C8C4,B88A,”
140,06C8D6,B88B,阶
141,06C8E8,B88C,善
142,06C8FA,B88D,甘
143,06C810,B88E,弟
144,06C810,B88F,弟
145,06C910,B890,阴
146,06C922,B891,怯
147,06C934,B892,尉
148,06C946,B893,","
149,06C958,B894,嘴
150,06C96A,B895,梭
151,06C97C,B896,柔
152,06C98E,B897,艰
153,06C9A0,B898,网
154,06C9B2,B899,省
155,06C9C4,B89A,席
156,06C9D6,B89B,每
157,06C9E8,B89C,诞
158,06C9FA,B89D,腐
159,06C910,B89E,阴
160,06C910,B89F,阴
161,06CA10,B8A0,朽
162,06CA22,B8A1,局
163,06CA34,B8A2,來
164,06CA46,B8A3,棘
165,06CA58,B8A4,填
166,06CA6A,B8A5,颗
167,06CA7C,B8A6,饵
168,06CA8E,B8A7,莎
169,06CAA0,B8A8,块
170,06CAB2,B8A9,石
171,06CAC4,B8AA,丢
172,06CAD6,B8AB,钓
173,06CAE8,B8AC,舱
174,06CAFA,B8AD,逞
175,06CA10,B8AE,朽
176,06CA10,B8AF,朽
177,06CB10,B8B0,免
178,06CB22,B8B1,盛
179,06CB34,B8B2,乡
180,06CB46,B8B3,葬
181,06CB58,B8B4,焚
182,06CB6A,B8B5,宴
183,06CB7C,B8B6,末
184,06CB8E,B8B7,睡
185,06CBA0,B8B8,毙
186,06CBB2,B8B9,孽
187,06CBC4,B8BA,悲
188,06CBD6,B8BB,哀
189,06CBE8,B8BC,累
190,06CBFA,B8BD,积
191,06CB10,B8BE,免
192,06CB10,B8BF,免
193,06CC10,B8C0,评
194,06CC22,B8C1,尚
195,06CC34,B8C2,端
196,06CC46,B8C3,溃
197,06CC58,B8C4,崩
198,06CC6A,B8C5,脚
199,06CC7C,B8C6,衍
200,06CC8E,B8C7,独
201,06CCA0,B8C8,粹
202,06CCB2,B8C9,祭
203,06CCC4,B8CA,祀
204,06CCD6,B8CB,印
205,06CCE8,B8CC,执
206,06CCFA,B8CD,瞒
207,06CC10,B8CE,评
208,06CC10,B8CF,评
209,06CD10,B8D0,寄
210,06CD22,B8D1,敏
211,06CD34,B8D2,洞
212,06CD46,B8D3,顺
213,06CD58,B8D4,遭
214,06CD6A,B8D5,竭
215,06CD7C,B8D6,曾
216,06CD8E,B8D7,卷
217,06CDA0,B8D8,国
218,06CDB2,B8D9,狗
219,06CDC4,B8DA,~
220,06CDD6,B8DB,嘎
221,06CDE8,B8DC,诶
222,06CDFA,B8DD,献
223,06CD10,B8DE,寄
224,06CD10,B8DF,寄
225,06CE10,B8E0,忠
226,06CE22,B8E1,奴
227,06CE34,B8E2,仆
228,06CE46,B8E3,姿
229,06CE58,B8E4,五
230,06CE6A,B8E5,签
231,06CE7C,B8E6,订
232,06CE8E,B8E7,契
233,06CEA0,B8E8,履
234,06CEB2,B8E9,遵
235,06CEC4,B8EA,串
236,06CED6,B8EB,括
237,06CEE8,B8EC,泳
238,06CEFA,B8ED,悬
239,06CE10,B8EE,忠
240,06CE10,B8EF,忠
241,06CF10,B8F0,崖
242,06CF22,B8F1,桥
243,06CF34,B8F2,柏
244,06CF46,B8F3,膨
245,06CF58,B8F4,胀
246,06CF6A,B8F5,惘
247,06CF7C,B8F6,绩
248,06CF8E,B8F7,插
249,06CFA0,B8F8,窘
250,06CFB2,B8F9,屈
251,06CFC4,B8FA,挚
252,06CFD6,B8FB,闹
253,06CFE8,B8FC,旺
254,06CFFA,B8FD,筑
255,06CF10,B8FE,崖
256,06CF10,B8FF,崖
257,06D010,B900,绪
258,06D022,B901,喊
259,06D034,B902,覆
260,06D046,B903,(
261,06D058,B904,)
262,06D06A,B905,房
263,06D07C,B906,辞
264,06D08E,B907,嚣
265,06D0A0,B908,京
266,06D0B2,B909,呆
267,06D0C4,B90A,醋
268,06D0D6,B90B,族
269,06D0E8,B90C,傀
270,06D0FA,B90D,儡
271,06D010,B90E,绪
272,06D010,B90F,绪
273,06D110,B910,沃
274,06D122,B911,晃
275,06D134,B912,硬
276,06D146,B913,咳
277,06D158,B914,拯
278,06D16A,B915,愈
279,06D17C,B916,唔
280,06D18E,B917,范
281,06D1A0,B918,蔓
282,06D1B2,B919,渣
283,06D1C4,B91A,靶
284,06D1D6,B91B,账
285,06D1E8,B91C,赐
286,06D1FA,B91D,遣
287,06D110,B91E,沃
288,06D110,B91F,沃
289,06D210,B920,甚
290,06D222,B921,缚
291,06D234,B922,欠
292,06D246,B923,私
293,06D258,B924,拟
294,06D26A,B925,项
295,06D27C,B926,枉
296,06D28E,B927,警
297,06D2A0,B928,伐
298,06D2B2,B929,渐
299,06D2C4,B92A,缜
300,06D2D6,B92B,泰
301,06D2E8,B92C,图
302,06D2FA,B92D,材
303,06D210,B92E,甚
304,06D210,B92F,甚
305,06D310,B930,山
306,06D322,B931,挪
307,06D334,B932,钥
308,06D346,B933,匙
309,06D358,B934,脖
310,06D36A,B935,偶
311,06D37C,B936,匣
312,06D38E,B937,描
313,06D3A0,B938,绘
314,06D3B2,B939,扭
315,06D3C4,B93A,豪
316,06D3D6,B93B,卿
317,06D3E8,B93C,揭
318,06D3FA,B93D,案
319,06D310,B93E,山
320,06D310,B93F,山
321,06D410,B940,腻
322,06D422,B941,觑
323,06D434,B942,衡
324,06D446,B943,烂
325,06D458,B944,唤
326,06D46A,B945,佣
327,06D47C,B946,奢
328,06D48E,B947,侈
329,06D4A0,B948,扯
330,06D4B2,B949,棋
331,06D4C4,B94A,渔
332,06D4D6,B94B,庆
333,06D4E8,B94C,壮
334,06D4FA,B94D,丫
335,06D410,B94E,腻
336,06D410,B94F,腻
337,06D510,B950,团
338,06D522,B951,购
339,06D534,B952,滞
340,06D546,B953,咯
341,06D558,B954,谬
342,06D56A,B955,叹
343,06D57C,B956,贡
344,06D58E,B957,赎
345,06D5A0,B958,佑
346,06D5B2,B959,僵
347,06D5C4,B95A,央
348,06D5D6,B95B,塌
349,06D5E8,B95C,谲
350,06D5FA,B95D,氛
351,06D510,B95E,团
352,06D510,B95F,团
353,06D610,B960,穴
354,06D622,B961,振
355,06D634,B962,诵
356,06D646,B963,章
357,06D658,B964,窟
358,06D66A,B965,逆
359,06D67C,B966,土
360,06D68E,B967,盯
361,06D6A0,B968,震
362,06D6B2,B969,责
363,06D6C4,B96A,|
364,06D6D6,B96B,陛
365,06D6E8,B96C,宾
366,06D6FA,B96D,跨
367,06D610,B96E,穴
368,06D610,B96F,穴
369,06D710,B970,尸
370,06D722,B971,懈
371,06D734,B972,坛
372,06D746,B973,侍
373,06D758,B974,奉
374,06D76A,B975,召
375,06D77C,B976,语
376,06D78E,B977,拒
377,06D7A0,B978,邃
378,06D7B2,B979,冥
379,06D7C4,B97A,皆
380,06D7D6,B97B,夹
381,06D7E8,B97C,素
382,06D7FA,B97D,促
383,06D710,B97E,尸
384,06D710,B97F,尸
385,06D810,B980,片
386,06D822,B981,迈
387,06D834,B982,歇
388,06D846,B983,抑
389,06D858,B984,俱
390,06D86A,B985,俄
391,06D87C,B986,墙
392,06D88E,B987,银
393,06D8A0,B988,漫
394,06D8B2,B989,呃
395,06D8C4,B98A,腿
396,06D8D6,B98B,熊
397,06D8E8,B98C,‘
398,06D8FA,B98D,’
399,06D810,B98E,片
400,06D810,B98F,片
401,06D910,B990,赞
402,06D922,B991,坍
403,06D934,B992,押
404,06D946,B993,蕴
405,06D958,B994,辉
406,06D96A,B995,顶
407,06D97C,B996,谎
408,06D98E,B997,恻
409,06D9A0,B998,雇
410,06D9B2,B999,兼
411,06D9C4,B99A,辅
412,06D9D6,B99B,捕
413,06D9E8,B99C,捉
414,06D9FA,B99D,阱
415,06D910,B99E,赞
416,06D910,B99F,赞
417,06DA10,B9A0,顽
418,06DA22,B9A1,旅
419,06DA34,B9A2,赠
420,06DA46,B9A3,呻
421,06DA58,B9A4,吟
422,06DA6A,B9A5,粮
423,06DA7C,B9A6,伸
424,06DA8E,B9A7,衰
425,06DAA0,B9A8,耗
426,06DAB2,B9A9,凌
427,06DAC4,B9AA,役
428,06DAD6,B9AB,扮
429,06DAE8,B9AC,玲
430,06DAFA,B9AD,霍
431,06DA10,B9AE,顽
432,06DA10,B9AF,顽
433,06DB10,B9B0,络
434,06DB22,B9B1,委
435,06DB34,B9B2,伎
436,06DB46,B9B3,俩
437,06DB58,B9B4,耳
438,06DB6A,B9B5,践
439,06DB7C,B9B6,踏
440,06DB8E,B9B7,逗
441,06DBA0,B9B8,申
442,06DBB2,B9B9,拘
443,06DBC4,B9BA,茫
444,06DBD6,B9BB,疗
445,06DBE8,B9BC,瘫
446,06DBFA,B9BD,痪
447,06DB10,B9BE,络
448,06DB10,B9BF,络
449,06DC10,B9C0,频
450,06DC22,B9C1,授
451,06DC34,B9C2,闻
452,06DC46,B9C3,漏
453,06DC58,B9C4,牢
454,06DC6A,B9C5,a
455,06DC7C,B9C6,b
456,06DC8E,B9C7,l
457,06DCA0,B9C8,h
458,06DCB2,B9C9,胞
459,06DCC4,B9CA,o
460,06DCD6,B9CB,c
461,06DCE8,B9CC,r
462,06DCFA,B9CD,u
463,06DC10,B9CE,频
464,06DC10,B9CF,频
465,06DD10,B9D0,z
466,06DD22,B9D1,『
467,06DD34,B9D2,』
468,06DD46,B9D3,符
469,06DD58,B9D4,花
470,06DD6A,B9D5,济
471,06DD7C,B9D6,恋
472,06DD8E,B9D7,拓
473,06DDA0,B9D8,啥
474,06DDB2,B9D9,诈
475,06DDC4,B9DA,×
476,06DDD6,B9DB,闯
477,06DDE8,B9DC,版
478,06DDFA,B9DD,档
479,06DD10,B9DE,z
480,06DD10,B9DF,z
481,06DE10,B9E0,栏
482,06DE22,B9E1,撒
483,06DE34,B9E2,啃
484,06DE46,B9E3,仓
485,06DE58,B9E4,垂
486,06DE6A,B9E5,鸟
487,06DE7C,B9E6,芥
488,06DE8E,B9E7,氘
489,06DEA0,B9E8,预
490,06DEB2,B9E9,园
491,06DEC4,B9EA,剂
492,06DED6,B9EB,谷
493,06DEE8,B9EC,育
494,06DEFA,B9ED,屿
495,06DE10,B9EE,栏
496,06DE10,B9EF,栏
497,06DF10,B9F0,缉
498,06DF22,B9F1,趟
499,06DF34,B9F2,横
500,06DF46,B9F3,贺
501,06DF58,B9F4,书
502,06DF6A,B9F5,侧
503,06DF7C,B9F6,?
504,06DF8E,B9F7,健
505,06DFA0,B9F8,蜥
506,06DFB2,B9F9,蜴
507,06DFC4,B9FA,枢
508,06DFD6,B9FB,逊
509,06DFE8,B9FC,吻
510,06DFFA,B9FD,愉
511,06DF10,B9FE,缉
512,06DF10,B9FF,缉
513,06E010,BA00,谜
514,06E022,BA01,焦
515,06E034,BA02,踢
516,06E046,BA03,习
517,06E058,BA04,厨
518,06E06A,BA05,啰
519,06E07C,BA06,嗦
520,06E08E,BA07,崎
521,06E0A0,BA08,郁
522,06E0B2,BA09,晶
523,06E0C4,BA0A,冠
524,06E0D6,BA0B,矿
525,06E0E8,BA0C,凤
526,06E0FA,BA0D,卑
527,06E010,BA0E,谜
528,06E010,BA0F,谜
529,06E110,BA10,鄙
530,06E122,BA11,吊
531,06E134,BA12,呛
532,06E146,BA13,擅
533,06E158,BA14,府
534,06E16A,BA15,厂
535,06E17C,BA16,摩
536,06E18E,BA17,挟
537,06E1A0,BA18,织
538,06E1B2,BA19,桑
539,06E1C4,BA1A,绿
540,06E1D6,BA1B,岚
541,06E1E8,BA1C,播
542,06E1FA,BA1D,企
543,06E110,BA1E,鄙
544,06E110,BA1F,鄙
545,06E210,BA20,绑
546,06E222,BA21,祸
547,06E234,BA22,副
548,06E246,BA23,绑
549,06E258,BA24,躁
550,06E26A,BA25,酬
551,06E27C,BA26,墟
552,06E28E,BA27,扫
553,06E2A0,BA28,凶
554,06E2B2,BA29,蜂
555,06E2C4,BA2A,窝
556,06E2D6,BA2B,墓
557,06E2E8,BA2C,羞
558,06E2FA,BA2D,泡
559,06E210,BA2E,绑
560,06E210,BA2F,绑
561,06E310,BA30,缔
562,06E322,BA31,福
563,06E334,BA32,灼
564,06E346,BA33,煽
565,06E358,BA34,挂
566,06E36A,BA35,俘
567,06E37C,BA36,虏
568,06E38E,BA37,肩
569,06E3A0,BA38,抛
570,06E3B2,BA39,繁
571,06E3C4,BA3A,孕
572,06E3D6,BA3B,炉
573,06E3E8,BA3C,堡
574,06E3FA,BA3D,仔
575,06E310,BA3E,缔
576,06E310,BA3F,缔
577,06E410,BA40,逢
578,06E422,BA41,惭
579,06E434,BA42,姑
580,06E446,BA43,吹
581,06E458,BA44,甩
582,06E46A,BA45,盲
583,06E47C,BA46,刑
584,06E48E,BA47,雾
585,06E4A0,BA48,屑
586,06E4B2,BA49,溺
587,06E4C4,BA4A,宽
588,06E4D6,BA4B,睹
589,06E4E8,BA4C,衷
590,06E4FA,BA4D,乙
591,06E410,BA4E,逢
592,06E410,BA4F,逢
593,06E510,BA50,荷
594,06E522,BA51,养
595,06E534,BA52,舌
596,06E546,BA53,苗
597,06E558,BA54,辨
598,06E56A,BA55,遥
599,06E57C,BA56,皇
600,06E58E,BA57,醉
601,06E5A0,BA58,澄
602,06E5B2,BA59,侮
603,06E5C4,BA5A,辱
604,06E5D6,BA5B,泥
605,06E5E8,BA5C,枯
606,06E5FA,BA5D,婚
607,06E510,BA5E,荷
608,06E510,BA5F,荷
609,06E610,BA60,脆
610,06E622,BA61,啸
611,06E634,BA62,瓣
612,06E646,BA63,滋
613,06E658,BA64,纹
614,06E66A,BA65,吼
615,06E67C,BA66,悼
616,06E68E,BA67,芒
617,06E6A0,BA68,挖
618,06E6B2,BA69,掘
619,06E6C4,BA6A,朱
620,06E6D6,BA6B,妻
621,06E6E8,BA6C,亿
622,06E6FA,BA6D,船
623,06E610,BA6E,脆
624,06E610,BA6F,脆
625,06E710,BA70,僧
626,06E722,BA71,炫
627,06E734,BA72,耀
628,06E746,BA73,苟
629,06E758,BA74,熏
630,06E76A,BA75,勾
631,06E77C,BA76,革
632,06E78E,BA77,督
633,06E7A0,BA78,尘
634,06E7B2,BA79,廊
635,06E7C4,BA7A,奸
636,06E7D6,BA7B,怂
637,06E7E8,BA7C,恿
638,06E7FA,BA7D,鲜
639,06E710,BA7E,僧
640,06E710,BA7F,僧
641,06E810,BA80,沾
642,06E822,BA81,疚
643,06E834,BA82,沟
644,06E846,BA83,誓
645,06E858,BA84,恼
646,06E86A,BA85,拱
647,06E87C,BA86,拨
648,06E88E,BA87,咐
649,06E8A0,BA88,锅
650,06E8B2,BA89,渺
651,06E8C4,BA8A,鼻
652,06E8D6,BA8B,锋
653,06E8E8,BA8C,慰
654,06E8FA,BA8D,雌
655,06E810,BA8E,沾
656,06E810,BA8F,沾
657,06E910,BA90,翻
658,06E922,BA91,摇
659,06E934,BA92,爽
660,06E946,BA93,惕
661,06E958,BA94,胸
662,06E96A,BA95,膛
663,06E97C,BA96,痒
664,06E98E,BA97,心
665,06E9A0,BA98,堕
666,06E9B2,BA99,慕
667,06E9C4,BA9A,杜
668,06E9D6,BA9B,抽
669,06E9E8,BA9C,牒
670,06E9FA,BA9D,党
671,06E910,BA9E,翻
672,06E910,BA9F,翻
673,06EA10,BAA0,懦
674,06EA22,BAA1,窝
675,06EA34,BAA2,囊
676,06EA46,BAA3,灌
677,06EA58,BAA4,绽
678,06EA6A,BAA5,绵
679,06EA7C,BAA6,卵
680,06EA8E,BAA7,厚
681,06EAA0,BAA8,惺
682,06EAB2,BAA9,谨
683,06EAC4,BAAA,兑
684,06EAD6,BAAB,砥
685,06EAE8,BAAC,砺
686,06EAFA,BAAD,勇
687,06EA10,BAAE,懦
688,06EA10,BAAF,懦
689,06EB10,BAB0,龟
690,06EB22,BAB1,壳
691,06EB34,BAB2,蝇
692,06EB46,BAB3,衅
693,06EB58,BAB4,屡
694,06EB6A,BAB5,仿
695,06EB7C,BAB6,兔
696,06EB8E,BAB7,循
697,06EBA0,BAB8,舍
698,06EBB2,BAB9,抖
699,06EBC4,BABA,庸
700,06EBD6,BABB,菜
701,06EBE8,BABC,碟
702,06EBFA,BABD,盗
703,06EB10,BABE,龟
704,06EB10,BABF,龟
705,06EC10,BAC0,饭
706,06EC22,BAC1,噩
707,06EC34,BAC2,碾
708,06EC46,BAC3,刷
709,06EC58,BAC4,垃圾
710,06EC6A,BAC5,圾
711,06EC7C,BAC6,龄
712,06EC8E,BAC7,韧
713,06ECA0,BAC8,颜
714,06ECB2,BAC9,锡
715,06ECC4,BACA,揍
716,06ECD6,BACB,扁
717,06ECE8,BACC,肮
718,06ECFA,BACD,伪
719,06EC10,BACE,饭
720,06EC10,BACF,饭
721,06ED10,BAD0,莽
722,06ED22,BAD1,滥
723,06ED34,BAD2,钝
724,06ED46,BAD3,熔
725,06ED58,BAD4,沦
726,06ED6A,BAD5,州
727,06ED7C,BAD6,烬
728,06ED8E,BAD7,疲
729,06EDA0,BAD8,惫
730,06EDB2,BAD9,遁
731,06EDC4,BADA,垃
732,06EDD6,BADB,侥
733,06EDE8,BADC,
734,06EDFA,BADD,
735,06ED10,BADE,莽
736,06ED10,BADF,莽
737,06EE10,BAE0,
738,06EE22,BAE1,
739,06EE34,BAE2,
740,06EE46,BAE3,
741,06EE58,BAE4,
742,06EE6A,BAE5,
743,06EE7C,BAE6,
744,06EE8E,BAE7,
745,06EEA0,BAE8,
746,06EEB2,BAE9,
747,06EEC4,BAEA,
748,06EED6,BAEB,
749,06EEE8,BAEC,
750,06EEFA,BAED,
751,06EE10,BAEE,
752,06EE10,BAEF,
753,06EF10,BAF0,
754,06EF22,BAF1,
755,06EF34,BAF2,
756,06EF46,BAF3,
757,06EF58,BAF4,
758,06EF6A,BAF5,
759,06EF7C,BAF6,
760,06EF8E,BAF7,
761,06EFA0,BAF8,
762,06EFB2,BAF9,
763,06EFC4,BAFA,
764,06EFD6,BAFB,
765,06EFE8,BAFC,
766,06EFFA,BAFD,
767,06EF10,BAFE,
768,06EF10,BAFF,
769,06F010,BB00,
770,06F022,BB01,
771,06F034,BB02,
772,06F046,BB03,
773,06F058,BB04,
774,06F06A,BB05,
775,06F07C,BB06,
776,06F08E,BB07,
777,06F0A0,BB08,
778,06F0B2,BB09,
779,06F0C4,BB0A,
780,06F0D6,BB0B,
781,06F0E8,BB0C,
782,06F0FA,BB0D,
783,06F010,BB0E,
784,06F010,BB0F,
785,06F110,BB10,
786,06F122,BB11,
787,06F134,BB12,
788,06F146,BB13,
789,06F158,BB14,
790,06F16A,BB15,
791,06F17C,BB16,
792,06F18E,BB17,
793,06F1A0,BB18,
794,06F1B2,BB19,
795,06F1C4,BB1A,
796,06F1D6,BB1B,
797,06F1E8,BB1C,
798,06F1FA,BB1D,
799,06F110,BB1E,
800,06F110,BB1F,
801,06F210,BB20,
802,06F222,BB21,
803,06F234,BB22,
804,06F246,BB23,
805,06F258,BB24,
806,06F26A,BB25,
807,06F27C,BB26,
808,06F28E,BB27,
809,06F2A0,BB28,
810,06F2B2,BB29,
811,06F2C4,BB2A,
812,06F2D6,BB2B,
813,06F2E8,BB2C,
814,06F2FA,BB2D,
815,06F210,BB2E,
816,06F210,BB2F,
817,06F310,BB30,
818,06F322,BB31,
819,06F334,BB32,
820,06F346,BB33,
821,06F358,BB34,
822,06F36A,BB35,
823,06F37C,BB36,
824,06F38E,BB37,
825,06F3A0,BB38,
826,06F3B2,BB39,
827,06F3C4,BB3A,
828,06F3D6,BB3B,
829,06F3E8,BB3C,
830,06F3FA,BB3D,
831,06F310,BB3E,
832,06F310,BB3F,
833,06F410,BB40,
834,06F422,BB41,
835,06F434,BB42,
836,06F446,BB43,
837,06F458,BB44,
838,06F46A,BB45,
839,06F47C,BB46,
840,06F48E,BB47,
841,06F4A0,BB48,
842,06F4B2,BB49,
843,06F4C4,BB4A,
844,06F4D6,BB4B,
845,06F4E8,BB4C,
846,06F4FA,BB4D,
847,06F410,BB4E,
848,06F410,BB4F,
849,06F510,BB50,
850,06F522,BB51,
851,06F534,BB52,
852,06F546,BB53,
853,06F558,BB54,
854,06F56A,BB55,
855,06F57C,BB56,
856,06F58E,BB57,
857,06F5A0,BB58,
858,06F5B2,BB59,
859,06F5C4,BB5A,
860,06F5D6,BB5B,
861,06F5E8,BB5C,
862,06F5FA,BB5D,
863,06F510,BB5E,
864,06F510,BB5F,
865,06F610,BB60,
866,06F622,BB61,
867,06F634,BB62,
868,06F646,BB63,
869,06F658,BB64,
870,06F66A,BB65,
871,06F67C,BB66,
872,06F68E,BB67,
873,06F6A0,BB68,
874,06F6B2,BB69,
875,06F6C4,BB6A,
876,06F6D6,BB6B,
877,06F6E8,BB6C,
878,06F6FA,BB6D,
879,06F610,BB6E,
880,06F610,BB6F,
881,06F710,BB70,
882,06F722,BB71,
883,06F734,BB72,
884,06F746,BB73,
885,06F758,BB74,
886,06F76A,BB75,
887,06F77C,BB76,
888,06F78E,BB77,
889,06F7A0,BB78,
890,06F7B2,BB79,
891,06F7C4,BB7A,
892,06F7D6,BB7B,
893,06F7E8,BB7C,
894,06F7FA,BB7D,
895,06F710,BB7E,
896,06F710,BB7F,
897,06F810,BB80,
898,06F822,BB81,
899,06F834,BB82,
900,06F846,BB83,
901,06F858,BB84,
902,06F86A,BB85,
903,06F87C,BB86,
904,06F88E,BB87,
905,06F8A0,BB88,
906,06F8B2,BB89,
907,06F8C4,BB8A,
908,06F8D6,BB8B,
909,06F8E8,BB8C,
910,06F8FA,BB8D,
911,06F810,BB8E,
912,06F810,BB8F,
913,06F910,BB90,
914,06F922,BB91,
915,06F934,BB92,
916,06F946,BB93,
917,06F958,BB94,
918,06F96A,BB95,
919,06F97C,BB96,
920,06F98E,BB97,
921,06F9A0,BB98,
922,06F9B2,BB99,
923,06F9C4,BB9A,
924,06F9D6,BB9B,
925,06F9E8,BB9C,
926,06F9FA,BB9D,
927,06F910,BB9E,
928,06F910,BB9F,
929,06FA10,BBA0,
930,06FA22,BBA1,
931,06FA34,BBA2,
932,06FA46,BBA3,
933,06FA58,BBA4,
934,06FA6A,BBA5,
935,06FA7C,BBA6,
936,06FA8E,BBA7,
937,06FAA0,BBA8,
938,06FAB2,BBA9,
939,06FAC4,BBAA,
940,06FAD6,BBAB,
941,06FAE8,BBAC,
942,06FAFA,BBAD,
943,06FA10,BBAE,
944,06FA10,BBAF,
945,06FB10,BBB0,
946,06FB22,BBB1,
947,06FB34,BBB2,
948,06FB46,BBB3,
949,06FB58,BBB4,
950,06FB6A,BBB5,
951,06FB7C,BBB6,
952,06FB8E,BBB7,
953,06FBA0,BBB8,
954,06FBB2,BBB9,
955,06FBC4,BBBA,
956,06FBD6,BBBB,
957,06FBE8,BBBC,
958,06FBFA,BBBD,
959,06FB10,BBBE,
960,06FB10,BBBF,
961,06FC10,BBC0,
962,06FC22,BBC1,
963,06FC34,BBC2,
964,06FC46,BBC3,
965,06FC58,BBC4,
966,06FC6A,BBC5,
967,06FC7C,BBC6,
968,06FC8E,BBC7,
969,06FCA0,BBC8,
970,06FCB2,BBC9,
971,06FCC4,BBCA,
972,06FCD6,BBCB,
973,06FCE8,BBCC,
974,06FCFA,BBCD,
975,06FC10,BBCE,
976,06FC10,BBCF,
977,06FD10,BBD0,
978,06FD22,BBD1,
979,06FD34,BBD2,
980,06FD46,BBD3,
981,06FD58,BBD4,
982,06FD6A,BBD5,
983,06FD7C,BBD6,
984,06FD8E,BBD7,
985,06FDA0,BBD8,
986,06FDB2,BBD9,
987,06FDC4,BBDA,
988,06FDD6,BBDB,
989,06FDE8,BBDC,
990,06FDFA,BBDD,
991,06FD10,BBDE,
992,06FD10,BBDF,
993,06FE10,BBE0,
994,06FE22,BBE1,
995,06FE34,BBE2,
996,06FE46,BBE3,
997,06FE58,BBE4,
998,06FE6A,BBE5,
999,06FE7C,BBE6,
1000,06FE8E,BBE7,
1001,06FEA0,BBE8,
1002,06FEB2,BBE9,
1003,06FEC4,BBEA,
1004,06FED6,BBEB,
1005,06FEE8,BBEC,
1006,06FEFA,BBED,
1007,06FE10,BBEE,
1008,06FE10,BBEF,
1009,06FF10,BBF0,
1010,06FF22,BBF1,
1011,06FF34,BBF2,
1012,06FF46,BBF3,
1013,06FF58,BBF4,
1014,06FF6A,BBF5,
1015,06FF7C,BBF6,
1016,06FF8E,BBF7,
1017,06FFA0,BBF8,
1018,06FFB2,BBF9,
1019,06FFC4,BBFA,
1020,06FFD6,BBFB,
1021,06FFE8,BBFC,
1022,06FFFA,BBFD,
1023,06FF10,BBFE,
1024,06FF10,BBFF,
1025,070010,C800,啊
1026,070022,C801,杂
1027,070034,C802,唯
1028,070046,C803,辜
1029,070058,C804,欲
1030,07006A,C805,贯
1031,07007C,C806,竟
1032,07008E,C807,匹
1033,0700A0,C808,赌
1034,0700B2,C809,悟
1035,0700C4,C80A,享
1036,0700D6,C80B,番
1037,0700E8,C80C,罪
1038,0700FA,C80D,证
1039,070010,C80E,啊
1040,070010,C80F,啊
1041,070110,C810,焉
1042,070122,C811,呜
1043,070134,C812,考
1044,070146,C813,虑
1045,070158,C814,勃
1046,07016A,C815,宁
1047,07017C,C816,抹
1048,07018E,C817,幻
1049,0701A0,C818,至
1050,0701B2,C819,承
1051,0701C4,C81A,吾
1052,0701D6,C81B,劳
1053,0701E8,C81C,惧
1054,0701FA,C81D,牌
1055,070110,C81E,焉
1056,070110,C81F,焉
1057,070210,C820,志
1058,070222,C821,瞬
1059,070234,C822,挣
1060,070246,C823,锁
1061,070258,C824,允
1062,07026A,C825,伟
1063,07027C,C826,铭
1064,07028E,C827,纠
1065,0702A0,C828,缠
1066,0702B2,C829,辈
1067,0702C4,C82A,裁
1068,0702D6,C82B,诅
1069,0702E8,C82C,咒
1070,0702FA,C82D,汝
1071,070210,C82E,志
1072,070210,C82F,志
1073,070310,C830,念
1074,070322,C831,趣
1075,070334,C832,共
1076,070346,C833,愚
1077,070358,C834,蠢
1078,07036A,C835,称
1079,07037C,C836,聊
1080,07038E,C837,佩
1081,0703A0,C838,业
1082,0703B2,C839,予
1083,0703C4,C83A,羽
1084,0703D6,C83B,箱
1085,0703E8,C83C,缪
1086,0703FA,C83D,雅
1087,070310,C83E,念
1088,070310,C83F,念
1089,070410,C840,筋
1090,070422,C841,朝
1091,070434,C842,四
1092,070446,C843,六
1093,070458,C844,葎
1094,07046A,C845,佳
1095,07047C,C846,擎
1096,07048E,C847,嫣
1097,0704A0,C848,戴
1098,0704B2,C849,花
1099,0704C4,C84A,赞
1100,0704D6,C84B,玫
1101,0704E8,C84C,瑰
1102,0704FA,C84D,云
1103,070410,C84E,筋
1104,070410,C84F,筋
1105,070510,C850,骨
1106,070522,C851,岩
1107,070534,C852,兽
1108,070546,C853,仑
1109,070558,C854,苍
1110,07056A,C855,骷
1111,07057C,C856,髅
1112,07058E,C857,篷
1113,0705A0,C858,蝗
1114,0705B2,C859,圣
1115,0705C4,C85A,抚
1116,0705D6,C85B,矢
1117,0705E8,C85C,璃
1118,0705FA,C85D,泪
1119,070510,C85E,骨
1120,070510,C85F,骨
1121,070610,C860,雪
1122,070622,C861,丹
1123,070634,C862,赫
1124,070646,C863,帅
1125,070658,C864,丈
1126,07066A,C865,洁
1127,07067C,C866,黄
1128,07068E,C867,润
1129,0706A0,C868,蔡
1130,0706B2,C869,斋
1131,0706C4,C86A,蝴
1132,0706D6,C86B,奴
1133,0706E8,C86C,框
1134,0706FA,C86D,恭
1135,070610,C86E,雪
1136,070610,C86F,雪
1137,070710,C870,班
1138,070722,C871,玻
1139,070734,C872,九
1140,070746,C873,蜻
1141,070758,C874,蜓
1142,07076A,C875,牧
1143,07077C,C876,叶
1144,07078E,C877,洋
1145,0707A0,C878,卖
1146,0707B2,C879,售
1147,0707C4,C87A,墨
1148,0707D6,C87B,捷
1149,0707E8,C87C,飙
1150,0707FA,C87D,草
1151,070710,C87E,班
1152,070710,C87F,班
1153,070810,C880,桐
1154,070822,C881,瑟
1155,070834,C882,霜
1156,070846,C883,尊
1157,070858,C884,倾
1158,07086A,C885,泻
1159,07087C,C886,泰
1160,07088E,C887,权
1161,0708A0,C888,谬
1162,0708B2,C889,莱
1163,0708C4,C88A,健
1164,0708D6,C88B,敏
1165,0708E8,C88C,鹰
1166,0708FA,C88D,坍
1167,070810,C88E,桐
1168,070810,C88F,桐
1169,070910,C890,塌
1170,070922,C891,踪
1171,070934,C892,劫
1172,070946,C893,净
1173,070958,C894,氧
1174,07096A,C895,莎
1175,07097C,C896,蚊
1176,07098E,C897,恋
1177,0709A0,C898,青
1178,0709B2,C899,版
1179,0709C4,C89A,隼
1180,0709D6,C89B,臧
1181,0709E8,C89C,薄
1182,0709FA,C89D,励
1183,070910,C89E,塌
1184,070910,C89F,塌
1185,070A10,C8A0,垒
1186,070A22,C8A1,山
1187,070A34,C8A2,崩
1188,070A46,C8A3,州
1189,070A58,C8A4,牛
1190,070A6A,C8A5,仔
1191,070A7C,C8A6,凤
1192,070A8E,C8A7,村
1193,070AA0,C8A8,牺
1194,070AB2,C8A9,荆
1195,070AC4,C8AA,喽
1196,070AD6,C8AB,奔
1197,070AE8,C8AC,曹
1198,070AFA,C8AD,柯
1199,070A10,C8AE,垒
1200,070A10,C8AF,垒
1201,070B10,C8B0,贪
1202,070B22,C8B1,蜘
1203,070B34,C8B2,蛛
1204,070B46,C8B3,茵
1205,070B58,C8B4,爸
1206,070B6A,C8B5,蟹
1207,070B7C,C8B6,喀
1208,070B8E,C8B7,悉
1209,070BA0,C8B8,赤
1210,070BB2,C8B9,彗
1211,070BC4,C8BA,乞
1212,070BD6,C8BB,铜
1213,070BE8,C8BC,绊
1214,070BFA,C8BD,圆
1215,070B10,C8BE,贪
1216,070B10,C8BF,贪
1217,070C10,C8C0,臂
1218,070C22,C8C1,氏
1219,070C34,C8C2,峙
1220,070C46,C8C3,沐
1221,070C58,C8C4,浴
1222,070C6A,C8C5,暖
1223,070C7C,C8C6,胸
1224,070C8E,C8C7,杜
1225,070CA0,C8C8,赘
1226,070CB2,C8C9,贤
1227,070CC4,C8CA,伪
1228,070CD6,C8CB,董
1229,070CE8,C8CC,肩
1230,070CFA,C8CD,透
1231,070C10,C8CE,臂
1232,070C10,C8CF,臂
1233,070D10,C8D0,堡
1234,070D22,C8D1,康
1235,070D34,C8D2,乏
1236,070D46,C8D3,琐
1237,070D58,C8D4,傻
1238,070D6A,C8D5,瓜
1239,070D7C,C8D6,嫩
1240,070D8E,C8D7,银
1241,070DA0,C8D8,皮
1242,070DB2,C8D9,侠
1243,070DC4,C8DA,歌
1244,070DD6,C8DB,阴
1245,070DE8,C8DC,免
1246,070DFA,C8DD,闲
1247,070D10,C8DE,堡
1248,070D10,C8DF,堡
1249,070E10,C8E0,侓
1250,070E22,C8E1,票
1251,070E34,C8E2,购
1252,070E46,C8E3,税
1253,070E58,C8E4,愉
1254,070E6A,C8E5,快
1255,070E7C,C8E6,婆
1256,070E8E,C8E7,糖
1257,070EA0,C8E8,砸
1258,070EB2,C8E9,臭
1259,070EC4,C8EA,敲
1260,070ED6,C8EB,飚
1261,070EE8,C8EC,悠
1262,070EFA,C8ED,虾
1263,070E10,C8EE,侓
1264,070E10,C8EF,侓
1265,070F10,C8F0,抄
1266,070F22,C8F1,钧
1267,070F34,C8F2,筹
1268,070F46,C8F3,匿
1269,070F58,C8F4,孙
1270,070F6A,C8F5,昌
1271,070F7C,C8F6,究
1272,070F8E,C8F7,剥
1273,070FA0,C8F8,辖
1274,070FB2,C8F9,渊
1275,070FC4,C8FA,捻
1276,070FD6,C8FB,篇
1277,070FE8,C8FC,睿
1278,070FFA,C8FD,辉
1279,070F10,C8FE,抄
1280,070F10,C8FF,抄
1281,071010,C900,空
1282,071022,C901,陆
1283,071034,C902,海
1284,071046,C903,移
1285,071058,C904,动
1286,07106A,C905,状
1287,07107C,C906,态
1288,07108E,C907,攻
1289,0710A0,C908,击
1290,0710B2,C909,精
1291,0710C4,C90A,神
1292,0710D6,C90B,变
1293,0710E8,C90C,形
1294,0710FA,C90D,劝
1295,071010,C90E,空
1296,071010,C90F,空
1297,071110,C910,降
1298,071122,C911,待
1299,071134,C912,命
1300,071146,C913,搭
1301,071158,C914,载
1302,07116A,C915,起
1303,07117C,C916,飞
1304,07118E,C917,驾
1305,0711A0,C918,驶
1306,0711B2,C919,员
1307,0711C4,C91A,舰
1308,0711D6,C91B,长
1309,0711E8,C91C,毅
1310,0711FA,C91D,力
1311,071110,C91E,降
1312,071110,C91F,降
1313,071210,C920,加
1314,071222,C921,速
1315,071234,C922,瞄
1316,071246,C923,准
1317,071258,C924,防
1318,07126A,C925,守
1319,07127C,C926,强
1320,07128E,C927,友
1321,0712A0,C928,情
1322,0712B2,C929,必
1323,0712C4,C92A,杀
1324,0712D6,C92B,疾
1325,0712E8,C92C,风
1326,0712FA,C92D,回
1327,071210,C92E,加
1328,071210,C92F,加
1329,071310,C930,避
1330,071322,C931,潜
1331,071334,C932,热
1332,071346,C933,血
1333,071358,C934,义
1334,07136A,C935,传
1335,07137C,C936,真
1336,07138E,C937,援
1337,0713A0,C938,助
1338,0713B2,C939,怒
1339,0713C4,C93A,祈
1340,0713D6,C93B,祷
1341,0713E8,C93C,干
1342,0713FA,C93D,扰
1343,071310,C93E,避
1344,071310,C93F,避
1345,071410,C940,狂
1346,071422,C941,爱
1347,071434,C942,心
1348,071446,C943,度
1349,071458,C944,卫
1350,07146A,C945,最
1351,07147C,C946,高
1352,07148E,C947,Ｈ
1353,0714A0,C948,Ｐ
1354,0714B2,C949,经
1355,0714C4,C94A,验
1356,0714D6,C94B,值
1357,0714E8,C94C,＋
1358,0714FA,C94D,５
1359,071410,C94E,狂
1360,071410,C94F,狂
1361,071510,C950,３
1362,071522,C951,超
1363,071534,C952,合
1364,071546,C953,金
1365,071558,C954,Ｚ
1366,07156A,C955,磁
1367,07157C,C956,性
1368,07158E,C957,涂
1369,0715A0,C958,料
1370,0715B2,C959,感
1371,0715C4,C95A,器
1372,0715D6,C95B,Ｃ
1373,0715E8,C95C,装
1374,0715FA,C95D,甲
1375,071510,C95E,３
1376,071510,C95F,３
1377,071610,C960,Ｗ
1378,071622,C961,推
1379,071634,C962,喷
1380,071646,C963,气
1381,071658,C964,机
1382,07166A,C965,翼
1383,07167C,C966,Ⅱ
1384,07168E,C967,Ｍ
1385,0716A0,C968,电
1386,0716B2,C969,子
1387,0716C4,C96A,盾
1388,0716D6,C96B,米
1389,0716E8,C96C,诺
1390,0716FA,C96D,夫
1391,071610,C96E,Ｗ
1392,071610,C96F,Ｗ
1393,071710,C970,粒
1394,071722,C971,正
1395,071734,C972,医
1396,071746,C973,治
1397,071758,C974,维
1398,07176A,C975,修
1399,07177C,C976,斗
1400,07178E,C977,志
1401,0717A0,C978,勇
1402,0717B2,C979,愤
1403,0717C4,C97A,根
1404,0717D6,C97B,基
1405,0717E8,C97C,地
1406,0717FA,C97D,雷
1407,071710,C97E,粒
1408,071710,C97F,粒
1409,071810,C980,探
1410,071822,C981,Ｇ
1411,071834,C982,零
1412,071846,C983,件
1413,071858,C984,非
1414,07186A,C985,尔
1415,07187C,C986,卡
1416,07188E,C987,士
1417,0718A0,C988,兵
1418,0718B2,C989,查
1419,0718C4,C98A,里
1420,0718D6,C98B,大
1421,0718E8,C98C,代
1422,0718FA,C98D,龙
1423,071810,C98E,探
1424,071810,C98F,探
1425,071910,C990,欧
1426,071922,C991,文
1427,071934,C992,路
1428,071946,C993,易
1429,071958,C994,姆
1430,07196A,C995,希
1431,07197C,C996,塔
1432,07198E,C997,布
1433,0719A0,C998,克
1434,0719B2,C999,马
1435,0719C4,C99A,丁
1436,0719D6,C99B,由
1437,0719E8,C99C,美
1438,0719FA,C99D,发
1439,071910,C99E,欧
1440,071910,C99F,欧
1441,071A10,C9A0,杰
1442,071A22,C9A1,西
1443,071A34,C9A2,娃
1444,071A46,C9A3,安
1445,071A58,C9A4,东
1446,071A6A,C9A5,弗
1447,071A7C,C9A6,兰
1448,071A8E,C9A7,凯
1449,071AA0,C9A8,拉
1450,071AB2,C9A9,洛
1451,071AC4,C9AA,萨
1452,071AD6,C9AB,芬
1453,071AE8,C9AC,妮
1454,071AFA,C9AD,伊
1455,071A10,C9AE,杰
1456,071A10,C9AF,杰
1457,071B10,C9B0,普
1458,071B22,C9B1,休
1459,071B34,C9B2,斯
1460,071B46,C9B3,纳
1461,071B58,C9B4,麦
1462,071B6A,C9B5,肯
1463,071B7C,C9B6,特
1464,071B8E,C9B7,保
1465,071BA0,C9B8,罗
1466,071BB2,C9B9,梅
1467,071BC4,C9BA,朗
1468,071BD6,C9BB,琼
1469,071BE8,C9BC,亨
1470,071BFA,C9BD,利
1471,071B10,C9BE,普
1472,071B10,C9BF,普
1473,071C10,C9C0,思
1474,071C22,C9C1,温
1475,071C34,C9C2,尼
1476,071C46,C9C3,娜
1477,071C58,C9C4,奇
1478,071C6A,C9C5,托
1479,071C7C,C9C6,伦
1480,071C8E,C9C7,亚
1481,071CA0,C9C8,格
1482,071CB2,C9C9,恩
1483,071CC4,C9CA,帕
1484,071CD6,C9CB,珍
1485,071CE8,C9CC,贝
1486,071CFA,C9CD,乔
1487,071C10,C9CE,思
1488,071C10,C9CF,思
1489,071D10,C9D0,约
1490,071D22,C9D1,蒙
1491,071D34,C9D2,多
1492,071D46,C9D3,男
1493,071D58,C9D4,爵
1494,071D6A,C9D5,汤
1495,071D7C,C9D6,艾
1496,071D8E,C9D7,玛
1497,071DA0,C9D8,德
1498,071DB2,C9D9,莫
1499,071DC4,C9DA,尤
1500,071DD6,C9DB,瓦
1501,071DE8,C9DC,依
1502,071DFA,C9DD,邓
1503,071D10,C9DE,约
1504,071D10,C9DF,约
1505,071E10,C9E0,彼
1506,071E22,C9E1,得
1507,071E34,C9E2,吉
1508,071E46,C9E3,狄
1509,071E58,C9E4,假
1510,071E6A,C9E5,巴
1511,071E7C,C9E6,盖
1512,071E8E,C9E7,１
1513,071EA0,C9E8,２
1514,071EB2,C9E9,刚
1515,071EC4,C9EA,达
1516,071ED6,C9EB,扎
1517,071EE8,C9EC,比
1518,071EFA,C9ED,阿
1519,071E10,C9EE,彼
1520,071E10,C9EF,彼
1521,071F10,C9F0,波
1522,071F22,C9F1,Ａ
1523,071F34,C9F2,太
1524,071F46,C9F3,勒
1525,071F58,C9F4,道
1526,071F6A,C9F5,Ｑ
1527,071F7C,C9F6,博
1528,071F8E,C9F7,Ｋ
1529,071FA0,C9F8,７
1530,071FB2,C9F9,英
1531,071FC4,C9FA,Ｘ
1532,071FD6,C9FB,９
1533,071FE8,C9FC,古
1534,071FFA,C9FD,撞
1535,071F10,C9FE,波
1536,071F10,C9FF,波
1537,072010,CA00,切
1538,072022,CA01,邦
1539,072034,CA02,乍
1540,072046,CA03,哈
1541,072058,CA04,衣
1542,07206A,CA05,伯
1543,07207C,CA06,奥
1544,07208E,CA07,登
1545,0720A0,CA08,乌
1546,0720B2,CA09,兹
1547,0720C4,CA0A,宰
1548,0720D6,CA0B,科
1549,0720E8,CA0C,顿
1550,0720FA,CA0D,坎
1551,072010,CA0E,切
1552,072010,CA0F,切
1553,072110,CA10,埃
1554,072122,CA11,导
1555,072134,CA12,弹
1556,072146,CA13,Ｘ
1557,072158,CA14,连
1558,07216A,CA15,双
1559,07217C,CA16,钻
1560,07218E,CA17,虎
1561,0721A0,CA18,韦
1562,0721B2,CA19,Ｒ
1563,0721C4,CA1A,Ｆ
1564,0721D6,CA1B,齐
1565,0721E8,CA1C,怀
1566,0721FA,CA1D,奈
1567,072110,CA1E,埃
1568,072110,CA1F,埃
1569,072210,CA20,曼
1570,072222,CA21,炮
1571,072234,CA22,台
1572,072246,CA23,镜
1573,072258,CA24,秀
1574,07226A,CA25,Ⅲ
1575,07227C,CA26,光
1576,07228E,CA27,剑
1577,0722A0,CA28,束
1578,0722B2,CA29,枪
1579,0722C4,CA2A,穿
1580,0722D6,CA2B,射
1581,0722E8,CA2C,线
1582,0722FA,CA2D,械
1583,072210,CA2E,曼
1584,072210,CA2F,曼
1585,072310,CA30,刀
1586,072322,CA31,火
1587,072334,CA32,焰
1588,072346,CA33,中
1589,072358,CA34,原
1590,07236A,CA35,闪
1591,07237C,CA36,旋
1592,07238E,CA37,镖
1593,0723A0,CA38,质
1594,0723B2,CA39,压
1595,0723C4,CA3A,战
1596,0723D6,CA3B,斧
1597,0723E8,CA3C,冷
1598,0723FA,CA3D,冻
1599,072310,CA3E,刀
1600,072310,CA3F,刀
1601,072410,CA40,液
1602,072422,CA41,远
1603,072434,CA42,程
1604,072446,CA43,激
1605,072458,CA44,能
1606,07246A,CA45,母
1607,07247C,CA46,手
1608,07248E,CA47,持
1609,0724A0,CA48,螺
1610,0724B2,CA49,粉
1611,0724C4,CA4A,碎
1612,0724D6,CA4B,反
1613,0724E8,CA4C,重
1614,0724FA,CA4D,暴
1615,072410,CA4E,液
1616,072410,CA4F,液
1617,072510,CA50,十
1618,072522,CA51,字
1619,072534,CA52,宇
1620,072546,CA53,宙
1621,072558,CA54,面
1622,07256A,CA55,钩
1623,07257C,CA56,刃
1624,07258E,CA57,链
1625,0725A0,CA58,鱼
1626,0725B2,CA59,组
1627,0725C4,CA5A,脉
1628,0725D6,CA5B,冲
1629,0725E8,CA5C,ａ
1630,0725FA,CA5D,锯
1631,072510,CA5E,十
1632,072510,CA5F,十
1633,072610,CA60,齿
1634,072622,CA61,Χ
1635,072634,CA62,左
1636,072646,CA63,轮
1637,072658,CA64,箭
1638,07266A,CA65,鞭
1639,07267C,CA66,步
1640,07268E,CA67,溶
1641,0726A0,CA68,解
1642,0726B2,CA69,角
1643,0726C4,CA6A,破
1644,0726D6,CA6B,坏
1645,0726E8,CA6C,矛
1646,0726FA,CA6D,毒
1647,072610,CA6E,齿
1648,072610,CA6F,齿
1649,072710,CA70,红
1650,072722,CA71,外
1651,072734,CA72,三
1652,072746,CA73,指
1653,072758,CA74,叉
1654,07276A,CA75,坦
1655,07277C,CA76,扩
1656,07278E,CA77,散
1657,0727A0,CA78,农
1658,0727B2,CA79,爪
1659,0727C4,CA7A,栖
1660,0727D6,CA7B,近
1661,0727E8,CA7C,距
1662,0727FA,CA7D,级
1663,072710,CA7E,红
1664,072710,CA7F,红
1665,072810,CA80,尾
1666,072822,CA81,离
1667,072834,CA82,蝶
1668,072846,CA83,型
1669,072858,CA84,量
1670,07286A,CA85,球
1671,07287C,CA86,捣
1672,07288E,CA87,理
1673,0728A0,CA88,置
1674,0728B2,CA89,转
1675,0728C4,CA8A,林
1676,0728D6,CA8B,紫
1677,0728E8,CA8C,０
1678,0728FA,CA8D,Ｄ
1679,072810,CA8E,尾
1680,072810,CA8F,尾
1681,072910,CA90,结
1682,072922,CA91,工
1683,072934,CA92,具
1684,072946,CA93,存
1685,072958,CA94,储
1686,07296A,CA95,部
1687,07297C,CA96,队
1688,07298E,CA97,表
1689,0729A0,CA98,开
1690,0729B2,CA99,关
1691,0729C4,CA9A,目
1692,0729D6,CA9B,标
1693,0729E8,CA9C,Ｅ
1694,0729FA,CA9D,／
1695,072910,CA9E,结
1696,072910,CA9F,结
1697,072A10,CAA0,Ｂ
1698,072A22,CAA1,Ｓ
1699,072A34,CAA2,Ｏ
1700,072A46,CAA3,Ｕ
1701,072A58,CAA4,Ｎ
1702,072A6A,CAA5,Ｉ
1703,072A7C,CAA6,Ｔ
1704,072A8E,CAA7,．
1705,072AA0,CAA8,Ｌ
1706,072AB2,CAA9,Ｖ
1707,072AC4,CAAA,　
1708,072AD6,CAAB,水
1709,072AE8,CAAC,平
1710,072AFA,CAAD,全
1711,072A10,CAAE,Ｂ
1712,072A10,CAAF,Ｂ
1713,072B10,CAB0,歼
1714,072B22,CAB1,敌
1715,072B34,CAB2,人
1716,072B46,CAB3,即
1717,072B58,CAB4,胜
1718,072B6A,CAB5,°
1719,072B7C,CAB6,要
1720,072B8E,CAB7,塞
1721,072BA0,CAB8,就
1722,072BB2,CAB9,是
1723,072BC4,CABA,记
1724,072BD6,CABB,住
1725,072BE8,CABC,，
1726,072BFA,CABD,打
1727,072B10,CABE,歼
1728,072B10,CABF,歼
1729,072C10,CAC0,败
1730,072C22,CAC1,！
1731,072C34,CAC2,被
1732,072C46,CAC3,死
1733,072C58,CAC4,会
1734,072C6A,CAC5,失
1735,072C7C,CAC6,一
1736,072C8E,CAC7,定
1737,072CA0,CAC8,将
1738,072CB2,CAC9,弄
1739,072CC4,CACA,到
1740,072CD6,CACB,护
1741,072CE8,CACC,撤
1742,072CFA,CACD,在
1743,072C10,CACE,败
1744,072C10,CACF,败
1745,072D10,CAD0,内
1746,072D22,CAD1,下
1747,072D34,CAD2,索
1748,072D46,CAD3,来
1749,072D58,CAD4,须
1750,072D6A,CAD5,从
1751,072D7C,CAD6,的
1752,072D8E,CAD7,出
1753,072DA0,CAD8,口
1754,072DB2,CAD9,逃
1755,072DC4,CADA,坚
1756,072DD6,CADB,消
1757,072DE8,CADC,灭
1758,072DFA,CADD,请
1759,072D10,CADE,内
1760,072D10,CADF,内
1761,072E10,CAE0,以
1762,072E22,CAE1,赴
1763,072E34,CAE2,吗
1764,072E46,CAE3,？
1765,072E58,CAE4,否
1766,072E6A,CAE5,画
1767,072E7C,CAE6,游
1768,072E8E,CAE7,戏
1769,072EA0,CAE8,继
1770,072EB2,CAE9,续
1771,072EC4,CAEA,完
1772,072ED6,CAEB,毕
1773,072EE8,CAEC,没
1774,072EFA,CAED,有
1775,072E10,CAEE,以
1776,072E10,CAEF,以
1777,072F10,CAF0,页
1778,072F22,CAF1,类
1779,072F34,CAF2,升
1780,072F46,CAF3,还
1781,072F58,CAF4,需
1782,072F6A,CAF5,恢
1783,072F7C,CAF6,复
1784,072F8E,CAF7,不
1785,072FA0,CAF8,进
1786,072FB2,CAF9,但
1787,072FC4,CAFA,军
1788,072FD6,CAFB,用
1789,072FE8,CAFC,御
1790,072FFA,CAFD,成
1791,072F10,CAFE,页
1792,072F10,CAFF,页
1793,073010,CB00,功
1794,073022,CB01,损
1795,073034,CB02,倒
1796,073046,CB03,了
1797,073058,CB04,吸
1798,07306A,CB05,收
1799,07307C,CB06,和
1800,07308E,CB07,钱
1801,0730A0,CB08,阻
1802,0730B2,CB09,止
1803,0730C4,CB0A,间
1804,0730D6,CB0B,接
1805,0730E8,CB0C,行
1806,0730FA,CB0D,通
1807,073010,CB0E,功
1808,073010,CB0F,功
1809,073110,CB10,体
1810,073122,CB11,系
1811,073134,CB12,武
1812,073146,CB13,率
1813,073158,CB14,很
1814,07316A,CB15,低
1815,07317C,CB16,后
1816,07318E,CB17,无
1817,0731A0,CB18,按
1818,0731B2,CB19,键
1819,0731C4,CB1A,拔
1820,0731D6,CB1B,源
1821,0731E8,CB1C,上
1822,0731FA,CB1D,适
1823,073110,CB1E,体
1824,073110,CB1F,体
1825,073210,CB20,再
1826,073222,CB21,于
1827,073234,CB22,提
1828,073246,CB23,使
1829,073258,CB24,只
1830,07326A,CB25,此
1831,07327C,CB26,过
1832,07328E,CB27,演
1833,0732A0,CB28,个
1834,0732B2,CB29,带
1835,0732C4,CB2A,暂
1836,0732D6,CB2B,停
1837,0732E8,CB2C,数
1838,0732FA,CB2D,据
1839,073210,CB2E,再
1840,073210,CB2F,再
1841,073310,CB30,向
1842,073322,CB31,站
1843,073334,CB32,前
1844,073346,CB33,新
1845,073358,CB34,均
1846,07336A,CB35,Ｙ
1847,07337C,CB36,：
1848,07338E,CB37,设
1849,0733A0,CB38,计
1850,0733B2,CB39,术
1851,0733C4,CB3A,音
1852,0733D6,CB3B,乐
1853,0733E8,CB3C,编
1854,0733FA,CB3D,酒
1855,073310,CB3E,向
1856,073310,CB3F,向
1857,073410,CB40,田
1858,073422,CB41,彦
1859,073434,CB42,小
1860,073446,CB43,宏
1861,073458,CB44,二
1862,07346A,CB45,铃
1863,07347C,CB46,木
1864,07348E,CB47,雄
1865,0734A0,CB48,岛
1866,0734B2,CB49,敬
1867,0734C4,CB4A,郎
1868,0734D6,CB4B,吨
1869,0734E8,CB4C,它
1870,0734FA,CB4D,增
1871,073410,CB4E,田
1872,073410,CB4F,田
1873,073510,CB50,点
1874,073522,CB51,快
1875,073534,CB52,应
1876,073546,CB53,这
1877,073558,CB54,种
1878,07356A,CB55,也
1879,07357C,CB56,叫
1880,07358E,CB57,限
1881,0735A0,CB58,化
1882,0735B2,CB59,色
1883,0735C4,CB5A,映
1884,0735D6,CB5B,脑
1885,0735E8,CB5C,式
1886,0735FA,CB5D,方
1887,073510,CB5E,点
1888,073510,CB5F,点
1889,073610,CB60,％
1890,073622,CB61,可
1891,073634,CB62,次
1892,073646,CB63,伤
1893,073658,CB64,倍
1894,07366A,CB65,给
1895,07367C,CB66,害
1896,07368E,CB67,—
1897,0736A0,CB68,极
1898,0736B2,CB69,供
1899,0736C4,CB6A,好
1900,0736D6,CB6B,惹
1901,0736E8,CB6C,威
1902,0736FA,CB6D,因
1903,073610,CB6E,％
1904,073610,CB6F,％
1905,073710,CB70,而
1906,073722,CB71,效
1907,073734,CB72,作
1908,073746,CB73,联
1909,073758,CB74,专
1910,07376A,CB75,赛
1911,07377C,CB76,冬
1912,07378E,CB77,虽
1913,0737A0,CB78,然
1914,0737B2,CB79,却
1915,0737C4,CB7A,挥
1916,0737D6,CB7B,与
1917,0737E8,CB7C,构
1918,0737FA,CB7D,造
1919,073710,CB7E,而
1920,073710,CB7F,而
1921,073810,CB80,较
1922,073822,CB81,差
1923,073834,CB82,百
1924,073846,CB83,万
1925,073858,CB84,任
1926,07386A,CB85,何
1927,07387C,CB86,场
1928,07388E,CB87,都
1929,0738A0,CB88,广
1930,0738B2,CB89,泛
1931,0738C4,CB8A,稳
1932,0738D6,CB8B,备
1933,0738E8,CB8C,许
1934,0738FA,CB8D,各
1935,073810,CB8E,较
1936,073810,CB8F,较
1937,073910,CB90,走
1938,073922,CB91,废
1939,073934,CB92,旧
1940,073946,CB93,物
1941,073958,CB94,资
1942,07396A,CB95,制
1943,07397C,CB96,凡
1944,07398E,CB97,我
1945,0739A0,CB98,搏
1946,0739B2,CB99,样
1947,0739C4,CB9A,协
1948,0739D6,CB9B,诀
1949,0739E8,CB9C,并
1950,0739FA,CB9D,胁
1951,073910,CB9E,走
1952,073910,CB9F,走
1953,073A10,CBA0,掌
1954,073A22,CBA1,握
1955,073A34,CBA2,…
1956,073A46,CBA3,永
1957,073A58,CBA4,驱
1958,073A6A,CBA5,秘
1959,073A7C,CBA6,现
1960,073A8E,CBA7,视
1961,073AA0,CBA8,什
1962,073AB2,CBA9,么
1963,073AC4,CBAA,历
1964,073AD6,CBAB,哼
1965,073AE8,CBAC,令
1966,073AFA,CBAD,惊
1967,073A10,CBAE,掌
1968,073A10,CBAF,掌
1969,073B10,CBB0,忍
1970,073B22,CBB1,耐
1971,073B34,CBB2,说
1972,073B46,CBB3,明
1973,073B58,CBB4,活
1974,073B6A,CBB5,着
1975,073B7C,CBB6,瞧
1976,073B8E,CBB7,拿
1977,073BA0,CBB8,看
1978,073BB2,CBB9,呀
1979,073BC4,CBBA,别
1980,073BD6,CBBB,意
1981,073BE8,CBBC,去
1982,073BFA,CBBD,吧
1983,073B10,CBBE,忍
1984,073B10,CBBF,忍
1985,073C10,CBC0,领
1986,073C22,CBC1,截
1987,073C34,CBC2,
1988,073C46,CBC3,哇
1989,073C58,CBC4,毛
1990,073C6A,CBC5,贼
1991,073C7C,CBC6,畜
1992,073C8E,CBC7,牲
1993,073CA0,CBC8,哎
1994,073CB2,CBC9,嘿
1995,073CC4,CBCA,见
1996,073CD6,CBCB,鬼
1997,073CE8,CBCC,拼
1998,073CFA,CBCD,怎
1999,073C10,CBCE,领
2000,073C10,CBCF,领
2001,073D10,CBD0,你
2002,073D22,CBD1,输
2003,073D34,CBD2,蛋
2004,073D46,CBD3,晚
2005,073D58,CBD4,又
2006,073D6A,CBD5,尝
2007,073D7C,CBD6,厉
2008,073D8E,CBD7,自
2009,073DA0,CBD8,聪
2010,073DB2,CBD9,狠
2011,073DC4,CBDA,星
2012,073DD6,CBDB,象
2013,073DE8,CBDC,仪
2014,073DFA,CBDD,所
2015,073D10,CBDE,你
2016,073D10,CBDF,你
2017,073E10,CBE0,笑
2018,073E22,CBE1,让
2019,073E34,CBE2,做
2020,073E46,CBE3,亡
2021,073E58,CBE4,魂
2022,073E6A,CBE5,他
2023,073E7C,CBE6,彻
2024,073E8E,CBE7,底
2025,073EA0,CBE8,办
2026,073EB2,CBE9,滚
2027,073EC4,CBEA,处
2028,073ED6,CBEB,乱
2029,073EE8,CBEC,窜
2030,073EFA,CBED,碍
2031,073E10,CBEE,笑
2032,073E10,CBEF,笑
2033,073F10,CBF0,事
2034,073F22,CBF1,儿
2035,073F34,CBF2,救
2036,073F46,CBF3,讨
2037,073F58,CBF4,厌
2038,073F6A,CBF5,慢
2039,073F7C,CBF6,该
2040,073F8E,CBF7,拾
2041,073FA0,CBF8,知
2042,073FB2,CBF9,呢
2043,073FC4,CBFA,启
2044,073FD6,CBFB,搞
2045,073FE8,CBFC,妈
2046,073FFA,CBFD,躲
2047,073F10,CBFE,事
2048,073F10,CBFF,事
2049,074010,D800,醒
2050,074022,D801,鼓
2051,074034,D802,舞
2052,074046,D803,幅
2053,074058,D804,狙
2054,07406A,D805,获
2055,07407C,D806,霸
2056,07408E,D807,王
2057,0740A0,D808,拂
2058,0740B2,D809,晓
2059,0740C4,D80A,牛
2060,0740D6,D80B,弓
2061,0740E8,D80C,夜
2062,0740FA,D80D,嘉
2063,074010,D80E,醒
2064,074010,D80F,醒
2065,074110,D810,迪
2066,074122,D811,莲
2067,074134,D812,鲁
2068,074146,D813,华
2069,074158,D814,昂
2070,07416A,D815,泽
2071,07417C,D816,伽
2072,07418E,D817,铁
2073,0741A0,D818,魔
2074,0741B2,D819,漆
2075,0741C4,D81A,骑
2076,0741D6,D81B,纯
2077,0741E8,D81C,足
2078,0741FA,D81D,茨
2079,074110,D81E,迪
2080,074110,D81F,迪
2081,074210,D820,灾
2082,074222,D821,厄
2083,074234,D822,葵
2084,074246,D823,杀
2085,074258,D824,碧
2086,07426A,D825,汉
2087,07427C,D826,忒
2088,07428E,D827,炎
2089,0742A0,D828,宿
2090,0742B2,D829,堇
2091,0742C4,D82A,疫
2092,0742D6,D82B,皑
2093,0742E8,D82C,奎
2094,0742FA,D82D,琳
2095,074210,D82E,灾
2096,074210,D82F,灾
2097,074310,D830,菲
2098,074322,D831,米
2099,074334,D832,藤
2100,074346,D833,树
2101,074358,D834,河
2102,07436A,D835,愁
2103,07437C,D836,琪
2104,07438E,D837,丝
2105,0743A0,D838,莉
2106,0743B2,D839,娅
2107,0743C4,D83A,蕾
2108,0743D6,D83B,琉
2109,0743E8,D83C,穆
2110,0743FA,D83D,邱
2111,074310,D83E,菲
2112,074310,D83F,菲
2113,074410,D840,蒂
2114,074422,D841,榫
2115,074434,D842,夏
2116,074446,D843,响
2117,074458,D844,邪
2118,07446A,D845,影
2119,07447C,D846,露
2120,07448E,D847,海
2121,0744A0,D848,列
2122,0744B2,D849,卢
2123,0744C4,D84A,祖
2124,0744D6,D84B,培
2125,0744E8,D84C,斐
2126,0744FA,D84D,史
2127,074410,D84E,蒂
2128,074410,D84F,蒂
2129,074510,D850,姬
2130,074522,D851,黛
2131,074534,D852,录
2132,074546,D853,殿
2133,074558,D854,丽
2134,07456A,D855,钢
2135,07457C,D856,耶
2136,07458E,D857,季
2137,0745A0,D858,殊
2138,0745B2,D859,狱
2139,0745C4,D85A,犬
2140,0745D6,D85B,贾
2141,0745E8,D85C,恒
2142,0745FA,D85D,（
2143,074510,D85E,姬
2144,074510,D85F,姬
2145,074610,D860,）
2146,074622,D861,壁
2147,074634,D862,桩
2148,074646,D863,元
2149,074658,D864,歪
2150,07466A,D865,曲
2151,07467C,D866,轨
2152,07468E,D867,融
2153,0746A0,D868,浮
2154,0746B2,D869,聚
2155,0746C4,D86A,镭
2156,0746D6,D86B,裂
2157,0746E8,D86C,迸
2158,0746FA,D86D,浆
2159,074610,D86E,）
2160,074610,D86F,）
2161,074710,D870,割
2162,074722,D871,噬
2163,074734,D872,斩
2164,074746,D873,ν
2165,074758,D874,拳
2166,07476A,D875,触
2167,07477C,D876,·
2168,07478E,D877,狮
2169,0747A0,D878,鹫
2170,0747B2,D879,戈
2171,0747C4,D87A,旗
2172,0747D6,D87B,缪
2173,0747E8,D87C,咆
2174,0747FA,D87D,哮
2175,074710,D87E,割
2176,074710,D87F,割
2177,074810,D880,缩
2178,074822,D881,洞
2179,074834,D882,沮
2180,074846,D883,吩
2181,074858,D884,镍
2182,07486A,D885,牙
2183,07487C,D886,雨
2184,07488E,D887,霰
2185,0748A0,D888,契
2186,0748B2,D889,幻
2187,0748C4,D88A,、
2188,0748D6,D88B,殇
2189,0748E8,D88C,痕
2190,0748FA,D88D,舞
2191,074810,D88E,缩
2192,074810,D88F,缩
2193,074910,D890,隆
2194,074922,D891,杯
2195,074934,D892,圈
2196,074946,D893,群
2197,074958,D894,卷
2198,07496A,D895,冥
2199,07497C,D896,沌
2200,07498E,D897,翔
2201,0749A0,D898,岸
2202,0749B2,D899,范
2203,0749C4,D89A,独
2204,0749D6,D89B,周
2205,0749E8,D89C,寻
2206,0749FA,D89D,押
2207,074910,D89E,隆
2208,074910,D89F,隆
2209,074A10,D8A0,坐
2210,074A22,D8A1,湖
2211,074A34,D8A2,
2212,074A46,D8A3,
2213,074A58,D8A4,师
2214,074A6A,D8A5,Ⅰ
2215,074A7C,D8A6,碳
2216,074A8E,D8A7,Ⅳ
2217,074AA0,D8A8,Ⅴ
2218,074AB2,D8A9,篱
2219,074AC4,D8AA,渗
2220,074AD6,D8AB,屁
2221,074AE8,D8AC,畏
2222,074AFA,D8AD,咦
2223,074A10,D8AE,坐
2224,074A10,D8AF,坐
2225,074B10,D8B0,嘻
2226,074B22,D8B1,叛
2227,074B34,D8B2,淡
2228,074B46,D8B3,涅
2229,074B58,D8B4,骂
2230,074B6A,D8B5,俏
2231,074B7C,D8B6,忌
2232,074B8E,D8B7,
2233,074BA0,D8B8,
2234,074BB2,D8B9,
2235,074BC4,D8BA,
2236,074BD6,D8BB,
2237,074BE8,D8BC,
2238,074BFA,D8BD,
2239,074B10,D8BE,嘻
2240,074B10,D8BF,嘻
2241,074C10,D8C0,
2242,074C22,D8C1,
2243,074C34,D8C2,
2244,074C46,D8C3,
2245,074C58,D8C4,
2246,074C6A,D8C5,
2247,074C7C,D8C6,
2248,074C8E,D8C7,
2249,074CA0,D8C8,
2250,074CB2,D8C9,
2251,074CC4,D8CA,
2252,074CD6,D8CB,
2253,074CE8,D8CC,
2254,074CFA,D8CD,
2255,074C10,D8CE,
2256,074C10,D8CF,
2257,074D10,D8D0,
2258,074D22,D8D1,
2259,074D34,D8D2,
2260,074D46,D8D3,
2261,074D58,D8D4,
2262,074D6A,D8D5,
2263,074D7C,D8D6,
2264,074D8E,D8D7,
2265,074DA0,D8D8,
2266,074DB2,D8D9,
2267,074DC4,D8DA,
2268,074DD6,D8DB,
2269,074DE8,D8DC,
2270,074DFA,D8DD,
2271,074D10,D8DE,
2272,074D10,D8DF,
2273,074E10,D8E0,
2274,074E22,D8E1,
2275,074E34,D8E2,
2276,074E46,D8E3,
2277,074E58,D8E4,
2278,074E6A,D8E5,
2279,074E7C,D8E6,
2280,074E8E,D8E7,
2281,074EA0,D8E8,
2282,074EB2,D8E9,
2283,074EC4,D8EA,
2284,074ED6,D8EB,
2285,074EE8,D8EC,
2286,074EFA,D8ED,
2287,074E10,D8EE,
2288,074E10,D8EF,
2289,074F10,D8F0,
2290,074F22,D8F1,
2291,074F34,D8F2,
2292,074F46,D8F3,
2293,074F58,D8F4,
2294,074F6A,D8F5,
2295,074F7C,D8F6,
2296,074F8E,D8F7,
2297,074FA0,D8F8,
2298,074FB2,D8F9,
2299,074FC4,D8FA,
2300,074FD6,D8FB,
2301,074FE8,D8FC,
2302,074FFA,D8FD,
2303,074F10,D8FE,
2304,074F10,D8FF,
2305,075010,D900,想
2306,075022,D901,喘
2307,075034,D902,息
2308,075046,D903,灰
2309,075058,D904,抱
2310,07506A,D905,头
2311,07507C,D906,鼠
2312,07508E,D907,找
2313,0750A0,D908,受
2314,0750B2,D909,身
2315,0750C4,D90A,补
2316,0750D6,D90B,拦
2317,0750E8,D90C,往
2318,0750FA,D90D,那
2319,075010,D90E,想
2320,075010,D90F,想
2321,075110,D910,啦
2322,075122,D911,们
2323,075134,D912,对
2324,075146,D913,错
2325,075158,D914,胆
2326,07516A,D915,唉
2327,07517C,D916,妙
2328,07518E,D917,算
2329,0751A0,D918,运
2330,0751B2,D919,饶
2331,0751C4,D91A,咱
2332,0751D6,D91B,期
2333,0751E8,D91C,混
2334,0751FA,D91D,够
2335,075110,D91E,啦
2336,075110,D91F,啦
2337,075210,D920,哟
2338,075222,D921,咣
2339,075234,D922,法
2340,075246,D923,怨
2341,075258,D924,呐
2342,07526A,D925,放
2343,07527C,D926,落
2344,07528E,D927,阳
2345,0752A0,D928,配
2346,0752B2,D929,交
2347,0752C4,D92A,听
2348,0752D6,D92B,碰
2349,0752E8,D92C,决
2350,0752FA,D92D,客
2351,075210,D92E,哟
2352,075210,D92F,哟
2353,075310,D930,负
2354,075322,D931,把
2355,075334,D932,仇
2356,075346,D933,抓
2357,075358,D934,试
2358,07536A,D935,检
2359,07537C,D936,嗯
2360,07538E,D937,为
2361,0753A0,D938,介
2362,0753B2,D939,耻
2363,0753C4,D93A,谢
2364,0753D6,D93B,夸
2365,0753E8,D93C,奖
2366,0753FA,D93D,乖
2367,075310,D93E,负
2368,075310,D93F,负
2369,075410,D940,家
2370,075422,D941,管
2371,075434,D942,笨
2372,075446,D943,拙
2373,075458,D944,识
2374,07546A,D945,嗨
2375,07547C,D946,跑
2376,07548E,D947,话
2377,0754A0,D948,伴
2378,0754B2,D949,势
2379,0754C4,D94A,两
2380,0754D6,D94B,立
2381,0754E8,D94C,劲
2382,0754FA,D94D,送
2383,075410,D94E,家
2384,075410,D94F,家
2385,075510,D950,门
2386,075522,D951,呼
2387,075534,D952,喂
2388,075546,D953,久
2389,075558,D954,违
2390,07556A,D955,赶
2391,07557C,D956,时
2392,07558E,D957,候
2393,0755A0,D958,亏
2394,0755B2,D959,才
2395,0755C4,D95A,争
2396,0755D6,D95B,简
2397,0755E8,D95C,单
2398,0755FA,D95D,途
2399,075510,D95E,门
2400,075510,D95F,门
2401,075610,D960,遇
2402,075622,D961,叔
2403,075634,D962,岁
2404,075646,D963,先
2405,075658,D964,谈
2406,07566A,D965,些
2407,07567C,D966,本
2408,07568E,D967,喜
2409,0756A0,D968,肥
2410,0756B2,D969,皂
2411,0756C4,D96A,剧
2412,0756D6,D96B,俗
2413,0756E8,D96C,借
2414,0756FA,D96D,阵
2415,075610,D96E,遇
2416,075610,D96F,遇
2417,075710,D970,紧
2418,075722,D971,张
2419,075734,D972,噢
2420,075746,D973,担
2421,075758,D974,侣
2422,07576A,D975,互
2423,07577C,D976,相
2424,07578E,D977,天
2425,0757A0,D978,女
2426,0757B2,D979,朋
2427,0757C4,D97A,议
2428,0757D6,D97B,吓
2429,0757E8,D97C,跳
2430,0757FA,D97D,嘛
2431,075710,D97E,紧
2432,075710,D97F,紧
2433,075810,D980,商
2434,075822,D981,采
2435,075834,D982,报
2436,075846,D983,北
2437,075858,D984,边
2438,07586A,D985,虚
2439,07587C,D986,弱
2440,07588E,D987,南
2441,0758A0,D988,佯
2442,0758B2,D989,突
2443,0758C4,D98A,袭
2444,0758D6,D98B,白
2445,0758E8,D98C,烦
2446,0758FA,D98D,几
2447,075810,D98E,商
2448,075810,D98F,商
2449,075910,D990,遍
2450,075922,D991,及
2451,075934,D992,其
2452,075946,D993,始
2453,075958,D994,等
2454,07596A,D995,哥
2455,07597C,D996,谁
2456,07598E,D997,欺
2457,0759A0,D998,哪
2458,0759B2,D999,狡
2459,0759C4,D99A,猾
2460,0759D6,D99B,半
2461,0759E8,D99C,航
2462,0759FA,D99D,费
2463,075910,D99E,遍
2464,075910,D99F,遍
2465,075A10,D9A0,更
2466,075A22,D9A1,帮
2467,075A34,D9A2,忙
2468,075A46,D9A3,骗
2469,075A58,D9A4,玩
2470,075A6A,D9A5,轻
2471,075A7C,D9A6,已
2472,075A8E,D9A7,读
2473,075AA0,D9A8,秒
2474,075AB2,D9A9,同
2475,075AC4,D9AA,拖
2476,075AD6,D9AB,迟
2477,075AE8,D9AC,之
2478,075AFA,D9AD,入
2479,075A10,D9AE,更
2480,075A10,D9AF,更
2481,075B10,D9B0,生
2482,075B22,D9B1,袖
2483,075B34,D9B2,旁
2484,075B46,D9B3,观
2485,075B58,D9B4,
2486,075B6A,D9B5,改
2487,075B7C,D9B6,主
2488,075B8E,D9B7,早
2489,075BA0,D9B8,预
2490,075BB2,D9B9,尽
2491,075BC4,D9BA,眼
2492,075BD6,D9BB,伙
2493,075BE8,D9BC,冒
2494,075BFA,D9BD,确
2495,075B10,D9BE,生
2496,075B10,D9BF,生
2497,075C10,D9C0,实
2498,075C22,D9C1,怕
2499,075C34,D9C2,居
2500,075C46,D9C3,展
2501,075C58,D9C4,问
2502,075C6A,D9C5,题
2503,075C7C,D9C6,年
2504,075C8E,D9C7,纪
2505,075CA0,D9C8,位
2506,075CB2,D9C9,未
2507,075CC4,D9CA,属
2508,075CD6,D9CB,爆
2509,075CE8,D9CC,敢
2510,075CFA,D9CD,抗
2511,075C10,D9CE,实
2512,075C10,D9CF,实
2513,075D10,D9D0,求
2514,075D22,D9D1,环
2515,075D34,D9D2,境
2516,075D46,D9D3,昏
2517,075D58,D9D4,如
2518,075D6A,D9D5,果
2519,075D7C,D9D6,留
2520,075D8E,D9D7,乃
2521,075DA0,D9D8,遗
2522,075DB2,D9D9,憾
2523,075DC4,D9DA,规
2524,075DD6,D9DB,律
2525,075DE8,D9DC,难
2526,075DFA,D9DD,掉
2527,075D10,D9DE,求
2528,075D10,D9DF,求
2529,075E10,D9E0,容
2530,075E22,D9E1,总
2531,075E34,D9E2,觉
2532,075E46,D9E3,终
2533,075E58,D9E4,少
2534,075E6A,D9E5,忘
2535,075E7C,D9E6,日
2536,075E8E,D9E7,千
2537,075EA0,D9E8,当
2538,075EB2,D9E9,妹
2539,075EC4,D9EA,望
2540,075ED6,D9EB,分
2541,075EE8,D9EC,钟
2542,075EFA,D9ED,危
2543,075E10,D9EE,容
2544,075E10,D9EF,容
2545,075F10,D9F0,险
2546,075F22,D9F1,剩
2547,075F34,D9F2,折
2548,075F46,D9F3,磨
2549,075F58,D9F4,苦
2550,075F6A,D9F5,付
2551,075F7C,D9F6,孩
2552,075F8E,D9F7,纬
2553,075FA0,D9F8,纽
2554,075FB2,D9F9,附
2555,075FC4,D9FA,孤
2556,075FD6,D9FB,注
2557,075FE8,D9FC,掷
2558,075FFA,D9FD,答
2559,075F10,D9FE,险
2560,075F10,D9FF,险
2561,076010,DA00,层
2562,076022,DA01,偏
2563,076034,DA02,余
2564,076046,DA03,政
2565,076058,DA04,划
2566,07606A,DA05,司
2567,07607C,DA06,销
2568,07608E,DA07,第
2569,0760A0,DA08,官
2570,0760B2,DA09,职
2571,0760C4,DA0A,务
2572,0760D6,DA0B,挽
2573,0760E8,DA0C,名
2574,0760FA,DA0D,誉
2575,076010,DA0E,层
2576,076010,DA0F,层
2577,076110,DA10,告
2578,076122,DA11,祝
2579,076134,DA12,纸
2580,076146,DA13,糊
2581,076158,DA14,乘
2582,07616A,DA15,追
2583,07617C,DA16,急
2584,07618E,DA17,退
2585,0761A0,DA18,支
2586,0761B2,DA19,她
2587,0761C4,DA1A,绕
2588,0761D6,DA1B,引
2589,0761E8,DA1C,诱
2590,0761FA,DA1D,迫
2591,076110,DA1E,告
2592,076110,DA1F,告
2593,076210,DA20,密
2594,076222,DA21,洗
2595,076234,DA22,澡
2596,076246,DA23,浑
2597,076258,DA24,粘
2598,07626A,DA25,嘘
2599,07627C,DA26,偷
2600,07628E,DA27,摸
2601,0762A0,DA28,包
2602,0762B2,DA29,围
2603,0762C4,DA2A,占
2604,0762D6,DA2B,服
2605,0762E8,DA2C,帐
2606,0762FA,DA2D,拥
2607,076210,DA2E,密
2608,076210,DA2F,密
2609,076310,DA30,学
2610,076322,DA31,技
2611,076334,DA32,兴
2612,076346,DA33,愿
2613,076358,DA34,己
2614,07636A,DA35,品
2615,07637C,DA36,舒
2616,07638E,DA37,亲
2617,0763A0,DA38,封
2618,0763B2,DA39,闭
2619,0763C4,DA3A,憎
2620,0763D6,DA3B,恨
2621,0763E8,DA3C,毁
2622,0763FA,DA3D,睁
2623,076310,DA3E,学
2624,076310,DA3F,学
2625,076410,DA40,睛
2626,076422,DA41,怜
2627,076434,DA42,蓝
2628,076446,DA43,巧
2629,076458,DA44,堆
2630,07646A,DA45,狼
2631,07647C,DA46,绍
2632,07648E,DA47,孔
2633,0764A0,DA48,况
2634,0764B2,DA49,幸
2635,0764C4,DA4A,谅
2636,0764D6,DA4B,仰
2637,0764E8,DA4C,示
2638,0764FA,DA4D,直
2639,076410,DA4E,睛
2640,076410,DA4F,睛
2641,076510,DA50,今
2642,076522,DA51,困
2643,076534,DA52,努
2644,076546,DA53,腔
2645,076558,DA54,调
2646,07656A,DA55,故
2647,07657C,DA56,玄
2648,07658E,DA57,唬
2649,0765A0,DA58,炸
2650,0765B2,DA59,鸣
2651,0765C4,DA5A,挨
2652,0765D6,DA5B,糟
2653,0765E8,DA5C,糕
2654,0765FA,DA5D,灵
2655,076510,DA5E,今
2656,076510,DA5F,今
2657,076610,DA60,监
2658,076622,DA61,舷
2659,076634,DA62,模
2660,076646,DA63,疼
2661,076658,DA64,嗷
2662,07666A,DA65,妖
2663,07667C,DA66,怪
2664,07668E,DA67,擦
2665,0766A0,DA68,老
2666,0766B2,DA69,惜
2667,0766C4,DA6A,帝
2668,0766D6,DA6B,般
2669,0766E8,DA6C,靠
2670,0766FA,DA6D,霉
2671,076610,DA6E,监
2672,076610,DA6F,监
2673,076710,DA70,招
2674,076722,DA71,架
2675,076734,DA72,猎
2676,076746,DA73,侦
2677,076758,DA74,察
2678,07676A,DA75,控
2679,07677C,DA76,呵
2680,07678E,DA77,犯
2681,0767A0,DA78,误
2682,0767B2,DA79,措
2683,0767C4,DA7A,挺
2684,0767D6,DA7B,熟
2685,0767E8,DA7C,仗
2686,0767FA,DA7D,世
2687,076710,DA7E,招
2688,076710,DA7F,招
2689,076810,DA80,隔
2690,076822,DA81,绝
2691,076834,DA82,教
2692,076846,DA83,店
2693,076858,DA84,校
2694,07686A,DA85,随
2695,07687C,DA86,便
2696,07688E,DA87,刺
2697,0768A0,DA88,肉
2698,0768B2,DA89,食
2699,0768C4,DA8A,乎
2700,0768D6,DA8B,酷
2701,0768E8,DA8C,叛
2702,0768FA,DA8D,徒
2703,076810,DA8E,隔
2704,076810,DA8F,隔
2705,076910,DA90,智
2706,076922,DA91,常
2707,076934,DA92,刻
2708,076946,DA93,操
2709,076958,DA94,纵
2710,07696A,DA95,优
2711,07697C,DA96,越
2712,07698E,DA97,认
2713,0769A0,DA98,勉
2714,0769B2,DA99,残
2715,0769C4,DA9A,欢
2716,0769D6,DA9B,论
2717,0769E8,DA9C,信
2718,0769FA,DA9D,漂
2719,076910,DA9E,智
2720,076910,DA9F,智
2721,076A10,DAA0,亮
2722,076A22,DAA1,条
2723,076A34,DAA2,严
2724,076A46,DAA3,恶
2725,076A58,DAA4,吃
2726,076A6A,DAA5,旦
2727,076A7C,DAA6,号
2728,076A8E,DAA7,侵
2729,076AA0,DAA8,者
2730,076AB2,DAA9,迎
2731,076AC4,DAAA,首
2732,076AD6,DAAB,整
2733,076AE8,DAAC,核
2734,076AFA,DAAD,蛮
2735,076A10,DAAE,亮
2736,076A10,DAAF,亮
2737,076B10,DAB0,减
2738,076B22,DAB1,或
2739,076B34,DAB2,延
2740,076B46,DAB3,充
2741,076B58,DAB4,某
2742,076B6A,DAB5,讯
2743,076B7C,DAB6,略
2744,076B8E,DAB7,取
2745,076BA0,DAB8,抢
2746,076BB2,DAB9,慎
2747,076BC4,DABA,诡
2748,076BD6,DABB,释
2749,076BE8,DABC,谓
2750,076BFA,DABD,流
2751,076B10,DABE,减
2752,076B10,DABF,减
2753,076C10,DAC0,民
2754,076C22,DAC1,哦
2755,076C34,DAC2,伏
2756,076C46,DAC3,套
2757,076C58,DAC4,野
2758,076C6A,DAC5,袱
2759,076C7C,DAC6,座
2760,076C8E,DAC7,城
2761,076CA0,DAC8,市
2762,076CB2,DAC9,油
2763,076CC4,DACA,削
2764,076CD6,DACB,洲
2765,076CE8,DACC,断
2766,076CFA,DACD,患
2767,076C10,DACE,民
2768,076C10,DACF,民
2769,076D10,DAD0,粗
2770,076D22,DAD1,障
2771,076D34,DAD2,囚
2772,076D46,DAD3,禁
2773,076D58,DAD4,趁
2774,076D6A,DAD5,除
2775,076D7C,DAD6,岂
2776,076D8E,DAD7,恐
2777,076DA0,DAD8,扑
2778,076DB2,DAD9,黑
2779,076DC4,DADA,浓
2780,076DD6,DADB,赖
2781,076DE8,DADC,谍
2782,076DFA,DADD,训
2783,076D10,DADE,粗
2784,076D10,DADF,粗
2785,076E10,DAE0,掩
2786,076E22,DAE1,举
2787,076E34,DAE2,妄
2788,076E46,DAE3,凭
2789,076E58,DAE4,建
2790,076E6A,DAE5,猜
2791,076E7C,DAE6,派
2792,076E8E,DAE7,跟
2793,076EA0,DAE8,哄
2794,076EB2,DAE9,脏
2795,076EC4,DAEA,沙
2796,076ED6,DAEB,丑
2797,076EE8,DAEC,八
2798,076EFA,DAED,宝
2799,076E10,DAEE,掩
2800,076E10,DAEF,掩
2801,076F10,DAF0,虫
2802,076F22,DAF1,堂
2803,076F34,DAF2,脸
2804,076F46,DAF3,诉
2805,076F58,DAF4,仅
2806,076F6A,DAF5,满
2807,076F7C,DAF6,区
2808,076F8E,DAF7,恬
2809,076FA0,DAF8,清
2810,076FB2,DAF9,楚
2811,076FC4,DAFA,选
2812,076FD6,DAFB,择
2813,076FE8,DAFC,测
2814,076FFA,DAFD,域
2815,076F10,DAFE,虫
2816,076F10,DAFF,虫
2817,077010,DB00,埋
2818,077022,DB01,叙
2819,077034,DB02,香
2820,077046,DB03,港
2821,077058,DB04,仍
2822,07706A,DB05,戒
2823,07707C,DB06,森
2824,07708E,DB07,集
2825,0770A0,DB08,库
2826,0770B2,DB09,迷
2827,0770C4,DB0A,惑
2828,0770D6,DB0B,痛
2829,0770E8,DB0C,静
2830,0770FA,DB0D,猛
2831,077010,DB0E,埋
2832,077010,DB0F,埋
2833,077110,DB10,批
2834,077122,DB11,烧
2835,077134,DB12,室
2836,077146,DB13,拜
2837,077158,DB14,阁
2838,07716A,DB15,节
2839,07717C,DB16,月
2840,07718E,DB17,幼
2841,0771A0,DB18,稚
2842,0771B2,DB19,吵
2843,0771C4,DB1A,顾
2844,0771D6,DB1B,添
2845,0771E8,DB1C,麻
2846,0771FA,DB1D,沉
2847,077110,DB1E,批
2848,077110,DB1F,批
2849,077210,DB20,药
2850,077222,DB21,催
2851,077234,DB22,眠
2852,077246,DB23,忆
2853,077258,DB24,巨
2854,07726A,DB25,逼
2855,07727C,DB26,车
2856,07728E,DB27,似
2857,0772A0,DB28,摧
2858,0772B2,DB29,礼
2859,0772C4,DB2A,貌
2860,0772D6,DB2B,弃
2861,0772E8,DB2C,暗
2862,0772FA,DB2D,投
2863,077210,DB2E,药
2864,077210,DB2F,药
2865,077310,DB30,秩
2866,077322,DB31,序
2867,077334,DB32,陷
2868,077346,DB33,痴
2869,077358,DB34,慌
2870,07736A,DB35,讲
2871,07737C,DB36,袒
2872,07738E,DB37,谋
2873,0773A0,DB38,词
2874,0773B2,DB39,恰
2875,0773C4,DB3A,创
2876,0773D6,DB3B,照
2877,0773E8,DB3C,稍
2878,0773FA,DB3D,详
2879,077310,DB3E,秩
2880,077310,DB3F,秩
2881,077410,DB40,细
2882,077422,DB41,病
2883,077434,DB42,挑
2884,077446,DB43,君
2885,077458,DB44,疏
2886,07746A,DB45,忽
2887,07747C,DB46,烈
2888,07748E,DB47,夺
2889,0774A0,DB48,声
2890,0774B2,DB49,捡
2891,0774C4,DB4A,瓶
2892,0774D6,DB4B,６
2893,0774E8,DB4C,殖
2894,0774FA,DB4D,盘
2895,077410,DB4E,细
2896,077410,DB4F,细
2897,077510,DB50,径
2898,077522,DB51,公
2899,077534,DB52,垮
2900,077546,DB53,微
2901,077558,DB54,产
2902,07756A,DB55,良
2903,07757C,DB56,吞
2904,07758E,DB57,闲
2905,0775A0,DB58,肤
2906,0775B2,DB59,初
2907,0775C4,DB5A,懂
2908,0775D6,DB5B,彩
2909,0775E8,DB5C,梦
2910,0775FA,DB5D,浪
2911,077510,DB5E,径
2912,077510,DB5F,径
2913,077610,DB60,耍
2914,077622,DB61,诸
2915,077634,DB62,悔
2916,077646,DB63,牵
2917,077658,DB64,宜
2918,07766A,DB65,策
2919,07767C,DB66,统
2920,07768E,DB67,致
2921,0776A0,DB68,盟
2922,0776B2,DB69,缺
2923,0776C4,DB6A,欣
2924,0776D6,DB6B,赏
2925,0776E8,DB6C,掐
2926,0776FA,DB6D,换
2927,077610,DB6E,耍
2928,077610,DB6F,耍
2929,077710,DB70,犹
2930,077722,DB71,豫
2931,077734,DB72,８
2932,077746,DB73,异
2933,077758,DB74,胡
2934,07776A,DB75,访
2935,07777C,DB76,脱
2936,07778E,DB77,井
2937,0777A0,DB78,呸
2938,0777B2,DB79,劣
2939,0777C4,DB7A,段
2940,0777D6,DB7B,营
2941,0777E8,DB7C,松
2942,0777FA,DB7D,荒
2943,077710,DB7E,犹
2944,077710,DB7F,犹
2945,077810,DB80,凉
2946,077822,DB81,冰
2947,077834,DB82,且
2948,077846,DB83,阔
2949,077858,DB84,寂
2950,07786A,DB85,练
2951,07787C,DB86,锐
2952,07788E,DB87,陪
2953,0778A0,DB88,昔
2954,0778B2,DB89,涡
2955,0778C4,DB8A,固
2956,0778D6,DB8B,喝
2957,0778E8,DB8C,●
2958,0778FA,DB8D,返
2959,077810,DB8E,凉
2960,077810,DB8F,凉
2961,077910,DB90,预
2962,077922,DB91,则
2963,077934,DB92,爷
2964,077946,DB93,默
2965,077958,DB94,娘
2966,07796A,DB95,敖
2967,07797C,DB96,佐
2968,07798E,DB97,歉
2969,0779A0,DB98,淘
2970,0779B2,DB99,汰
2971,0779C4,DB9A,锻
2972,0779D6,DB9B,炼
2973,0779E8,DB9C,冤
2974,0779FA,DB9D,挡
2975,077910,DB9E,预
2976,077910,DB9F,预
2977,077A10,DBA0,味
2978,077A22,DBA1,泄
2979,077A34,DBA2,缓
2980,077A46,DBA3,疑
2981,077A58,DBA4,瞎
2982,077A6A,DBA5,排
2983,077A7C,DBA6,妥
2984,077A8E,DBA7,骄
2985,077AA0,DBA8,傲
2986,077AB2,DBA9,恕
2987,077AC4,DBAA,既
2988,077AD6,DBAB,参
2989,077AE8,DBAC,软
2990,077AFA,DBAD,概
2991,077A10,DBAE,味
2992,077A10,DBAF,味
2993,077B10,DBB0,缘
2994,077B22,DBB1,界
2995,077B34,DBB2,笼
2996,077B46,DBB3,罩
2997,077B58,DBB4,丧
2998,077B6A,DBB5,逐
2999,077B7C,DBB6,辛
3000,077B8E,DBB7,替
3001,077BA0,DBB8,买
3002,077BB2,DBB9,您
3003,077BC4,DBBA,例
3004,077BD6,DBBB,慧
3005,077BE8,DBBC,临
3006,077BFA,DBBD,绞
3007,077B10,DBBE,缘
3008,077B10,DBBF,缘
3009,077C10,DBC0,汁
3010,077C22,DBC1,抵
3011,077C34,DBC2,征
3012,077C46,DBC3,迅
3013,077C58,DBC4,纷
3014,077C6A,DBC5,迹
3015,077C7C,DBC6,句
3016,077C8E,DBC7,若
3017,077CA0,DBC8,短
3018,077CB2,DBC9,贵
3019,077CC4,DBCA,漩
3020,077CD6,DBCB,蜃
3021,077CE8,DBCC,楼
3022,077CFA,DBCD,隐
3023,077C10,DBCE,汁
3024,077C10,DBCF,汁
3025,077D10,DBD0,
3026,077D22,DBD1,
3027,077D34,DBD2,
3028,077D46,DBD3,
3029,077D58,DBD4,
3030,077D6A,DBD5,
3031,077D7C,DBD6,
3032,077D8E,DBD7,
3033,077DA0,DBD8,
3034,077DB2,DBD9,
3035,077DC4,DBDA,
3036,077DD6,DBDB,
3037,077DE8,DBDC,
3038,077DFA,DBDD,
3039,077D10,DBDE,
3040,077D10,DBDF,
3041,077E10,DBE0,
3042,077E22,DBE1,
3043,077E34,DBE2,
3044,077E46,DBE3,
3045,077E58,DBE4,
3046,077E6A,DBE5,
3047,077E7C,DBE6,
3048,077E8E,DBE7,
3049,077EA0,DBE8,
3050,077EB2,DBE9,
3051,077EC4,DBEA,
3052,077ED6,DBEB,
3053,077EE8,DBEC,
3054,077EFA,DBED,
3055,077E10,DBEE,
3056,077E10,DBEF,
3057,077F10,DBF0,
3058,077F22,DBF1,
3059,077F34,DBF2,
3060,077F46,DBF3,
3061,077F58,DBF4,
3062,077F6A,DBF5,
3063,077F7C,DBF6,
3064,077F8E,DBF7,
3065,077FA0,DBF8,
3066,077FB2,DBF9,
3067,077FC4,DBFA,
3068,077FD6,DBFB,
3069,077FE8,DBFC,
3070,077FFA,DBFD,
3071,077F10,DBFE,
3072,077F10,DBFF,
3073,00,00,
3074,00,01,
3075,00,02,
3076,00,03,
3077,00,04,
3078,00,05,
3079,00,06,
3080,00,07,
3081,00,08,
3082,00,09,
3083,00,0A,
3084,00,0B,
3085,00,0C,
3086,00,0D,
3087,00,0E,
3088,00,0F,
3089,00,10,
3090,00,11,
3091,00,12,
3092,00,13,
3093,00,14,
3094,00,15,
3095,00,16,
3096,00,17,
3097,00,18,
3098,00,19,
3099,00,1A,
3100,00,1B,
3101,00,1C,
3102,00,1D,
3103,00,1E,
3104,00,1F,
3105,00,20,
3106,00,21,
3107,00,22,
3108,00,23,
3109,00,24,
3110,00,25,
3111,00,26,
3112,00,27,
3113,00,28,
3114,00,29,
3115,00,2A,
3116,00,2B,
3117,00,2C,
3118,00,2D,：
3119,00,2E,.
3120,00,2F,！
3121,00,30,0
3122,00,31,1
3123,00,32,2
3124,00,33,3
3125,00,34,4
3126,00,35,5
3127,00,36,6
3128,00,37,7
3129,00,38,8
3130,00,39,9
3131,00,3A,
3132,00,3B,
3133,00,3C,
3134,00,3D,
3135,00,3E,
3136,00,3F,
3137,00,40,
3138,00,41,
3139,00,42,
3140,00,43,
3141,00,44,
3142,00,45,
3143,00,46,
3144,00,47,
3145,00,48,
3146,00,49,
3147,00,4A,
3148,00,4B,
3149,00,4C,
3150,00,4D,
3151,00,4E,
3152,00,4F,
3153,00,50,
3154,00,51,
3155,00,52,
3156,00,53,
3157,00,54,
3158,00,55,
3159,00,56,
3160,00,57,
3161,00,58,
3162,00,59,
3163,00,5A,
3164,00,5B,
3165,00,5C,
3166,00,5D,
3167,00,5E,
3168,00,5F,
3169,00,60,
3170,00,61,
3171,00,62,
3172,00,63,
3173,00,64,
3174,00,65,
3175,00,66,
3176,00,67,
3177,00,68,
3178,00,69,
3179,00,6A,
3180,00,6B,
3181,00,6C,
3182,00,6D,
3183,00,6E,
3184,00,6F,
3185,00,70,
3186,00,71,
3187,00,72,
3188,00,73,
3189,00,74,
3190,00,75,
3191,00,76,
3192,00,77,
3193,00,78,
3194,00,79,
3195,00,7A,
3196,00,7B,
3197,00,7C,
3198,00,7D,
3199,00,7E,
3200,00,7F,
3201,00,80,A
3202,00,81,B
3203,00,82,C
3204,00,83,D
3205,00,84,E
3206,00,85,F
3207,00,86,G
3208,00,87,H
3209,00,88,I
3210,00,89,J
3211,00,8A,K
3212,00,8B,L
3213,00,8C,M
3214,00,8D,N
3215,00,8E,O
3216,00,8F,P
3217,00,90,Q
3218,00,91,R
3219,00,92,S
3220,00,93,T
3221,00,94,U
3222,00,95,V
3223,00,96,W
3224,00,97,X
3225,00,98,Y
3226,00,99,Z
3227,00,9A,+
3228,00,9B,，
3229,00,9C,。
3230,00,9D,
3231,00,9E,？
3232,00,9F,/
3233,00,A0,%
3234,00,A1,¨
3235,00,A2,-
3236,00,A3,
3237,00,A4,
3238,00,A5,
3239,00,A6,
3240,00,A7,
3241,00,A8,
3242,00,A9,
3243,00,AA,
3244,00,AB,
3245,00,AC,
3246,00,AD,
3247,00,AE,
3248,00,AF,_
3249,00,B0,
3250,00,B1,
3251,00,B2,
3252,00,B3,
3253,00,B4,
3254,00,B5,
3255,00,B6,
3256,00,B7,
3257,00,B8,
3258,00,B9,
3259,00,BA,
3260,00,BB,
3261,00,BC,
3262,00,BD,
3263,00,BE,
3264,00,BF,
3265,00,C0,
3266,00,C1,
3267,00,C2,
3268,00,C3,
3269,00,C4,
3270,00,C5,
3271,00,C6,
3272,00,C7,
3273,00,C8,
3274,00,C9,
3275,00,CA,
3276,00,CB,
3277,00,CC,
3278,00,CD,
3279,00,CE,
3280,00,CF,
3281,00,D0,
3282,00,D1,
3283,00,D2,
3284,00,D3,
3285,00,D4,
3286,00,D5,
3287,00,D6,
3288,00,D7,
3289,00,D8,
3290,00,D9,
3291,00,DA,
3292,00,DB,
3293,00,DC,
3294,00,DD,
3295,00,DE,
3296,00,DF,
3297,00,E0,
3298,00,E1,
3299,00,E2,
3300,00,E3,
3301,00,E4,
3302,00,E5,
3303,00,E6,
3304,00,E7,
3305,00,E8,
3306,00,E9,
3307,00,EA,
3308,00,EB,
3309,00,EC,
3310,00,ED,
3311,00,EE,
3312,00,EF,
3313,00,F0,&
3314,00,F1,@
3315,00,F2,\
3316,00,F3,
3317,00,F4,
3318,00,F5,*
3319,00,F6,】
3320,00,F7,
3321,00,F8,
3322,00,F9,【
3323,00,FA,
3324,00,FB,
3325,00,FC,
3326,00,FD,
3327,00,FE,
3328,00,FF,
